lemma,count_cie10,pos_cie10,count_codiesp,pos_codiesp,total_count
contacto,38306,NOUN,27,NOUN,38333
fractura,36297,NOUN,39,NOUN,36336
especificado,35482,ADJ,2,ADJ,35484
sucesivo,22039,ADJ,8,ADJ,22047
izquierdo,15396,ADJ,575,ADJ,15971
derecho,15028,PROPN,583,NOUN,15611
inicial,14461,ADJ,58,ADJ,14519
secuela,12375,NOUN,10,NOUN,12385
tipo,10550,NOUN,138,NOUN,10688
abierto,7514,ADJ,14,ADJ,7528
accidente,6336,NOUN,25,NOUN,6361
desplazamiento,6291,PROPN,22,NOUN,6313
consolidación,6046,NOUN,5,NOUN,6051
traumatismo,5984,NOUN,37,NOUN,6021
desplazado,5757,ADJ,3,ADJ,5760
vehículo,5650,NOUN,1,NOUN,5651
pie,5562,NOUN,39,NOUN,5601
colisión,5559,NOUN,2,NOUN,5561
nivel,5061,NOUN,294,NOUN,5355
mano,5237,NOUN,44,NOUN,5281
tráfico,5249,NOUN,3,NOUN,5252
dedo,4911,NOUN,26,NOUN,4937
cuerpo,4213,NOUN,68,NOUN,4281
grado,3839,NOUN,89,NOUN,3928
inferior,3684,ADJ,213,ADJ,3897
cerrado,3870,ADJ,7,ADJ,3877
efecto,3823,NOUN,28,NOUN,3851
desgarro,3708,NOUN,4,NOUN,3712
debido,3546,ADJ,88,ADJ,3634
extraño,3539,ADJ,9,ADJ,3548
superior,3269,ADJ,179,ADJ,3448
extremo,3212,ADJ,18,NOUN,3230
fémur,3126,NOUN,2,NOUN,3128
fracaso,3094,NOUN,14,NOUN,3108
rutinario,3035,ADJ,14,ADJ,3049
cura,3027,NOUN,15,NOUN,3042
retardo,3028,NOUN,1,NOUN,3029
muñeca,3013,NOUN,9,NOUN,3022
trastorno,2964,NOUN,24,NOUN,2988
músculo,2932,NOUN,51,NOUN,2983
ojo,2618,NOUN,252,NOUN,2870
lesión,2358,NOUN,489,NOUN,2847
pierna,2756,NOUN,32,NOUN,2788
unión,2678,PROPN,12,PROPN,2690
tendón,2670,NOUN,2,NOUN,2672
parte,2546,NOUN,82,NOUN,2628
tóxico,2594,ADJ,20,NOUN,2614
intencionado,2597,ADJ,1,ADJ,2598
extremidad,2535,NOUN,59,NOUN,2594
iiic,2551,NOUN,1,PROPN,2552
enfermedad,2359,NOUN,153,NOUN,2512
traumático,2465,ADJ,10,ADJ,2475
brazo,2403,NOUN,14,NOUN,2417
quemadura,2250,NOUN,12,NOUN,2262
tobillo,2172,NOUN,16,NOUN,2188
articulación,2164,NOUN,21,NOUN,2185
hombro,2170,NOUN,7,NOUN,2177
radio,2125,NOUN,9,NOUN,2134
lado,2034,NOUN,42,NOUN,2076
fascia,2060,NOUN,6,NOUN,2066
tibia,1957,NOUN,4,NOUN,1961
localización,1893,NOUN,28,NOUN,1921
primero,1749,ADJ,163,ADJ,1912
bajo,1721,ADP,143,ADP,1864
ser,86,AUX,1680,AUX,1766
cúbito,1754,NOUN,1,NOUN,1755
trimestre,1745,NOUN,3,NOUN,1748
segundo,1672,ADJ,70,ADJ,1742
húmero,1732,NOUN,3,NOUN,1735
medio,1585,NOUN,96,ADJ,1681
tercer,1648,ADJ,29,ADJ,1677
agresión,1659,NOUN,3,NOUN,1662
cadera,1637,NOUN,18,NOUN,1655
superficial,1624,ADJ,30,ADJ,1654
neoplasia,1581,NOUN,47,NOUN,1628
antebrazo,1611,NOUN,2,NOUN,1613
accidental,1596,ADJ,5,ADJ,1601
persona,1574,NOUN,4,NOUN,1578
externo,1480,ADJ,79,ADJ,1559
arteria,1501,NOUN,55,NOUN,1556
pared,1447,NOUN,87,NOUN,1534
rodilla,1497,NOUN,24,NOUN,1521
daño,1503,NOUN,10,NOUN,1513
ocupante,1504,ADJ,7,ADJ,1511
feto,1494,NOUN,4,ADJ,1498
luxación,1437,NOUN,7,NOUN,1444
cuello,1396,NOUN,36,NOUN,1432
vértebra,1423,ADJ,4,NOUN,1427
fármaco,1370,NOUN,31,NOUN,1401
pulgar,1394,NOUN,2,ADJ,1396
paciente,171,NOUN,1209,NOUN,1380
conductor,1376,NOUN,1,NOUN,1377
complicación,1291,NOUN,85,NOUN,1376
síndrome,1268,NOUN,101,NOUN,1369
especificada,1362,ADJ,1,ADJ,1363
determinar,1326,VERB,22,VERB,1348
agudo,1240,ADJ,102,ADJ,1342
herida,1286,NOUN,48,NOUN,1334
coche,1299,NOUN,6,NOUN,1305
rueda,1298,NOUN,6,NOUN,1304
después,1065,ADV,237,ADV,1302
interno,1192,ADJ,92,ADJ,1284
patológico,1173,ADJ,108,ADJ,1281
tres,1146,NUM,130,NUM,1276
posterior,1085,ADJ,183,ADJ,1268
bilateral,1115,ADJ,150,ADJ,1265
embarazo,1243,NOUN,22,NOUN,1265
crónico,1170,ADJ,91,ADJ,1261
vena,1192,NOUN,50,NOUN,1242
punzante,1211,ADJ,5,ADJ,1216
múltiple,1127,ADJ,88,ADJ,1215
adverso,1190,ADJ,16,ADJ,1206
anterior,1060,ADJ,142,ADJ,1202
muslo,1159,NOUN,39,NOUN,1198
pérdida,1096,NOUN,100,NOUN,1196
peroné,1185,NOUN,3,NOUN,1188
maligno,1146,ADJ,33,ADJ,1179
pesado,1155,ADJ,1,ADJ,1156
cervical,1068,ADJ,58,NOUN,1126
atención,1091,NOUN,27,NOUN,1118
nervio,1066,NOUN,45,NOUN,1111
objeto,1091,NOUN,6,NOUN,1097
falange,1093,NOUN,1,NOUN,1094
materno,1073,ADJ,9,ADJ,1082
caída,1066,NOUN,13,NOUN,1079
hueso,1036,NOUN,24,NOUN,1060
hemorragia,1000,NOUN,60,NOUN,1060
contusión,1049,NOUN,9,NOUN,1058
mordedura,1057,NOUN,1,NOUN,1058
región,944,NOUN,105,NOUN,1049
conciencia,1037,NOUN,11,NOUN,1048
esguince,1032,NOUN,3,NOUN,1035
codo,1013,NOUN,8,NOUN,1021
tórax,912,NOUN,98,NOUN,1010
militar,971,ADJ,2,ADJ,973
sanguíneo,917,ADJ,48,ADJ,965
vaso,928,NOUN,33,NOUN,961
inducido,955,ADJ,1,ADJ,956
operación,950,NOUN,6,NOUN,956
presión,881,NOUN,72,NOUN,953
tratamiento,113,NOUN,837,NOUN,950
cerebral,895,ADJ,49,ADJ,944
párpado,910,NOUN,20,NOUN,930
amputación,922,NOUN,4,NOUN,926
cabeza,900,NOUN,26,NOUN,926
cavidad,855,NOUN,46,NOUN,901
infección,842,NOUN,57,NOUN,899
completo,799,ADJ,95,ADJ,894
órgano,880,NOUN,11,NOUN,891
dos,636,NUM,253,NUM,889
abdominal,631,ADV,255,ADJ,886
rotura,861,NOUN,13,NOUN,874
presentar,3,VERB,870,VERB,873
tras,447,ADP,425,ADP,872
tejido,736,NUM,121,NOUN,857
año,34,NOUN,821,NOUN,855
mecánico,828,ADJ,24,ADJ,852
realizar,2,VERB,815,VERB,817
parto,789,NOUN,22,NOUN,811
personal,643,ADJ,120,ADJ,763
día,44,NOUN,718,NOUN,762
renal,451,ADJ,310,ADJ,761
sustancia,744,NOUN,8,NOUN,752
diabetes,707,NOUN,31,NOUN,738
índice,713,NOUN,25,NOUN,738
fuego,728,NOUN,5,NOUN,733
dispositivo,719,NOUN,6,NOUN,725
artritis,710,NOUN,14,NOUN,724
mellitus,699,NOUN,24,NOUN,723
apófisis,711,NOUN,9,NOUN,720
lateral,664,ADJ,53,ADJ,717
hora,426,NOUN,286,NOUN,712
secundario,600,ADJ,105,ADJ,705
herido,699,ADJ,4,ADJ,703
prótesis,672,NOUN,28,NOUN,700
actual,670,ADJ,28,ADJ,698
distensión,682,NOUN,16,NOUN,698
cóndilo,686,PROPN,11,PROPN,697
fetal,691,ADJ,4,ADJ,695
oído,685,NOUN,10,NOUN,695
parcial,638,ADJ,56,ADJ,694
ligamento,687,NOUN,4,NOUN,691
exposición,665,NOUN,21,NOUN,686
anular,684,VERB,1,VERB,685
exterior,677,NOUN,1,NOUN,678
injerto,635,NOUN,38,NOUN,673
conminuto,667,ADJ,1,ADJ,668
dolor,304,NOUN,362,NOUN,666
normal,55,ADJ,583,ADJ,638
congénito,632,ADJ,5,ADJ,637
proximal,602,ADJ,30,ADJ,632
torácico,579,ADJ,51,ADJ,630
excepto,612,ADP,18,ADP,630
arma,622,NOUN,6,NOUN,628
relacionado,606,ADJ,15,ADJ,621
úlcero,617,ADJ,4,ADJ,621
animal,614,ADJ,7,NOUN,621
agente,615,NOUN,2,NOUN,617
medial,604,ADJ,10,ADJ,614
venenoso,610,ADJ,1,ADJ,611
segmentario,600,ADJ,9,ADJ,609
edad,396,NOUN,206,NOUN,602
afectación,492,NOUN,108,NOUN,600
espinal,597,ADJ,2,ADJ,599
oblicuo,596,ADJ,2,ADJ,598
gota,589,NOUN,7,NOUN,596
reacción,582,NOUN,14,NOUN,596
causa,555,NOUN,34,NOUN,589
mes,3,NOUN,582,NOUN,585
distal,533,ADJ,43,ADJ,576
piel,518,NOUN,52,NOUN,570
intervención,431,NOUN,137,NOUN,568
dorsal,546,ADJ,18,ADJ,564
flexor,562,ADJ,1,ADJ,563
extensor,562,ADJ,1,ADJ,563
derecha,511,NOUN,51,NOUN,562
estadio,527,NOUN,35,NOUN,562
fijo,557,ADJ,5,ADJ,562
reumatoide,546,ADJ,15,ADJ,561
célula,365,NOUN,195,NOUN,560
eléctrico,550,ADJ,9,ADJ,559
leve,468,ADJ,89,ADJ,557
sistema,520,NOUN,36,NOUN,556
lumbar,495,ADJ,50,ADJ,545
edema,446,NOUN,98,NOUN,544
médula,527,NOUN,17,NOUN,544
aplastamiento,533,NOUN,2,NOUN,535
crónica,529,NOUN,5,NOUN,534
motocicleta,532,NOUN,1,NOUN,533
procedimiento,504,NOUN,29,NOUN,533
óseo,387,ADJ,145,ADJ,532
extensión,483,NOUN,41,NOUN,524
mama,501,NOUN,23,NOUN,524
afectar,469,VERB,52,VERB,521
transversal,499,NOUN,6,ADJ,505
incluir,452,VERB,52,VERB,504
necrosis,452,NOUN,51,NOUN,503
mayor,416,ADJ,85,ADJ,501
grave,468,ADJ,32,ADJ,500
base,446,NOUN,54,NOUN,500
nacido,483,ADJ,15,ADJ,498
consumo,487,NOUN,10,NOUN,497
estudio,36,NOUN,458,NOUN,494
tibial,485,ADJ,5,ADJ,490
anomalía,473,NOUN,17,NOUN,490
metacarpofalángico,487,ADJ,1,NOUN,488
asociado,381,ADJ,107,ADJ,488
diabético,472,ADJ,13,ADJ,485
izquierda,448,NOUN,36,NOUN,484
sospecha,373,NOUN,110,NOUN,483
implant,465,NOUN,18,NOUN,483
iii,454,PROPN,28,PROPN,482
derivación,449,NOUN,33,NOUN,482
alteración,290,NOUN,190,NOUN,480
aparato,466,NOUN,14,NOUN,480
cardiaco,442,ADJ,36,ADJ,478
quirúrgico,273,ADJ,198,ADJ,471
genital,449,ADJ,18,ADJ,467
ocular,396,ADJ,69,ADJ,465
recién,441,ADV,13,ADV,454
haber,36,AUX,418,AUX,454
diagnóstico,77,NOUN,375,NOUN,452
respiratorio,367,ADJ,84,ADJ,451
linfoma,432,NOUN,19,NOUN,451
espalda,446,NOUN,5,NOUN,451
pulmonar,348,ADJ,99,ADJ,447
nervioso,430,ADJ,14,ADJ,444
embolia,441,NOUN,2,NOUN,443
trabajo,431,NOUN,10,NOUN,441
benigno,421,ADJ,20,ADJ,441
área,319,NOUN,121,NOUN,440
ampolla,426,NOUN,10,NOUN,436
semana,129,NOUN,302,NOUN,431
afección,424,NOUN,4,NOUN,428
pelvis,396,NOUN,31,NOUN,427
vascular,357,ADJ,69,ADJ,426
peritoneal,383,NOUN,43,NOUN,426
estenosis,398,NOUN,25,NOUN,423
malformación,403,NOUN,16,NOUN,419
exploración,22,NOUN,394,NOUN,416
constricción,414,NOUN,1,NOUN,415
térmico,409,ADJ,3,ADJ,412
insuficiencia,338,NOUN,73,NOUN,411
primario,354,ADJ,50,ADJ,404
historia,374,NOUN,29,NOUN,403
antecedente,15,NOUN,387,NOUN,402
insecto,401,NOUN,1,NOUN,402
retinopatía,401,NOUN,1,NOUN,402
central,344,ADJ,57,ADJ,401
picadura,392,NOUN,8,NOUN,400
osteoporosis,391,NOUN,9,NOUN,400
lugar,382,NOUN,13,NOUN,395
bicicleta,393,NOUN,1,NOUN,394
inflamatorio,333,ADJ,61,ADJ,394
menor,356,ADJ,37,ADJ,393
muscular,345,ADJ,47,ADJ,392
acetábulo,390,NOUN,2,NOUN,392
asistido,387,ADJ,3,ADJ,390
complicar,388,VERB,1,VERB,389
trombosis,357,NOUN,30,NOUN,387
mostrar,4,VERB,383,VERB,387
infarto,373,NOUN,11,NOUN,384
congelación,370,NOUN,3,NOUN,373
moderado,314,ADJ,58,ADJ,372
absceso,347,NOUN,25,NOUN,372
macular,335,ADJ,33,ADJ,368
estructura,315,NOUN,51,NOUN,366
membrana,343,NOUN,23,NOUN,366
fallo,356,NOUN,9,NOUN,365
cuarto,341,ADJ,23,ADJ,364
oer,362,VERB,1,VERB,363
juvenil,360,ADJ,2,ADJ,362
vía,235,NOUN,126,NOUN,361
proliferativo,358,ADJ,2,ADJ,360
femoral,329,ADJ,30,ADJ,359
carcinoma,247,NOUN,112,NOUN,359
servicio,81,NOUN,273,NOUN,354
motor,343,NOUN,11,NOUN,354
infeccioso,315,ADJ,39,ADJ,354
derechos,345,PROPN,4,NOUN,349
negativo,37,ADJ,308,ADJ,345
oral,202,ADJ,142,ADJ,344
superficie,290,NOUN,53,NOUN,343
articular,314,VERB,27,ADJ,341
vertebral,322,ADJ,19,ADJ,341
intraarticular,338,ADJ,1,ADJ,339
urinario,287,ADJ,52,ADJ,339
cara,272,NOUN,63,NOUN,335
avulsión,332,NOUN,2,NOUN,334
sistémico,306,ADJ,28,ADJ,334
salir,327,VERB,5,VERB,332
masa,79,NOUN,252,NOUN,331
espontáneo,304,ADJ,26,ADJ,330
agua,318,NOUN,10,NOUN,328
zona,173,NOUN,155,NOUN,328
largo,295,ADJ,32,ADJ,327
idiopático,321,ADJ,4,ADJ,325
disparo,324,NOUN,1,NOUN,325
catéter,258,NOUN,67,NOUN,325
glaucoma,319,NOUN,6,NOUN,325
cuadrante,308,NOUN,13,PROPN,321
ganglio,277,NOUN,38,NOUN,315
comportamiento,309,NOUN,2,NOUN,311
quiste,270,NOUN,41,NOUN,311
uso,275,NOUN,35,NOUN,310
anormal,305,ADJ,4,ADJ,309
biológico,299,ADJ,9,ADJ,308
estrés,303,NOUN,4,NOUN,307
obstrucción,291,NOUN,14,NOUN,305
caliente,302,ADJ,3,ADJ,305
presencia,105,NOUN,198,NOUN,303
gas,294,NOUN,9,NOUN,303
linfático,285,ADJ,17,ADJ,302
principalmente,294,ADV,8,ADV,302
grupo,295,NOUN,7,NOUN,302
transverso,293,PROPN,8,PROPN,301
intracraneal,290,ADJ,10,ADJ,300
intrínseco,295,ADJ,5,ADJ,300
quinto,284,ADJ,14,ADJ,298
minuto,232,NOUN,66,NOUN,298
resultado,168,NOUN,130,NOUN,298
control,59,NOUN,238,NOUN,297
riñón,200,NOUN,95,NOUN,295
profundo,244,ADJ,49,ADJ,293
conducto,272,NOUN,20,NOUN,292
menisco,287,NOUN,2,NOUN,289
producir,236,VERB,52,VERB,288
cualquiera,274,DET,13,DET,287
compuesto,280,ADJ,6,ADJ,286
femenino,268,ADJ,17,ADJ,285
entrar,279,VERB,6,VERB,285
retina,261,NOUN,22,NOUN,283
digestivo,227,ADJ,55,NOUN,282
cirugía,112,NOUN,167,NOUN,279
defecto,238,NOUN,39,NOUN,277
periférico,223,ADJ,54,ADJ,277
remisión,247,NOUN,29,NOUN,276
colon,234,PROPN,41,NOUN,275
ambos,72,NUM,202,NUM,274
abuso,268,NOUN,5,NOUN,273
masculino,261,ADJ,11,ADJ,272
cutáneo,215,ADJ,56,ADJ,271
ingreso,41,NOUN,229,NOUN,270
médico,183,ADJ,86,ADJ,269
físico,94,ADJ,175,ADJ,269
intestino,251,NOUN,17,NOUN,268
medicamento,259,NOUN,7,NOUN,266
fragmento,246,NOUN,20,NOUN,266
perforación,245,NOUN,19,NOUN,264
tumor,118,NOUN,144,NOUN,262
general,100,ADJ,162,ADJ,262
trocánter,259,PROPN,1,PROPN,260
fijación,248,NOUN,11,NOUN,259
separación,252,NOUN,7,NOUN,259
desprendimiento,238,NOUN,19,NOUN,257
mandíbula,250,NOUN,7,NOUN,257
neoplásico,242,ADJ,14,ADJ,256
rodete,255,PROPN,1,NOUN,256
ausencia,173,NOUN,80,NOUN,253
glándula,215,NOUN,38,NOUN,253
subir,248,VERB,5,VERB,253
forma,118,NOUN,134,NOUN,252
blando,190,ADJ,62,ADJ,252
alcohol,235,NOUN,16,NOUN,251
líquido,176,NOUN,75,NOUN,251
incompleto,242,ADJ,8,ADJ,250
periocular,249,ADJ,1,ADJ,250
metatarsiano,247,NOUN,2,NOUN,249
previo,99,ADJ,150,ADJ,249
mismo,75,DET,174,PRON,249
nalga,246,NOUN,2,NOUN,248
preexistente,245,ADJ,1,ADJ,246
interior,208,ADJ,38,NOUN,246
úlcera,230,NOUN,16,NOUN,246
especial,236,ADJ,7,ADJ,243
intención,236,NOUN,7,NOUN,243
iniciar,6,VERB,235,VERB,241
cordón,211,NOUN,28,NOUN,239
prematuro,237,ADJ,2,ADJ,239
escápula,236,NOUN,2,NOUN,238
fiebre,123,NOUN,115,NOUN,238
sangre,155,NOUN,81,NOUN,236
varón,2,NOUN,234,NOUN,236
sinovial,229,PROPN,7,PROPN,236
accidentalmente,231,ADV,4,ADV,235
alto,127,ADJ,108,ADJ,235
determinado,232,ADJ,2,ADJ,234
familiar,164,ADJ,68,ADJ,232
compresión,213,NOUN,19,NOUN,232
pulmón,195,NOUN,37,NOUN,232
deformidad,225,NOUN,6,NOUN,231
corporal,211,ADJ,19,ADJ,230
sexual,201,ADJ,28,ADJ,229
positivo,55,ADJ,174,ADJ,229
opiáceo,225,NOUN,4,ADJ,229
intoxicación,226,NOUN,3,NOUN,229
biliar,183,ADJ,44,ADJ,227
estallido,226,NOUN,1,NOUN,227
químico,224,ADJ,3,ADJ,227
intestinal,169,ADJ,58,ADJ,227
hallazgo,65,NOUN,162,NOUN,227
otitis,225,NOUN,1,NOUN,226
psicótico,212,ADJ,13,ADJ,225
escafoides,224,NOUN,1,NOUN,225
signo,58,NOUN,167,NOUN,225
anemia,172,NOUN,53,NOUN,225
escapular,221,ADJ,1,ADJ,222
inflamación,183,NOUN,38,NOUN,221
abdomen,142,NOUN,79,ADV,221
factor,178,NOUN,42,NOUN,220
fístula,182,NOUN,38,NOUN,220
corneal,180,ADJ,39,ADJ,219
dar,4,VERB,213,VERB,217
endometriosis,212,NOUN,5,NOUN,217
estable,175,ADJ,42,ADJ,217
clínico,7,ADJ,209,ADJ,216
tracto,203,NOUN,11,NOUN,214
disco,209,NOUN,5,NOUN,214
episodio,81,NOUN,133,NOUN,214
atrofia,178,NOUN,34,NOUN,212
nuclear,176,ADJ,35,ADJ,211
derivado,190,NOUN,20,ADJ,210
leucemia,207,NOUN,3,ADJ,210
tronco,196,NOUN,14,NOUN,210
ácido,165,NOUN,45,NOUN,210
miositis,207,NOUN,1,NOUN,208
focal,186,ADJ,22,ADJ,208
clavícula,206,NOUN,1,NOUN,207
coma,201,NOUN,5,PROPN,206
labio,182,NOUN,24,NOUN,206
progresivo,100,ADJ,106,ADJ,206
unilateral,201,ADJ,4,ADJ,205
rama,164,NOUN,41,NOUN,205
pélvico,191,ADJ,14,ADJ,205
anestesia,145,NOUN,59,NOUN,204
material,153,NOUN,51,NOUN,204
hepático,101,ADJ,102,ADJ,203
onda,169,NOUN,33,NOUN,202
baja,198,NOUN,3,NOUN,201
gástrico,153,ADJ,48,ADJ,201
testículo,156,NOUN,44,NOUN,200
antibiótico,129,NOUN,70,ADJ,199
movimiento,173,NOUN,25,NOUN,198
cuneiforme,196,ADJ,1,ADJ,197
antagonista,194,NOUN,3,NOUN,197
trompa,194,NOUN,2,NOUN,196
problema,173,NOUN,21,NOUN,194
inestable,191,ADJ,2,ADJ,193
urgencia,24,NOUN,169,NOUN,193
porción,160,NOUN,33,NOUN,193
visual,82,ADJ,111,ADJ,193
consulta,3,NOUN,190,NOUN,193
encontrar,6,VERB,187,VERB,193
explosivo,192,ADJ,1,ADJ,193
mediante,1,ADP,191,ADP,192
carótido,188,ADJ,4,ADJ,192
excesivo,188,ADJ,3,ADJ,191
síntoma,110,NOUN,81,NOUN,191
osteomielitis,187,NOUN,3,NOUN,190
hernia,166,NOUN,24,NOUN,190
nariz,184,NOUN,3,NOUN,187
tracción,183,NOUN,4,NOUN,187
columna,161,NOUN,26,NOUN,187
palmar,186,VERB,1,VERB,187
gangrena,186,NOUN,1,NOUN,187
duración,162,NOUN,24,NOUN,186
metatarso,185,NOUN,1,NOUN,186
diente,168,NOUN,18,NOUN,186
mal,149,NOUN,37,ADV,186
puerperio,184,NOUN,2,NOUN,186
degeneración,182,NOUN,3,NOUN,185
amniótico,180,ADJ,4,ADJ,184
adulto,181,ADJ,3,NOUN,184
neonatal,178,ADJ,5,ADJ,183
hipertensión,119,NOUN,64,NOUN,183
total,65,ADJ,118,ADJ,183
crecimiento,142,NOUN,40,NOUN,182
hemisferio,178,NOUN,3,NOUN,181
situ,175,PROPN,6,PROPN,181
esófago,171,NOUN,10,NOUN,181
páncreas,165,NOUN,16,ADJ,181
anestésico,169,NOUN,12,ADJ,181
receptor,169,ADJ,12,NOUN,181
órbita,171,NOUN,9,NOUN,180
peso,58,NOUN,122,NOUN,180
destrucción,176,NOUN,4,NOUN,180
continuar,112,VERB,67,VERB,179
localizado,132,ADJ,47,ADJ,179
oclusión,166,NOUN,12,NOUN,178
aire,163,NOUN,14,NOUN,177
virus,140,NOUN,36,NOUN,176
afectado,156,ADJ,20,ADJ,176
colateral,168,ADJ,8,ADJ,176
sacro,173,ADJ,2,ADJ,175
nuevo,16,ADJ,159,ADJ,175
córnea,168,NOUN,7,PROPN,175
respuesta,85,NOUN,89,NOUN,174
tráquea,167,NOUN,7,NOUN,174
déficit,145,NOUN,29,NOUN,174
local,109,ADJ,64,ADJ,173
hematoma,122,NOUN,51,NOUN,173
fuga,157,NOUN,16,NOUN,173
intratable,172,ADJ,1,ADJ,173
hacer,7,VERB,166,VERB,173
imagen,38,NOUN,134,NOUN,172
dosis,4,NOUN,168,NOUN,172
ulceración,160,NOUN,12,NOUN,172
útero,167,NOUN,4,NOUN,171
radial,168,ADJ,3,ADJ,171
ecografía,1,NOUN,170,NOUN,171
coronario,155,ADJ,15,ADJ,170
biopsia,1,NOUN,169,NOUN,170
ángulo,147,NOUN,23,NOUN,170
cintura,166,NOUN,3,NOUN,169
carbono,166,NOUN,3,NOUN,169
catarata,160,NOUN,8,NOUN,168
alimento,148,NOUN,20,NOUN,168
aumento,36,NOUN,132,NOUN,168
cubital,166,ADJ,2,NOUN,168
vacuna,164,NOUN,3,NOUN,167
bronquio,161,NOUN,6,NOUN,167
crisis,129,NOUN,38,NOUN,167
persistente,150,ADJ,17,ADJ,167
maléolo,164,NOUN,3,NOUN,167
sospechar,152,VERB,13,VERB,165
óptico,137,ADJ,28,ADJ,165
específico,148,ADJ,17,ADJ,165
cocaína,158,NOUN,7,NOUN,165
cambio,96,NOUN,69,NOUN,165
subyacente,154,ADJ,10,ADJ,164
mordido,163,ADJ,1,ADJ,164
grande,137,ADJ,27,ADJ,164
retorno,160,NOUN,3,NOUN,163
inhibidor,153,ADJ,9,NOUN,162
compatible,1,ADJ,160,ADJ,161
infantil,157,ADJ,4,ADJ,161
cuero,145,NOUN,15,NOUN,160
cabelludo,145,ADJ,15,ADJ,160
causar,154,VERB,6,VERB,160
función,57,NOUN,103,NOUN,160
auricular,138,PROPN,21,ADJ,159
cicatrización,153,NOUN,5,NOUN,158
axila,155,NOUN,3,NOUN,158
tac,1,PROPN,157,ADJ,158
placenta,155,NOUN,3,NOUN,158
pene,136,NOUN,22,NOUN,158
electrónico,154,ADJ,3,ADJ,157
saco,144,NOUN,13,NOUN,157
dermatitis,147,NOUN,10,NOUN,157
incierto,156,ADJ,1,ADJ,157
craneal,107,ADJ,49,ADJ,156
tercero,143,ADJ,12,ADJ,155
patín,154,NOUN,1,NOUN,155
viral,125,ADJ,29,ADJ,154
ansiolítico,152,NOUN,1,ADJ,153
estimulante,149,ADJ,4,ADJ,153
prolongado,144,ADJ,9,ADJ,153
fondo,86,NOUN,66,NOUN,152
tercio,106,NOUN,46,NOUN,152
presentación,145,NOUN,7,NOUN,152
muerte,140,NOUN,11,NOUN,151
gestacional,146,ADJ,4,ADJ,150
tamaño,18,NOUN,132,NOUN,150
delgado,130,NOUN,20,ADJ,150
escala,134,NOUN,16,NOUN,150
artificial,146,ADJ,3,ADJ,149
difús,123,ADJ,26,ADJ,149
vagina,145,NOUN,4,NOUN,149
transfusión,130,NOUN,19,NOUN,149
vejiga,109,PROPN,39,NOUN,148
ovario,145,NOUN,3,ADJ,148
conocido,123,ADJ,24,ADJ,147
mujer,11,NOUN,136,NOUN,147
corazón,142,NOUN,5,NOUN,147
neumonía,128,NOUN,19,NOUN,147
folicular,134,ADJ,12,ADJ,146
artrosis,141,NOUN,5,NOUN,146
aborto,142,NOUN,4,NOUN,146
sinovitis,143,NOUN,2,NOUN,145
antiguo,138,ADJ,7,ADJ,145
prueba,52,NOUN,93,NOUN,145
dentro,79,ADV,65,ADV,144
calor,142,NOUN,2,NOUN,144
axilar,120,PROPN,24,ADJ,144
laringe,143,NOUN,1,NOUN,144
cribado,142,NOUN,1,NOUN,143
posteriormente,6,ADV,137,ADV,143
arterial,37,ADJ,106,ADJ,143
orbitario,127,ADJ,16,ADJ,143
safén,141,ADJ,1,ADJ,142
yugular,128,VERB,14,ADJ,142
desconocido,136,ADJ,6,ADJ,142
laceración,140,NOUN,2,NOUN,142
espina,141,NOUN,1,NOUN,142
complicado,134,ADJ,7,ADJ,141
metabolismo,138,NOUN,3,NOUN,141
disfunción,136,NOUN,5,NOUN,141
especificar,140,VERB,1,VERB,141
antidepresivo,136,NOUN,5,NOUN,141
pequeño,45,ADJ,96,ADJ,141
gestación,126,NOUN,14,NOUN,140
momento,41,NOUN,99,NOUN,140
bazo,126,NOUN,13,NOUN,139
visión,101,NOUN,38,NOUN,139
hormona,131,NOUN,8,NOUN,139
infusión,114,NOUN,25,NOUN,139
seno,98,NOUN,40,NOUN,138
subcutáneo,111,ADJ,27,ADJ,138
medular,122,ADJ,15,ADJ,137
humo,134,NOUN,3,NOUN,137
plomo,136,NOUN,1,NOUN,137
longitudinal,128,ADJ,8,ADJ,136
epiléptico,131,ADJ,5,ADJ,136
combinado,127,ADJ,9,ADJ,136
simple,99,ADJ,36,ADJ,135
globo,121,PROPN,14,PROPN,135
genitourinario,134,ADJ,1,ADJ,135
subaracnoideo,128,ADJ,7,ADJ,135
bomba,128,NOUN,7,NOUN,135
muestra,78,NOUN,57,NOUN,135
implante,125,NOUN,9,ADJ,134
calcificación,107,NOUN,27,NOUN,134
tumoral,7,ADJ,126,ADJ,133
cerebrovascular,132,ADJ,1,ADJ,133
examen,19,NOUN,113,NOUN,132
arco,124,NOUN,8,NOUN,132
sueño,118,NOUN,14,NOUN,132
cardíaco,104,ADJ,27,ADJ,131
origen,80,NOUN,51,NOUN,131
facial,81,ADJ,50,ADJ,131
dominante,127,ADJ,3,ADJ,130
depósito,110,NOUN,20,NOUN,130
mejilla,125,NOUN,5,NOUN,130
autólogo,128,NOUN,2,ADJ,130
subclavia,123,PROPN,6,PROPN,129
polo,65,PROPN,64,NOUN,129
inguinal,78,ADJ,51,ADJ,129
solo,109,ADJ,20,ADV,129
vitamina,97,NOUN,32,NOUN,129
generalizado,90,ADJ,38,ADJ,128
expansivo,124,ADJ,4,ADJ,128
piscina,127,NOUN,1,NOUN,128
coronoid,125,NOUN,3,ADJ,128
poder,36,AUX,92,AUX,128
válvula,109,NOUN,19,NOUN,128
actividad,60,NOUN,67,NOUN,127
descartar,38,VERB,89,VERB,127
placa,95,NOUN,32,NOUN,127
cuidado,85,NOUN,42,NOUN,127
conjuntival,109,ADJ,18,ADJ,127
anticuerpo,49,NOUN,77,NOUN,126
quístico,80,ADJ,46,ADJ,126
hígado,108,NOUN,18,NOUN,126
hospital,23,NOUN,102,NOUN,125
último,3,ADJ,122,ADJ,125
lacrimal,124,ADJ,1,ADJ,125
interés,1,NOUN,124,NOUN,125
cerebro,119,NOUN,6,NOUN,125
realizado,36,ADJ,89,ADJ,125
alta,1,PROPN,124,NOUN,125
sitio,123,NOUN,1,NOUN,124
atípico,107,ADJ,17,ADJ,124
trasplante,100,NOUN,24,NOUN,124
retenido,122,ADJ,2,ADJ,124
confirmar,1,VERB,123,VERB,124
menos,112,ADV,12,ADV,124
inicio,59,NOUN,65,NOUN,124
magnético,73,ADJ,51,ADJ,124
actuar,122,VERB,1,VERB,123
uretra,106,NOUN,16,NOUN,122
dental,117,ADJ,5,ADJ,122
aorta,102,NOUN,20,NOUN,122
displasia,118,NOUN,3,NOUN,121
disminución,40,NOUN,81,NOUN,121
dorso,104,NOUN,17,NOUN,121
desarrollo,99,NOUN,21,NOUN,120
bolsa,114,NOUN,6,NOUN,120
cráneo,105,NOUN,15,NOUN,120
cefalea,87,NOUN,32,NOUN,119
miembro,63,NOUN,55,NOUN,118
tuberculosis,96,NOUN,22,NOUN,118
tópico,87,ADJ,31,NOUN,118
hipertrofia,105,NOUN,12,NOUN,117
nieve,116,NOUN,1,NOUN,117
contenido,82,NOUN,35,NOUN,117
transitorio,109,ADJ,7,ADJ,116
temporomandibular,115,ADJ,1,ADJ,116
ala,113,NOUN,3,NOUN,116
hereditario,113,ADJ,3,ADJ,116
niño,82,NOUN,34,NOUN,116
hodgkin,110,NOUN,6,VERB,116
mucosa,42,ADJ,73,NOUN,115
pabellón,111,NOUN,4,NOUN,115
faringe,112,NOUN,3,NOUN,115
natural,104,ADJ,11,ADJ,115
orina,23,NOUN,92,NOUN,115
recidiva,37,NOUN,78,NOUN,115
adenopatía,2,NOUN,112,NOUN,114
drenaje,39,NOUN,75,NOUN,114
hepatitis,86,NOUN,28,NOUN,114
gran,26,ADJ,88,ADJ,114
gravedad,111,NOUN,3,NOUN,114
doloroso,17,ADJ,96,ADJ,113
intersticial,95,ADJ,18,ADJ,113
ninguno,12,DET,101,DET,113
similar,76,ADJ,37,ADJ,113
neuroléptico,112,ADJ,1,NOUN,113
tabaco,112,NOUN,1,NOUN,113
caso,2,NOUN,110,NOUN,112
malo,90,ADJ,22,ADJ,112
plantar,104,VERB,8,VERB,112
incompatibilidad,111,NOUN,1,NOUN,112
cannabis,109,NOUN,3,NOUN,112
intraocular,81,ADJ,30,ADJ,111
elevación,60,NOUN,51,NOUN,111
diálisis,90,NOUN,20,NOUN,110
seguimiento,6,NOUN,104,NOUN,110
aórtico,89,ADJ,21,ADJ,110
controlado,97,ADJ,13,ADJ,110
subtrocantérea,109,NOUN,1,NOUN,110
escroto,104,NOUN,5,NOUN,109
aéreo,95,ADJ,14,ADJ,109
postoperatorio,1,NOUN,108,ADJ,109
vesical,13,ADJ,96,ADJ,109
palma,106,NOUN,3,NOUN,109
partir,88,VERB,21,VERB,109
salud,86,NOUN,23,NOUN,109
difuso,66,ADJ,42,ADJ,108
intervertebral,107,ADJ,1,ADJ,108
mixto,86,ADJ,22,ADJ,108
nasal,63,ADJ,45,PROPN,108
intermitente,96,ADJ,12,ADJ,108
borde,38,NOUN,70,NOUN,108
auditivo,98,ADJ,10,ADJ,108
cuña,106,PROPN,1,NOUN,107
reconocimiento,101,NOUN,6,NOUN,107
nódulo,53,NOUN,54,NOUN,107
neurológico,35,ADJ,72,ADJ,107
vesícula,92,NOUN,15,NOUN,107
mesentérico,90,ADJ,17,ADJ,107
ortopédico,105,ADJ,1,ADJ,106
hemolítico,102,ADJ,4,ADJ,106
interrupción,103,NOUN,2,NOUN,105
osteocondral,103,ADJ,1,ADJ,104
uréter,94,PROPN,10,NOUN,104
adherencia,99,NOUN,5,NOUN,104
próstata,58,NOUN,46,NOUN,104
isquémico,79,ADJ,25,ADJ,104
proteína,18,NOUN,86,NOUN,104
conjuntivitis,101,PROPN,2,PROPN,103
osificación,100,NOUN,3,NOUN,103
asintomático,12,ADJ,91,ADJ,103
sospechoso,93,ADJ,10,ADJ,103
venoso,91,ADJ,11,ADJ,102
recto,79,ADJ,23,ADJ,102
calcio,63,NOUN,39,NOUN,102
distrofia,100,NOUN,2,NOUN,102
extraarticular,101,ADJ,1,NOUN,102
maxilar,75,ADJ,27,ADJ,102
pesca,100,NOUN,1,NOUN,101
ganchoso,100,ADJ,1,ADJ,101
reumático,98,ADJ,3,ADJ,101
recurrente,94,ADJ,7,ADJ,101
puntuación,95,NOUN,6,NOUN,101
plano,61,ADJ,40,NOUN,101
producto,93,NOUN,8,NOUN,101
neuroestimulador,100,NOUN,1,NOUN,101
sensitivo,87,ADJ,14,ADJ,101
ajuste,94,NOUN,6,NOUN,100
cúpula,94,NOUN,5,NOUN,99
agenesia,95,NOUN,4,NOUN,99
hospitalario,40,ADJ,59,ADJ,99
centro,15,NOUN,83,NOUN,98
periprotésico,97,ADJ,1,ADJ,98
subagudo,96,ADJ,2,ADJ,98
ánimo,94,NOUN,4,NOUN,98
intravenoso,27,ADJ,71,ADJ,98
shock,84,NOUN,14,NOUN,98
frecuencia,50,NOUN,48,NOUN,98
quist,84,NOUN,14,NOUN,98
llama,95,NOUN,2,NOUN,97
esternoclavicular,96,ADJ,1,ADJ,97
aspiración,83,NOUN,14,NOUN,97
gripe,94,NOUN,3,NOUN,97
sólido,39,ADJ,58,ADJ,97
vómito,39,NOUN,58,NOUN,97
ansiedad,91,NOUN,6,NOUN,97
prótesi,96,NOUN,1,NOUN,97
nodular,47,ADJ,49,ADJ,96
punción,67,NOUN,29,NOUN,96
evidencia,55,NOUN,41,NOUN,96
iris,87,PROPN,9,PROPN,96
testicular,37,ADJ,59,ADJ,96
coagulación,54,NOUN,42,NOUN,96
complejo,75,NOUN,21,ADJ,96
miocardio,93,NOUN,2,NOUN,95
fibrosis,74,NOUN,21,NOUN,95
hielo,94,NOUN,1,NOUN,95
alcanzar,66,VERB,29,VERB,95
orgánico,92,ADJ,3,ADJ,95
privado,92,ADJ,3,ADJ,95
venós,71,ADJ,23,ADJ,94
braquial,92,ADJ,2,ADJ,94
libre,37,ADJ,57,ADJ,94
intraabdominal,87,ADJ,7,ADJ,94
intraoperatorio,70,ADJ,24,ADJ,94
cartílago,91,NOUN,3,NOUN,94
madre,56,NOUN,37,NOUN,93
uterino,91,ADJ,2,ADJ,93
sacra,92,PROPN,1,ADJ,93
cultivo,7,NOUN,85,NOUN,92
depresivo,87,ADJ,5,ADJ,92
cristalino,78,NOUN,14,NOUN,92
miopatía,86,NOUN,6,NOUN,92
recidivante,89,ADJ,3,ADJ,92
riesgo,60,NOUN,32,NOUN,92
epilepsia,87,NOUN,5,NOUN,92
antiepiléptico,87,NOUN,4,ADJ,91
retinián,87,ADJ,4,ADJ,91
relación,31,NOUN,60,NOUN,91
nefrítico,88,ADJ,3,ADJ,91
mejor,68,ADJ,23,ADV,91
vaginal,75,ADJ,16,ADJ,91
alguno,1,DET,90,DET,91
pubis,84,NOUN,7,NOUN,91
recuperar,76,VERB,14,VERB,90
asa,70,NOUN,20,NOUN,90
tarso,88,ADJ,2,NOUN,90
cálculo,81,NOUN,8,NOUN,89
mental,77,ADJ,12,ADJ,89
tiempo,24,NOUN,65,NOUN,89
carpo,85,NOUN,4,NOUN,89
colocación,54,NOUN,35,NOUN,89
tabique,86,PROPN,2,NOUN,88
inyección,70,NOUN,18,NOUN,88
prolapso,86,NOUN,2,NOUN,88
confirmado,82,ADJ,6,ADJ,88
nacimiento,81,NOUN,7,NOUN,88
metatarsofalángico,87,ADJ,1,ADJ,88
granuloma,80,NOUN,7,NOUN,87
practicar,4,VERB,83,VERB,87
parálisis,75,NOUN,12,NOUN,87
limitado,69,ADJ,18,ADJ,87
hemorrágico,67,ADJ,20,ADJ,87
sexto,78,ADJ,9,ADJ,87
epidural,67,ADJ,20,ADJ,87
enzima,67,NOUN,20,NOUN,87
oftalmológico,52,ADJ,34,ADJ,86
inestabilidad,65,NOUN,21,NOUN,86
angina,78,NOUN,8,NOUN,86
deportivo,85,ADJ,1,ADJ,86
preparado,83,ADJ,3,NOUN,86
fallido,83,ADJ,3,ADJ,86
importante,19,ADJ,67,ADJ,86
anómalo,84,ADJ,2,ADJ,86
sepsis,72,NOUN,13,NOUN,85
funcional,59,ADJ,26,ADJ,85
analgésico,63,NOUN,22,NOUN,85
electrodo,77,NOUN,8,NOUN,85
fatiga,80,NOUN,5,NOUN,85
aneurisma,77,NOUN,8,NOUN,85
proteinuria,54,NOUN,31,NOUN,85
posición,57,NOUN,27,NOUN,84
incendio,80,NOUN,4,NOUN,84
provocar,62,VERB,22,VERB,84
incidente,79,NOUN,5,NOUN,84
funcionamiento,80,NOUN,4,NOUN,84
laxant,82,NOUN,1,NOUN,83
coriorretiniana,75,PROPN,8,NOUN,83
hematológico,69,ADJ,14,ADJ,83
quedar,57,VERB,26,VERB,83
torno,73,NOUN,10,NOUN,83
severo,19,ADJ,64,ADJ,83
leucocito,15,NOUN,68,NOUN,83
frente,66,NOUN,17,NOUN,83
costilla,80,NOUN,3,NOUN,83
directo,58,ADJ,25,ADJ,83
molar,66,VERB,17,NOUN,83
esternal,82,ADJ,1,ADJ,83
línea,46,NOUN,36,NOUN,82
componente,57,NOUN,25,NOUN,82
elevado,28,ADJ,54,ADJ,82
astilla,80,PROPN,2,NOUN,82
suprarrenal,58,ADJ,24,ADJ,82
ectópico,80,ADJ,1,ADJ,81
ulcerós,69,ADJ,12,ADJ,81
bipolar,76,ADJ,5,ADJ,81
uretral,70,ADJ,11,ADJ,81
intento,68,NOUN,13,NOUN,81
análogo,71,ADJ,10,ADJ,81
melanoma,74,ADJ,7,NOUN,81
patología,26,NOUN,54,NOUN,80
lóbulo,36,NOUN,44,NOUN,80
occipital,76,ADJ,4,ADJ,80
cardiovascular,77,ADJ,3,ADJ,80
patrón,19,NOUN,61,NOUN,80
construcción,79,NOUN,1,NOUN,80
análisis,11,NOUN,69,NOUN,80
palpación,9,NOUN,71,NOUN,80
humano,70,ADJ,10,ADJ,80
único,41,ADJ,38,ADJ,79
planta,49,NOUN,30,NOUN,79
derrame,50,NOUN,29,NOUN,79
ciclo,14,NOUN,65,NOUN,79
contractura,77,NOUN,2,NOUN,79
tardío,67,ADJ,12,ADJ,79
supurativo,78,ADJ,1,ADJ,79
estómago,72,NOUN,7,NOUN,79
alérgico,71,ADJ,8,ADJ,79
osificante,76,ADJ,3,ADJ,79
predominantemente,69,ADV,10,ADV,79
anticonceptivo,78,ADJ,1,NOUN,79
reducción,56,NOUN,22,NOUN,78
mácula,67,NOUN,11,NOUN,78
número,52,NOUN,26,NOUN,78
común,69,ADJ,9,ADJ,78
terapia,32,NOUN,46,NOUN,78
metabólico,57,ADJ,21,ADJ,78
hematuria,40,NOUN,38,NOUN,78
ligero,40,ADJ,38,ADJ,78
alergia,51,NOUN,27,NOUN,78
conjuntivo,75,ADJ,3,ADJ,78
postraumático,75,ADJ,3,ADJ,78
cámara,52,NOUN,26,NOUN,78
intenso,3,ADJ,75,ADJ,78
supervivencia,76,NOUN,2,NOUN,78
terapéutico,49,ADJ,28,ADJ,77
lumbosacra,76,PROPN,1,NOUN,77
lengua,57,NOUN,20,NOUN,77
sangrado,23,NOUN,53,NOUN,76
padre,38,NOUN,38,NOUN,76
ceguera,75,NOUN,1,NOUN,76
diseminado,69,ADJ,7,ADJ,76
demostrar,1,VERB,75,VERB,76
autónomo,75,ADJ,1,ADJ,76
luz,43,NOUN,32,NOUN,75
choque,70,NOUN,5,NOUN,75
agrícola,74,ADJ,1,ADJ,75
consultar,1,VERB,74,VERB,75
degenerativo,71,ADJ,4,ADJ,75
séptimo,69,ADJ,6,ADJ,75
hemopericardio,74,NOUN,1,NOUN,75
dorsolumbar,71,PROPN,4,ADJ,75
verde,66,ADJ,8,ADJ,74
aproximadamente,1,ADV,73,ADV,74
suero,44,NOUN,30,NOUN,74
vez,2,NOUN,72,NOUN,74
intratorácico,72,ADJ,2,ADJ,74
siguiente,1,ADJ,73,ADJ,74
cigarrillo,49,NOUN,25,NOUN,74
dificultad,29,NOUN,45,NOUN,74
profundidad,64,NOUN,10,NOUN,74
celulitis,72,ADV,2,NOUN,74
postransfusional,72,ADJ,1,ADJ,73
deterioro,20,NOUN,53,NOUN,73
abstinencia,70,NOUN,3,NOUN,73
polineuropatía,70,NOUN,2,NOUN,72
bloqueo,37,NOUN,35,NOUN,72
temporal,24,ADJ,48,ADJ,72
hacia,7,ADP,65,ADP,72
observación,61,NOUN,11,NOUN,72
suelo,52,NOUN,20,NOUN,72
ventricular,61,ADJ,11,ADJ,72
colitis,59,NOUN,13,NOUN,72
circulatorio,69,ADJ,2,ADJ,71
insuficiente,68,ADJ,3,ADJ,71
infiltración,3,NOUN,68,NOUN,71
antiinflamatorio,52,NOUN,19,ADJ,71
escoliosis,70,NOUN,1,NOUN,71
nativo,70,ADJ,1,ADJ,71
ritmo,56,NOUN,15,NOUN,71
volumen,5,NOUN,66,NOUN,71
mínimo,45,ADJ,26,ADJ,71
serología,2,NOUN,68,NOUN,70
meningitis,66,NOUN,4,NOUN,70
administración,20,NOUN,50,NOUN,70
realización,8,NOUN,62,NOUN,70
mediano,55,ADJ,14,ADJ,69
nefropatía,63,NOUN,6,NOUN,69
quimioterapia,15,NOUN,54,NOUN,69
intermedio,60,ADJ,9,ADJ,69
cama,66,NOUN,3,NOUN,69
hormonal,61,ADJ,8,ADJ,69
través,22,NOUN,46,NOUN,68
pantorrilla,67,PROPN,1,NOUN,68
metal,67,NOUN,1,NOUN,68
insulina,57,NOUN,11,NOUN,68
cuatro,1,NUM,67,NUM,68
audición,64,NOUN,3,NOUN,67
llevar,8,VERB,59,VERB,67
frontal,21,ADJ,46,ADJ,67
grasa,23,NOUN,44,NOUN,67
campo,33,NOUN,33,NOUN,66
temprano,65,ADJ,1,ADV,66
acortamiento,65,NOUN,1,NOUN,66
arrojar,63,VERB,3,VERB,66
boca,49,NOUN,17,NOUN,66
infancia,51,NOUN,15,NOUN,66
exudativo,64,ADJ,2,ADJ,66
junto,1,ADJ,65,ADJ,66
anal,57,PROPN,9,ADJ,66
depresión,53,NOUN,13,NOUN,66
marcador,9,NOUN,56,NOUN,65
sifilítico,64,ADJ,1,ADJ,65
nutricional,30,ADJ,35,ADJ,65
ciliar,55,ADJ,10,ADJ,65
ruptura,64,NOUN,1,NOUN,65
indicar,1,VERB,64,VERB,65
subdural,59,ADJ,6,ADJ,65
fisiológico,56,ADJ,9,ADJ,65
colecistitis,62,NOUN,3,NOUN,65
hemoglobina,10,NOUN,55,NOUN,65
ambulancia,64,NOUN,1,NOUN,65
reumatoideo,63,ADJ,2,ADJ,65
fase,37,NOUN,28,NOUN,65
aséptico,64,ADJ,1,ADJ,65
eritema,48,NOUN,16,NOUN,64
característica,1,NOUN,63,NOUN,64
digital,60,ADJ,4,ADJ,64
bala,61,NOUN,3,NOUN,64
punto,27,NOUN,37,NOUN,64
llegar,21,VERB,43,VERB,64
acción,63,NOUN,1,NOUN,64
aislado,43,ADJ,20,ADJ,63
hiperplasia,40,NOUN,23,NOUN,63
retroperitoneo,61,NOUN,2,NOUN,63
selectivo,58,ADJ,5,ADJ,63
diurético,55,NOUN,8,ADJ,63
aparición,3,NOUN,59,NOUN,62
motoro,58,ADJ,4,ADJ,62
coroideo,55,ADJ,7,NOUN,62
verbal,56,ADJ,6,ADJ,62
irregular,24,ADJ,38,ADJ,62
pieza,1,NOUN,61,NOUN,62
endoprótesis,52,NOUN,10,NOUN,62
queratitis,59,NOUN,2,NOUN,61
tensión,33,NOUN,28,NOUN,61
personalidad,60,NOUN,1,NOUN,61
densidad,37,NOUN,24,NOUN,61
silla,53,NOUN,8,NOUN,61
timpánico,57,ADJ,4,ADJ,61
grosor,50,NOUN,11,NOUN,61
anticoagulant,60,NOUN,1,NOUN,61
cola,51,NOUN,10,NOUN,61
aquil,60,NOUN,1,NOUN,61
antipirético,60,ADJ,1,ADJ,61
colocar,19,VERB,42,VERB,61
raíz,40,NOUN,20,NOUN,60
cicatriz,49,NOUN,11,NOUN,60
gastrointestinal,57,PROPN,3,ADJ,60
erosión,50,NOUN,10,NOUN,60
vida,16,NOUN,44,NOUN,60
pecho,59,NOUN,1,NOUN,60
flexión,51,NOUN,9,NOUN,60
clase,58,NOUN,2,NOUN,60
esclerosis,53,NOUN,7,NOUN,60
periumbilical,53,ADJ,7,ADJ,60
social,53,ADJ,7,ADJ,60
convencional,48,ADJ,12,ADJ,60
cuerda,56,NOUN,4,NOUN,60
dilatación,14,NOUN,46,NOUN,60
tiroidea,47,ADJ,13,ADJ,60
trombocitopenio,57,ADJ,3,ADJ,60
obstructivo,32,ADJ,27,ADJ,59
público,58,ADJ,1,ADJ,59
descendente,29,ADJ,30,ADJ,59
plástico,42,NOUN,17,ADJ,59
diario,1,ADJ,58,ADJ,59
mandibular,7,ADJ,52,ADJ,59
intrauterín,58,ADJ,1,ADJ,59
inmunodeficiencia,54,NOUN,5,NOUN,59
penetrante,55,ADJ,4,ADJ,59
diagnosticado,1,ADJ,58,ADJ,59
histológico,9,ADJ,49,ADJ,58
colapsado,56,ADJ,2,ADJ,58
según,7,ADP,51,ADP,58
permanente,51,ADJ,7,ADJ,58
bajar,56,VERB,2,VERB,58
complementario,1,ADJ,57,ADJ,58
pigmentario,56,ADJ,2,ADJ,58
vítreo,46,ADJ,12,NOUN,58
percepción,50,NOUN,8,NOUN,58
resonancia,4,NOUN,54,NOUN,58
reactivo,18,ADJ,40,ADJ,58
casa,50,NOUN,8,NOUN,58
espacio,17,NOUN,40,NOUN,57
completar,3,VERB,54,VERB,57
apertura,37,NOUN,20,NOUN,57
araña,54,NOUN,3,NOUN,57
agonista,56,NOUN,1,NOUN,57
obstétrico,55,ADJ,2,ADJ,57
precoz,43,ADJ,14,ADJ,57
persistencia,7,NOUN,50,NOUN,57
alucinación,52,NOUN,5,NOUN,57
retroperitoneal,7,VERB,50,ADJ,57
grueso,47,ADJ,10,ADJ,57
seco,45,ADJ,11,ADJ,56
seguridad,49,NOUN,7,NOUN,56
imc,35,ADV,21,PROPN,56
corto,50,ADJ,6,ADJ,56
revisión,3,NOUN,53,NOUN,56
sintomático,40,ADJ,16,ADJ,56
fibrinolisis,55,NOUN,1,NOUN,56
reposo,36,NOUN,20,ADJ,56
ureteral,32,ADJ,24,ADJ,56
salida,25,NOUN,31,NOUN,56
hemiplejia,55,NOUN,1,NOUN,56
refractario,49,ADJ,7,ADJ,56
hipertrófico,51,ADJ,4,ADJ,55
actualmente,4,ADV,51,ADV,55
mieloide,52,ADJ,3,ADJ,55
hipertensivo,54,ADJ,1,ADJ,55
obtener,4,VERB,51,VERB,55
abductor,53,NOUN,2,ADJ,55
aductor,53,NOUN,2,ADJ,55
herpes,42,NOUN,13,NOUN,55
plaqueta,4,NOUN,51,NOUN,55
donante,40,NOUN,15,ADJ,55
autor,53,NOUN,2,NOUN,55
periódico,27,ADJ,28,ADJ,55
canal,46,NOUN,8,NOUN,54
adecuado,11,ADJ,43,ADJ,54
sección,43,NOUN,11,NOUN,54
axial,11,ADJ,43,ADJ,54
hidrocefalia,50,PROPN,4,NOUN,54
víctima,47,NOUN,7,NOUN,54
color,15,NOUN,39,NOUN,54
pólipo,48,NOUN,6,NOUN,54
solitario,48,ADJ,6,ADJ,54
alimentario,50,ADJ,4,ADJ,54
tuberculoso,51,ADJ,3,ADJ,54
garganta,51,NOUN,3,NOUN,54
seroma,52,NOUN,2,NOUN,54
techo,52,NOUN,2,NOUN,54
trícep,53,NOUN,1,NOUN,54
aura,53,NOUN,1,NOUN,54
significativo,10,ADJ,44,ADJ,54
sustitutivo,46,NOUN,8,ADJ,54
técnica,5,NOUN,49,NOUN,54
mantenimiento,40,NOUN,14,NOUN,54
segmento,10,NOUN,43,NOUN,53
agujero,49,NOUN,4,NOUN,53
comprimido,45,ADJ,8,ADJ,53
delirante,51,ADJ,2,ADJ,53
hierro,37,NOUN,16,NOUN,53
anillo,48,NOUN,5,NOUN,53
originado,50,ADJ,3,ADJ,53
séptico,38,ADJ,14,ADJ,52
incluido,37,ADJ,15,ADJ,52
irritativo,49,ADJ,3,ADJ,52
falta,36,NOUN,16,NOUN,52
fosa,20,NOUN,32,NOUN,52
hundimiento,51,NOUN,1,NOUN,52
posible,1,ADJ,51,ADJ,52
psicológico,50,ADJ,2,ADJ,52
pezón,51,NOUN,1,NOUN,52
caer,48,VERB,4,VERB,52
mentón,51,NOUN,1,NOUN,52
cardiopatía,39,NOUN,13,NOUN,52
extracción,24,NOUN,28,NOUN,52
situación,5,NOUN,47,NOUN,52
bulto,47,NOUN,5,NOUN,52
acompañado,1,ADJ,51,ADJ,52
identificar,9,VERB,43,VERB,52
secreción,31,NOUN,20,NOUN,51
atresia,50,NOUN,1,NOUN,51
vocal,48,ADJ,3,ADJ,51
ilíaco,40,ADJ,11,ADJ,51
comienzo,47,NOUN,4,NOUN,51
indeterminado,47,ADJ,4,ADJ,51
toma,8,NOUN,43,NOUN,51
crohn,44,NOUN,7,NOUN,51
forzado,48,ADJ,3,ADJ,51
purulento,26,ADJ,25,ADJ,51
genético,38,ADJ,13,ADJ,51
tubo,38,NOUN,13,NOUN,51
rectal,14,ADV,36,ADJ,50
trapecio,49,NOUN,1,NOUN,50
linfangitis,49,NOUN,1,NOUN,50
beta,47,NOUN,3,NOUN,50
cruzado,49,ADJ,1,ADJ,50
pleural,17,ADJ,33,ADJ,50
multifocal,46,ADJ,4,ADJ,50
cuádricep,49,NOUN,1,NOUN,50
capa,30,NOUN,20,NOUN,50
mitral,36,ADJ,14,ADJ,50
tos,43,ADJ,7,ADJ,50
utilizar,10,VERB,40,VERB,50
término,42,NOUN,8,NOUN,50
piramidal,49,ADJ,1,ADJ,50
anatomía,1,NOUN,49,NOUN,50
delirio,46,NOUN,4,NOUN,50
vidrio,46,NOUN,4,NOUN,50
hemoderivado,47,NOUN,3,NOUN,50
linfocito,16,NOUN,34,ADJ,50
endoscópico,21,ADJ,28,ADJ,49
familia,23,NOUN,26,NOUN,49
cuyo,8,PRON,41,PRON,49
cutánea,29,ADJ,20,ADJ,49
paladar,38,NOUN,11,NOUN,49
duodeno,41,NOUN,8,NOUN,49
duro,17,ADJ,32,ADJ,49
vivo,42,PROPN,7,ADJ,49
proceso,2,NOUN,47,NOUN,49
fuerza,35,NOUN,14,NOUN,49
glomerulonefritis,46,NOUN,3,NOUN,49
anquilosis,46,NOUN,3,NOUN,49
epigástrico,42,ADJ,7,ADJ,49
umbilical,42,ADJ,7,ADJ,49
sostenido,45,ADJ,4,ADJ,49
bacteria,42,NOUN,7,NOUN,49
cava,33,NOUN,16,NOUN,49
uterín,47,ADJ,2,ADJ,49
máquina,48,NOUN,1,NOUN,49
abundante,2,ADJ,47,ADJ,49
habitual,2,ADJ,47,ADJ,49
implicar,45,VERB,4,VERB,49
espasmo,42,NOUN,6,NOUN,48
rigidez,44,NOUN,4,NOUN,48
transmural,45,NOUN,3,NOUN,48
peritonitis,40,NOUN,8,NOUN,48
fusión,44,NOUN,4,NOUN,48
valoración,1,NOUN,47,NOUN,48
conjuntiva,43,NOUN,5,NOUN,48
cicatricial,38,ADJ,10,ADJ,48
esplénico,33,ADJ,15,ADJ,48
oxígeno,26,NOUN,22,NOUN,48
cerebelo,47,PROPN,1,NOUN,48
activo,18,ADJ,30,ADJ,48
vih,17,PROPN,31,PROPN,48
perineal,38,ADJ,10,ADJ,48
test,3,NOUN,45,NOUN,48
sutura,32,NOUN,16,NOUN,48
ovárico,43,ADJ,4,ADJ,47
gramo,28,NOUN,19,NOUN,47
claro,4,ADJ,43,ADJ,47
astenia,3,NOUN,44,NOUN,47
encefalopatía,43,NOUN,4,NOUN,47
portador,35,NOUN,12,ADJ,47
coli,41,PROPN,6,CCONJ,47
alcohólico,38,ADJ,9,ADJ,47
tolerancia,2,NOUN,45,NOUN,47
droga,42,NOUN,5,NOUN,47
camión,46,NOUN,1,NOUN,47
pancreatitis,37,NOUN,10,NOUN,47
arteriovenós,46,ADJ,1,ADJ,47
predominio,20,NOUN,27,NOUN,47
doméstico,46,ADJ,1,ADJ,47
retirar,1,VERB,46,VERB,47
máximo,1,ADJ,46,ADJ,47
período,33,NOUN,14,NOUN,47
contraste,5,NOUN,42,NOUN,47
cierre,17,NOUN,30,NOUN,47
alveolar,28,ADJ,18,ADJ,46
colgajo,4,PROPN,42,NOUN,46
engrosamiento,3,NOUN,43,NOUN,46
existir,3,VERB,43,VERB,46
escaso,1,ADJ,45,ADJ,46
utilizado,39,ADJ,7,ADJ,46
retraso,34,NOUN,12,NOUN,46
vasculitis,43,NOUN,3,NOUN,46
neuromuscular,45,NOUN,1,ADJ,46
perinatal,41,ADJ,5,ADJ,46
cristal,41,NOUN,5,NOUN,46
bombero,45,NOUN,1,NOUN,46
fuente,42,NOUN,4,NOUN,46
lagoftalmos,45,VERB,1,VERB,46
restricción,39,NOUN,7,NOUN,46
pescado,42,NOUN,4,NOUN,46
lavado,2,ADJ,43,ADJ,45
prostático,11,ADJ,34,ADJ,45
resistencia,37,NOUN,8,NOUN,45
intercostal,42,ADJ,3,ADJ,45
identificado,44,ADJ,1,ADJ,45
reborde,36,NOUN,9,NOUN,45
infiltrado,1,ADJ,44,ADJ,45
residual,20,ADJ,25,ADJ,45
estrógeno,40,NOUN,5,NOUN,45
manifestación,34,NOUN,11,NOUN,45
vaina,43,NOUN,2,NOUN,45
conducta,35,NOUN,10,NOUN,45
pigmentado,34,ADJ,11,ADJ,45
disección,24,NOUN,21,NOUN,45
quirúrgicamente,32,ADV,13,ADV,45
valvular,39,PROPN,6,ADJ,45
desplazar,24,VERB,20,VERB,44
cadena,24,NOUN,20,NOUN,44
resuelto,36,ADJ,8,ADJ,44
radical,2,ADJ,42,ADJ,44
polihidramnio,43,NOUN,1,NOUN,44
informe,5,NOUN,39,NOUN,44
pcr,1,PROPN,43,PROPN,44
ropa,42,NOUN,2,NOUN,44
residencia,40,NOUN,4,NOUN,44
abandono,36,NOUN,8,NOUN,44
impacto,40,NOUN,4,NOUN,44
propio,26,ADJ,18,ADJ,44
asma,35,NOUN,9,NOUN,44
retirada,28,NOUN,16,NOUN,44
carga,25,NOUN,19,NOUN,44
iliaco,27,ADJ,17,ADJ,44
parénquima,3,NOUN,40,NOUN,43
claudicación,39,NOUN,4,NOUN,43
sífilis,42,PROPN,1,PROPN,43
capsular,38,ADJ,5,ADJ,43
toxina,39,NOUN,4,NOUN,43
cortical,22,ADJ,21,ADJ,43
inflamatoria,37,ADJ,6,ADJ,43
senil,42,ADJ,1,ADJ,43
aplicación,28,NOUN,15,NOUN,43
cavo,42,ADJ,1,ADJ,43
determinación,5,NOUN,38,NOUN,43
fentanilo,25,NOUN,18,NOUN,43
proyectil,38,NOUN,5,NOUN,43
dieta,3,NOUN,40,NOUN,43
aguja,20,NOUN,23,NOUN,43
motivo,13,NOUN,30,NOUN,43
ganglionar,29,VERB,14,VERB,43
salival,41,ADJ,2,ADJ,43
reflujo,36,NOUN,6,PROPN,42
neoplásica,32,ADJ,10,ADJ,42
concentración,22,NOUN,20,NOUN,42
cefalorraquídeo,34,ADJ,8,ADJ,42
medida,7,NOUN,35,NOUN,42
sonda,17,NOUN,25,NOUN,42
tabla,9,NOUN,33,NOUN,42
apéndice,29,PROPN,13,NOUN,42
bocio,37,NOUN,5,NOUN,42
móvil,31,ADJ,11,NOUN,42
fibrós,36,ADJ,6,ADJ,42
inmunoglobulina,33,NOUN,9,NOUN,42
epitelio,14,NOUN,28,NOUN,42
hostilidad,41,NOUN,1,NOUN,42
continuidad,37,NOUN,5,NOUN,42
epidídimo,18,NOUN,24,NOUN,42
isquemia,27,NOUN,15,NOUN,42
ver,1,VERB,41,VERB,42
intensivo,1,ADJ,41,ADJ,42
cabello,40,NOUN,2,NOUN,42
participación,40,NOUN,2,NOUN,42
orificio,14,NOUN,27,NOUN,41
celular,25,ADJ,16,ADJ,41
incisión,15,NOUN,26,NOUN,41
margen,15,NOUN,26,NOUN,41
escamosa,40,ADJ,1,ADJ,41
evolucionar,2,VERB,39,VERB,41
frío,33,ADJ,8,ADJ,41
incarcerado,39,ADJ,2,ADJ,41
cinco,1,NUM,40,NUM,41
fumador,3,NOUN,38,NOUN,41
temperatura,19,NOUN,22,NOUN,41
diafragma,34,NOUN,7,NOUN,41
trasplantado,40,ADJ,1,ADJ,41
tubular,22,ADJ,19,ADJ,41
lente,34,NOUN,7,NOUN,41
desinhibición,40,NOUN,1,NOUN,41
prenatal,37,ADJ,4,ADJ,41
variz,32,NOUN,9,NOUN,41
tiroid,33,ADJ,8,NOUN,41
falang,37,NOUN,4,NOUN,41
neuropatía,34,NOUN,7,NOUN,41
inserción,37,NOUN,4,NOUN,41
hábito,17,NOUN,23,NOUN,40
esfuerzo,21,NOUN,19,NOUN,40
glucosa,10,NOUN,30,NOUN,40
radioterapia,3,NOUN,37,NOUN,40
electivo,39,ADJ,1,ADJ,40
von,39,PROPN,1,PROPN,40
cese,39,NOUN,1,NOUN,40
apoyo,36,NOUN,4,NOUN,40
cápsula,16,NOUN,24,NOUN,40
hipoplasia,36,NOUN,4,NOUN,40
respiración,34,NOUN,6,NOUN,40
formación,12,NOUN,28,NOUN,40
hipotensión,27,NOUN,13,NOUN,40
distinto,26,DET,14,DET,40
bioquímico,2,ADJ,37,ADJ,39
tumefacción,29,NOUN,10,NOUN,39
protésico,34,ADJ,5,ADJ,39
lupus,38,PROPN,1,NOUN,39
continuo,6,ADJ,33,ADJ,39
peritoneo,36,ADJ,3,NOUN,39
esternón,36,NOUN,3,NOUN,39
neumocócico,38,ADJ,1,ADJ,39
neovascularización,38,NOUN,1,NOUN,39
neutrófilo,2,NOUN,37,ADJ,39
hemiparesio,37,ADJ,2,ADJ,39
corte,3,NOUN,36,NOUN,39
mamario,26,ADJ,13,ADJ,39
definido,13,ADJ,26,ADJ,39
previamente,1,ADV,38,ADV,39
marginal,27,ADJ,12,ADJ,39
citología,13,NOUN,26,NOUN,39
ptosis,28,NOUN,11,NOUN,39
periodo,8,NOUN,31,NOUN,39
delante,33,ADV,6,ADV,39
sólo,3,ADV,36,ADV,39
opacidad,33,NOUN,6,NOUN,39
tono,32,NOUN,7,NOUN,39
gammagrafía,1,NOUN,37,NOUN,38
cromosoma,37,PROPN,1,NOUN,38
colapso,36,NOUN,2,NOUN,38
conservado,12,ADJ,26,ADJ,38
medicina,6,NOUN,32,NOUN,38
andrógeno,37,NOUN,1,NOUN,38
descrito,2,ADJ,36,ADJ,38
muñón,30,NOUN,8,NOUN,38
reconstrucción,1,NOUN,37,NOUN,38
tinción,3,NOUN,35,NOUN,38
rojo,17,ADJ,21,ADJ,38
estatus,37,NOUN,1,NOUN,38
basal,3,ADJ,35,ADJ,38
helicóptero,37,NOUN,1,NOUN,38
corteza,31,NOUN,7,NOUN,38
pliegue,24,NOUN,14,NOUN,38
estoma,36,NOUN,2,NOUN,38
serós,35,ADJ,3,ADJ,38
equilibrio,35,NOUN,3,NOUN,38
generador,37,NOUN,1,NOUN,38
corioamnionitis,35,NOUN,3,NOUN,38
tramadol,25,NOUN,13,PROPN,38
laboral,26,ADJ,11,ADJ,37
caries,34,NOUN,3,NOUN,37
erupción,26,NOUN,11,NOUN,37
inmunosupresor,32,ADJ,5,ADJ,37
sarcoma,34,NOUN,3,NOUN,37
miopía,36,NOUN,1,NOUN,37
ocurrir,31,VERB,6,VERB,37
pareja,23,NOUN,14,NOUN,37
uci,1,PROPN,36,PROPN,37
frotis,25,NOUN,12,ADJ,37
aneurismático,33,ADJ,4,ADJ,37
evento,33,NOUN,4,NOUN,37
plexo,35,NOUN,2,NOUN,37
peneán,29,ADJ,8,ADJ,37
reactiva,36,ADJ,1,ADJ,37
eritematoso,33,ADJ,4,ADJ,37
linfocítico,35,ADJ,2,ADJ,37
rasgo,33,NOUN,3,NOUN,36
longitud,24,NOUN,12,NOUN,36
disfagia,18,NOUN,18,NOUN,36
malla,32,NOUN,4,NOUN,36
triple,32,NUM,4,NUM,36
90%,25,SYM,11,SYM,36
salino,27,ADJ,9,ADJ,36
vírico,33,ADJ,3,ADJ,36
citológico,26,ADJ,10,ADJ,36
habla,31,NOUN,5,NOUN,36
esfínter,33,NOUN,3,NOUN,36
mediastínico,16,ADJ,20,ADJ,36
ascendente,28,ADJ,8,ADJ,36
inmunización,35,NOUN,1,NOUN,36
cistitis,30,NOUN,6,NOUN,36
torsión,33,NOUN,3,NOUN,36
adyacente,2,ADJ,34,ADJ,36
sinusitis,30,NOUN,6,NOUN,36
apendicitis,27,NOUN,9,NOUN,36
ruido,24,NOUN,11,NOUN,35
psa,3,PROPN,32,PROPN,35
sífili,30,NOUN,5,NOUN,35
espermático,20,ADJ,15,ADJ,35
relevante,3,ADJ,32,ADJ,35
pediátrico,13,ADJ,22,ADJ,35
hombre,28,NOUN,7,NOUN,35
completamente,18,ADV,17,ADV,35
carácter,10,NOUN,25,NOUN,35
basocelular,34,ADJ,1,ADJ,35
endocarditis,29,NOUN,6,NOUN,35
penicilina,29,NOUN,6,NOUN,35
ictericia,25,NOUN,10,NOUN,35
sensibilidad,15,NOUN,20,NOUN,35
colangitis,33,NOUN,1,NOUN,34
diarrea,9,NOUN,25,NOUN,34
niña,1,NOUN,33,NOUN,34
debilidad,9,NOUN,25,NOUN,34
antidiabético,32,NOUN,2,NOUN,34
células,33,NOUN,1,NOUN,34
nevu,33,NOUN,1,NOUN,34
acústico,32,ADJ,2,ADJ,34
límite,4,ADJ,30,NOUN,34
hijo,12,NOUN,22,NOUN,34
par,17,NOUN,17,NOUN,34
marcha,11,NOUN,23,NOUN,34
inmediato,6,ADJ,28,ADJ,34
domicilio,1,NOUN,33,NOUN,34
desaparición,2,NOUN,32,NOUN,34
cesárea,23,NOUN,11,NOUN,34
lingual,6,ADJ,28,ADJ,34
glasgow,25,PROPN,9,PROPN,34
regional,26,ADJ,8,ADJ,34
radiológico,11,ADJ,23,ADJ,34
nefrótico,23,ADJ,11,ADJ,34
apetito,29,NOUN,5,NOUN,34
gigante,24,ADJ,10,NOUN,34
requerir,3,VERB,31,VERB,34
sensación,7,NOUN,27,NOUN,34
alimentación,20,NOUN,14,NOUN,34
mientras,15,SCONJ,18,CCONJ,33
inespecífico,20,ADJ,13,ADJ,33
evaluación,19,NOUN,14,NOUN,33
aceite,29,NOUN,4,NOUN,33
enfisema,28,NOUN,5,NOUN,33
vestibular,23,PROPN,10,PROPN,33
prescripción,29,NOUN,4,NOUN,33
transmisión,32,NOUN,1,NOUN,33
neuronal,29,ADJ,4,ADJ,33
portar,19,VERB,14,VERB,33
esquelético,30,ADJ,3,ADJ,33
tendinós,32,ADJ,1,ADJ,33
osteoartropatía,32,PROPN,1,PROPN,33
obesidad,21,NOUN,12,NOUN,33
antiviral,28,ADJ,5,ADJ,33
esteroideo,27,ADJ,6,ADJ,33
papilar,11,ADJ,22,ADJ,33
ciego,22,ADJ,11,ADJ,33
escalera,32,NOUN,1,NOUN,33
antígeno,13,NOUN,20,NOUN,33
aumentado,1,ADJ,32,ADJ,33
ventrículo,17,NOUN,16,NOUN,33
bioquímica,5,ADJ,28,NOUN,33
bífido,32,ADJ,1,ADJ,33
espástico,31,ADJ,2,ADJ,33
alveolo,32,NOUN,1,ADJ,33
exceso,28,NOUN,5,NOUN,33
perfusión,6,NOUN,27,NOUN,33
creado,32,ADJ,1,ADJ,33
súbito,15,ADJ,17,ADJ,32
resultante,31,ADJ,1,ADJ,32
prurito,11,NOUN,21,NOUN,32
convulsión,18,NOUN,14,NOUN,32
combinación,28,NOUN,4,NOUN,32
equipo,23,NOUN,9,NOUN,32
ciático,26,ADJ,6,ADJ,32
urología,6,NOUN,26,NOUN,32
esofágico,21,ADJ,11,ADJ,32
úrico,27,ADJ,5,ADJ,32
angiotensina,27,NOUN,5,NOUN,32
pterigión,30,NOUN,2,NOUN,32
rifampicina,27,NOUN,5,NOUN,32
taquicardia,20,PROPN,12,NOUN,32
fósforo,22,NOUN,10,NOUN,32
cateterismo,27,NOUN,5,NOUN,32
fibrilación,14,NOUN,18,NOUN,32
celiaca,31,ADJ,1,ADJ,32
enteritis,30,ADJ,2,NOUN,32
sustitución,28,NOUN,4,NOUN,32
monocular,30,ADJ,2,ADJ,32
circundante,26,ADJ,6,ADJ,32
microscópico,9,ADJ,22,ADJ,31
igg,1,PROPN,30,PROPN,31
doble,11,ADJ,20,ADJ,31
consecuencia,14,NOUN,17,NOUN,31
duodenal,12,ADJ,19,ADJ,31
igm,3,PRON,28,PRON,31
gen,9,PROPN,22,PROPN,31
entrada,12,NOUN,19,NOUN,31
exudado,1,ADJ,30,NOUN,31
intraepitelial,29,ADJ,2,ADJ,31
antihipertensivo,27,ADJ,4,ADJ,31
colesterol,6,NOUN,25,NOUN,31
sigmoide,30,PROPN,1,PROPN,31
talla,5,NOUN,26,NOUN,31
idea,30,NOUN,1,NOUN,31
queratoconjuntivitis,30,NOUN,1,NOUN,31
calórico,27,ADJ,4,ADJ,31
artrópodo,30,NOUN,1,NOUN,31
hídrico,30,ADJ,1,ADJ,31
necrotizante,29,ADJ,2,ADJ,31
implantación,19,NOUN,12,NOUN,31
ambulatorio,3,ADJ,28,ADJ,31
aspirina,26,NOUN,5,NOUN,31
congestivo,24,ADJ,7,ADJ,31
pupilar,25,ADJ,6,ADJ,31
pleura,26,NOUN,5,NOUN,31
cistostomía,29,PROPN,2,NOUN,31
cirrosis,25,NOUN,6,NOUN,31
final,4,NOUN,27,NOUN,31
escleriti,26,NOUN,5,NOUN,31
lactancia,28,NOUN,3,NOUN,31
electrolítico,28,ADJ,3,ADJ,31
bilirrubina,3,NOUN,27,NOUN,30
hidantoína,28,NOUN,2,PROPN,30
alrededor,20,ADV,10,ADV,30
glucocorticoid,28,NOUN,2,NOUN,30
apnea,27,NOUN,3,NOUN,30
staphylococcus,24,NOUN,6,NOUN,30
mononucleosis,26,NOUN,4,NOUN,30
conversión,28,NOUN,2,NOUN,30
ecg,2,PROPN,28,NOUN,30
palidez,2,NOUN,28,NOUN,30
duplicación,29,NOUN,1,NOUN,30
núcleo,5,NOUN,25,NOUN,30
paroxístico,26,ADJ,4,ADJ,30
antiandrógeno,27,NOUN,3,NOUN,30
cadmio,19,NOUN,11,NOUN,30
fibra,21,NOUN,9,NOUN,30
parcialmente,16,ADV,14,ADV,30
anaplásico,27,ADJ,3,ADJ,30
maníaco,29,ADJ,1,ADJ,30
periodontal,27,ADJ,3,ADJ,30
correcto,12,ADJ,18,ADJ,30
eosinófilo,3,ADJ,27,ADJ,30
glomerular,20,ADJ,10,ADJ,30
masivo,17,ADJ,13,ADJ,30
calcificante,28,ADJ,2,ADJ,30
resfriado,28,ADJ,2,NOUN,30
metadona,28,NOUN,2,NOUN,30
balón,28,NOUN,2,NOUN,30
intravascular,26,ADJ,4,ADJ,30
hemostático,26,ADJ,4,ADJ,30
rechazo,20,NOUN,10,NOUN,30
occipucio,29,NOUN,1,NOUN,30
antitrombótico,29,ADJ,1,ADJ,30
disrupción,29,NOUN,1,NOUN,30
descarga,19,NOUN,11,NOUN,30
inhalado,29,ADJ,1,ADJ,30
transmitido,28,ADJ,2,ADJ,30
aine,26,PROPN,4,PROPN,30
tiroides,28,PROPN,2,PROPN,30
periné,24,NOUN,5,NOUN,29
reciente,12,ADJ,17,ADJ,29
esencial,24,ADJ,5,ADJ,29
morfología,2,NOUN,27,NOUN,29
denso,18,ADJ,11,ADJ,29
comunicación,23,NOUN,6,NOUN,29
hipoacusia,23,NOUN,6,NOUN,29
antídoto,28,NOUN,1,NOUN,29
pirazolona,27,NOUN,2,NOUN,29
rápido,11,ADJ,18,ADJ,29
benzodiacepina,27,NOUN,2,NOUN,29
sínfisis,25,NOUN,4,NOUN,29
modo,18,NOUN,11,NOUN,29
inmunológico,15,ADJ,14,ADJ,29
hipoglucemiant,28,ADJ,1,NOUN,29
descenso,19,NOUN,10,NOUN,29
caminar,22,VERB,7,VERB,29
hermano,4,NOUN,25,NOUN,29
hepatopatía,21,NOUN,8,NOUN,29
transaminasa,5,PROPN,24,NOUN,29
antiparkinsoniano,28,ADJ,1,ADJ,29
leucocitosis,1,NOUN,28,NOUN,29
otoesclerosis,28,NOUN,1,NOUN,29
anticolinérgico,27,ADJ,2,ADJ,29
lenguaje,20,NOUN,9,NOUN,29
microbiológico,8,ADJ,21,ADJ,29
psicosis,28,NOUN,1,NOUN,29
necesidad,5,NOUN,24,NOUN,29
ldh,2,PROPN,27,PROPN,29
albúmina,1,NOUN,28,NOUN,29
flujo,3,NOUN,26,NOUN,29
sal,21,NOUN,8,NOUN,29
tetraciclina,28,NOUN,1,NOUN,29
antiemético,27,ADJ,2,ADJ,29
coloración,1,NOUN,27,NOUN,28
cognitivo,20,ADJ,8,ADJ,28
dermis,25,NOUN,3,NOUN,28
epidermis,25,NOUN,3,NOUN,28
linfoide,19,ADJ,9,ADJ,28
ascitis,14,NOUN,14,NOUN,28
contralateral,19,ADJ,9,ADJ,28
fin,12,NOUN,16,NOUN,28
hemorroid,25,NOUN,3,NOUN,28
escherichia,24,PROPN,4,PROPN,28
febril,9,PROPN,19,PROPN,28
intubación,13,NOUN,15,NOUN,28
neurosensorial,19,ADJ,9,ADJ,28
simpático,27,ADJ,1,ADJ,28
espasmolítico,27,NOUN,1,NOUN,28
gasolina,27,NOUN,1,NOUN,28
cuádruple,27,ADJ,1,ADJ,28
tricíclico,27,ADJ,1,ADJ,28
sulfamida,27,NOUN,1,NOUN,28
desgaste,27,NOUN,1,NOUN,28
inadecuado,25,ADJ,3,ADJ,28
hipotiroidismo,16,NOUN,12,NOUN,28
barbitúrico,27,NOUN,1,ADJ,28
manifiesto,2,NOUN,26,NOUN,28
quelant,27,ADJ,1,NOUN,28
hipotonía,23,NOUN,5,NOUN,28
flanco,9,NOUN,19,NOUN,28
balance,19,NOUN,9,NOUN,28
hecho,15,ADJ,13,ADJ,28
zinc,23,NOUN,5,NOUN,28
repetido,15,ADJ,13,ADJ,28
aureus,23,ADJ,5,PROPN,28
estrabismo,21,NOUN,7,NOUN,28
emolient,27,NOUN,1,ADJ,28
mención,26,NOUN,1,NOUN,27
vértigo,26,NOUN,1,NOUN,27
atrófico,26,ADJ,1,ADJ,27
metilfenidato,26,NOUN,1,NOUN,27
sedimento,1,NOUN,26,NOUN,27
trombolítico,26,ADJ,1,ADJ,27
encima,11,ADV,16,ADV,27
pigmentación,23,NOUN,4,NOUN,27
hipocondrio,1,NOUN,26,NOUN,27
dietético,19,ADJ,8,ADJ,27
cáncer,10,NOUN,17,NOUN,27
bifurcación,21,NOUN,6,NOUN,27
rotación,14,NOUN,13,NOUN,27
gingival,21,ADJ,6,ADJ,27
profiláctico,17,ADJ,10,ADJ,27
autoinmune,17,ADJ,10,ADJ,27
fino,2,ADJ,25,ADJ,27
anorexia,6,NOUN,21,NOUN,27
señal,6,NOUN,21,NOUN,27
laboratorio,3,NOUN,24,NOUN,27
acidosis,20,NOUN,7,NOUN,27
banda,20,NOUN,7,NOUN,27
diverticulitis,21,NOUN,6,NOUN,27
guiado,19,ADJ,8,ADJ,27
parietal,6,ADJ,21,ADJ,27
escrotal,8,ADJ,19,ADJ,27
500,3,NUM,24,NUM,27
mareo,11,NOUN,16,NOUN,27
reproductivo,25,ADJ,2,ADJ,27
adipós,25,ADJ,2,ADJ,27
neuritis,25,NOUN,2,NOUN,27
bucal,9,ADJ,18,ADJ,27
diferente,3,ADJ,24,DET,27
cierto,17,DET,10,DET,27
estancia,8,NOUN,19,NOUN,27
incontinencia,24,NOUN,3,NOUN,27
protrusión,24,NOUN,3,NOUN,27
ingesta,5,NOUN,21,NOUN,26
pasar,3,VERB,23,VERB,26
fluido,18,NOUN,8,NOUN,26
cavernoso,8,ADJ,18,ADJ,26
urea,3,PROPN,23,PROPN,26
proliferación,3,NOUN,23,NOUN,26
subcapsular,20,VERB,6,VERB,26
frecuente,3,ADJ,23,ADJ,26
blanco,5,ADJ,21,ADJ,26
clásico,19,ADJ,7,ADJ,26
colonoscopia,1,NOUN,25,NOUN,26
retiniano,17,ADJ,9,ADJ,26
cobre,25,NOUN,1,NOUN,26
heparina,12,NOUN,14,NOUN,26
violencia,24,NOUN,2,NOUN,26
restauración,24,NOUN,2,NOUN,26
perro,24,PROPN,2,PROPN,26
depleción,23,NOUN,3,NOUN,26
ambiente,23,NOUN,3,PROPN,26
potasio,6,NOUN,20,NOUN,26
dependiente,11,ADJ,15,ADJ,26
gatillo,23,NOUN,3,NOUN,26
negro,22,ADJ,4,ADJ,26
rápidamente,22,ADV,4,ADV,26
presente,10,ADJ,16,ADJ,26
púrpura,22,NOUN,4,NOUN,26
igual,6,ADJ,20,ADJ,26
hez,6,NOUN,20,NOUN,26
tirotoxicosis,25,NOUN,1,NOUN,26
urgente,1,ADJ,25,ADJ,26
colocado,21,ADJ,5,ADJ,26
retracción,24,NOUN,2,NOUN,26
magnesio,9,NOUN,16,NOUN,25
terminal,11,ADJ,14,ADJ,25
macroscópico,1,ADJ,24,ADJ,25
hematocrito,2,NOUN,23,NOUN,25
sinusal,9,ADJ,16,ADJ,25
ecográfico,2,ADJ,23,ADJ,25
epitelial,7,ADJ,18,ADJ,25
sano,6,ADJ,19,ADJ,25
esputo,6,ADJ,19,ADJ,25
íleon,5,PROPN,20,PROPN,25
pancreático,12,ADJ,13,ADJ,25
fibroso,8,ADJ,17,ADJ,25
operatorio,14,ADJ,11,ADJ,25
mesentérica,23,NOUN,2,ADJ,25
puro,21,ADJ,4,ADJ,25
emergencia,22,NOUN,3,NOUN,25
baño,21,NOUN,4,NOUN,25
vertical,18,ADJ,7,ADJ,25
amenaza,23,NOUN,2,NOUN,25
ectasia,19,NOUN,6,NOUN,25
gato,23,NOUN,2,NOUN,25
resistente,15,ADJ,10,ADJ,25
aminoácido,21,NOUN,4,NOUN,25
malar,23,VERB,2,NOUN,25
alk,23,NOUN,2,PROPN,25
anquilosante,23,ADV,2,ADJ,25
cigomático,24,ADJ,1,ADJ,25
búsqueda,20,NOUN,5,NOUN,25
indirecto,18,ADJ,7,ADJ,25
razón,17,NOUN,8,NOUN,25
hiperostosis,15,NOUN,10,NOUN,25
endocrina,24,ADJ,1,ADJ,25
eréctil,23,ADJ,2,ADJ,25
analgesia,1,PROPN,23,PROPN,24
citomegalovirus,14,NOUN,10,NOUN,24
seroso,15,ADJ,9,ADJ,24
breve,22,ADJ,2,ADJ,24
herniación,19,NOUN,5,NOUN,24
esquizofrenia,23,NOUN,1,NOUN,24
valgo,23,PRON,1,ADJ,24
ancho,23,ADJ,1,ADJ,24
recuento,12,NOUN,12,NOUN,24
oftalmoplejia,23,PROPN,1,PROPN,24
condición,10,NOUN,14,NOUN,24
inquietud,22,NOUN,2,NOUN,24
medicación,6,NOUN,18,NOUN,24
emocional,21,ADJ,3,ADJ,24
granulomatós,15,ADJ,9,ADJ,24
vesicular,15,ADJ,9,ADJ,24
metastásico,3,ADJ,21,ADJ,24
nitrógeno,21,NOUN,3,NOUN,24
nefrostomía,18,NOUN,6,NOUN,24
cloro,20,NOUN,4,NOUN,24
cilindro,18,NOUN,6,NOUN,24
finalizar,2,VERB,22,VERB,24
molestia,5,NOUN,19,NOUN,24
pericarditis,21,PROPN,3,NOUN,24
leche,17,NOUN,7,NOUN,24
hogar,20,NOUN,4,NOUN,24
roto,20,ADJ,4,ADJ,24
neumotórax,22,NOUN,2,NOUN,24
hematí,4,NOUN,20,NOUN,24
faringitis,23,NOUN,1,NOUN,24
orientado,6,ADJ,18,ADJ,24
hipoglucemia,23,NOUN,1,NOUN,24
golpear,23,VERB,1,VERB,24
cero,23,NUM,1,NUM,24
lactante,13,PROPN,11,ADV,24
perianal,16,ADJ,7,ADJ,23
divertículo,15,NOUN,8,NOUN,23
náusea,7,NOUN,16,NOUN,23
tiroiditis,22,NOUN,1,NOUN,23
ocupacional,22,ADJ,1,ADJ,23
grito,22,NOUN,1,NOUN,23
infertilidad,22,NOUN,1,NOUN,23
palpebral,1,ADJ,22,ADJ,23
dentario,8,ADJ,15,ADJ,23
parestesia,1,NOUN,22,NOUN,23
agresivo,17,ADJ,6,ADJ,23
bacterián,19,ADJ,4,ADJ,23
amígdala,22,NOUN,1,NOUN,23
tinte,22,NOUN,1,NOUN,23
estatura,19,NOUN,4,NOUN,23
aberrante,21,ADJ,2,ADJ,23
retención,15,NOUN,8,NOUN,23
automóvil,22,NOUN,1,NOUN,23
desviación,6,NOUN,17,NOUN,23
visita,6,NOUN,17,NOUN,23
extrínseco,9,ADJ,14,ADJ,23
glucemia,8,NOUN,15,NOUN,23
amplio,2,ADJ,21,ADJ,23
hepatomegalia,9,NOUN,14,NOUN,23
exotropía,22,PROPN,1,PROPN,23
mediastino,17,NOUN,6,NOUN,23
lsd,19,ADV,4,NOUN,23
necrótico,3,ADJ,20,ADJ,23
oftalmología,7,NOUN,16,NOUN,23
relleno,16,NOUN,7,NOUN,23
nocturno,12,ADJ,11,ADJ,23
referencia,1,NOUN,21,NOUN,22
paresia,12,NOUN,10,NOUN,22
epigastrio,16,ADJ,6,NOUN,22
125,2,NUM,20,NUM,22
pulso,3,NOUN,19,NOUN,22
árbol,16,NOUN,6,NOUN,22
noradrenalín,21,ADJ,1,ADJ,22
ejercicio,15,NOUN,7,NOUN,22
sensible,10,ADJ,12,ADJ,22
documentado,21,ADJ,1,ADJ,22
papila,6,NOUN,16,NOUN,22
ira,21,NOUN,1,NOUN,22
vacío,13,ADJ,9,NOUN,22
recogida,19,NOUN,3,NOUN,22
régimen,16,NOUN,6,NOUN,22
avanzado,15,ADJ,7,ADJ,22
primaria,21,PROPN,1,NOUN,22
debajo,12,ADV,10,ADV,22
miocardiopatía,20,NOUN,2,NOUN,22
plasmática,14,ADJ,8,ADJ,22
jabón,20,NOUN,2,NOUN,22
paliativo,1,ADJ,21,ADJ,22
garrapata,17,NOUN,5,NOUN,22
intraoperatoria,17,ADJ,5,ADJ,22
polar,20,ADJ,2,ADJ,22
nacer,17,VERB,5,VERB,22
exantema,9,NOUN,13,NOUN,22
liso,6,ADJ,16,ADJ,22
diverso,12,DET,10,DET,22
adherido,1,ADJ,21,ADJ,22
malabsorción,17,NOUN,5,NOUN,22
intolerancia,14,NOUN,8,NOUN,22
alfa,13,NOUN,9,ADJ,22
cólico,6,NOUN,16,ADJ,22
exoftalmo,17,NOUN,5,NOUN,22
candidiasis,18,NOUN,4,NOUN,22
postural,17,PROPN,5,ADJ,22
soporte,3,NOUN,19,NOUN,22
fecha,9,NOUN,13,NOUN,22
esplenomegalia,8,NOUN,14,NOUN,22
escamós,19,ADJ,3,ADJ,22
mutación,4,NOUN,18,NOUN,22
posquirúrgico,18,ADJ,3,ADJ,21
esteroid,13,NOUN,8,NOUN,21
satisfactorio,3,ADJ,18,ADJ,21
rehabilitación,13,NOUN,8,NOUN,21
eosinofilia,13,NOUN,8,NOUN,21
inorgánica,20,ADJ,1,ADJ,21
látex,20,NOUN,1,NOUN,21
anastomosis,2,NOUN,19,NOUN,21
escalón,20,NOUN,1,NOUN,21
mecanismo,18,NOUN,3,NOUN,21
alopecia,16,NOUN,5,NOUN,21
pielonefritis,20,NOUN,1,NOUN,21
casi,2,ADV,19,ADV,21
enfermo,7,NOUN,14,NOUN,21
extraganglionar,20,ADJ,1,ADJ,21
impulso,20,NOUN,1,NOUN,21
neurología,6,NOUN,15,PROPN,21
pupila,11,NOUN,10,NOUN,21
miccional,1,ADJ,20,ADJ,21
lento,7,ADJ,14,ADJ,21
gastroenteritis,19,NOUN,2,NOUN,21
instrumento,19,NOUN,2,NOUN,21
tacto,1,NOUN,20,NOUN,21
incumplimiento,19,NOUN,2,NOUN,21
movilidad,7,NOUN,14,NOUN,21
ataxia,19,NOUN,2,NOUN,21
respecto,1,NOUN,20,NOUN,21
autosómico,19,ADJ,2,ADJ,21
malignidad,3,NOUN,18,NOUN,21
yeyuno,6,NOUN,15,NOUN,21
implicación,19,NOUN,2,NOUN,21
contexto,2,NOUN,19,NOUN,21
menstrual,19,ADJ,2,ADJ,21
diferenciado,3,ADJ,18,ADJ,21
hipotermia,20,NOUN,1,NOUN,21
coágulo,5,NOUN,16,NOUN,21
zóster,20,ADJ,1,NOUN,21
nitroglicerina,19,PROPN,1,PROPN,20
amiloidosis,14,NOUN,6,NOUN,20
esofágica,14,ADJ,6,ADJ,20
otorrinolaringológico,17,ADJ,3,ADJ,20
evitar,1,VERB,19,VERB,20
administrado,14,ADJ,6,ADJ,20
tiroideo,14,ADJ,6,ADJ,20
eritematós,13,ADJ,7,ADJ,20
sistólico,14,ADJ,6,ADJ,20
estrecho,12,ADJ,8,ADJ,20
oval,12,PROPN,8,ADJ,20
granulación,8,NOUN,12,NOUN,20
linfadenitis,17,NOUN,3,NOUN,20
lcr,4,NOUN,16,ADJ,20
dehiscencia,17,NOUN,3,NOUN,20
mastocito,19,NOUN,1,NOUN,20
institución,17,NOUN,3,NOUN,20
capilar,9,ADJ,11,NOUN,20
glande,3,PROPN,17,NOUN,20
bola,19,NOUN,1,NOUN,20
tiña,19,PROPN,1,PROPN,20
trauma,18,NOUN,2,NOUN,20
gemelo,18,NOUN,2,ADJ,20
desnutrición,13,NOUN,7,NOUN,20
ileostomía,8,NOUN,12,NOUN,20
variable,8,ADJ,12,ADJ,20
constitucional,8,ADJ,12,ADJ,20
empujar,19,VERB,1,VERB,20
conductivo,19,ADJ,1,ADJ,20
cantidad,2,NOUN,18,NOUN,20
cetona,19,NOUN,1,NOUN,20
pendiente,7,NOUN,13,NOUN,20
poplíteo,18,ADJ,2,ADJ,20
abandonado,18,ADJ,2,ADJ,20
ingle,17,NOUN,3,NOUN,20
d10,18,PRON,2,DET,20
ambiental,16,ADJ,4,ADJ,20
inducción,11,NOUN,9,NOUN,20
extirpación,4,NOUN,16,NOUN,20
portal,2,NOUN,18,NOUN,20
detección,10,NOUN,10,NOUN,20
ecocardiograma,1,NOUN,19,NOUN,20
estroma,6,ADV,14,NOUN,20
paro,18,NOUN,2,NOUN,20
espesor,3,NOUN,16,NOUN,19
d12,18,PRON,1,NOUN,19
serológico,8,ADJ,11,ADJ,19
leporino,18,ADJ,1,ADJ,19
gingivitis,18,NOUN,1,NOUN,19
ventilación,3,NOUN,16,NOUN,19
ventana,18,NOUN,1,NOUN,19
latido,9,NOUN,10,NOUN,19
insomnio,17,NOUN,2,NOUN,19
endocrín,17,ADJ,2,ADJ,19
electrocardiograma,1,NOUN,18,NOUN,19
toxoplasma,11,NOUN,8,PROPN,19
estreñimiento,10,NOUN,9,NOUN,19
permeable,5,ADJ,14,ADJ,19
disnea,2,NOUN,17,NOUN,19
compromiso,2,NOUN,17,NOUN,19
redondo,14,NOUN,5,ADJ,19
venosa,16,ADJ,3,ADJ,19
deshidrogenasa,13,PROPN,6,PROPN,19
estabilidad,10,NOUN,9,NOUN,19
microorganismo,16,NOUN,3,NOUN,19
radiográfico,13,ADJ,6,ADJ,19
amoxicilina,1,NOUN,18,NOUN,19
sinequia,12,PROPN,7,NOUN,19
hemodiálisis,6,NOUN,13,NOUN,19
metaplasia,17,NOUN,2,NOUN,19
amigdalitis,17,NOUN,2,NOUN,19
celularidad,12,NOUN,7,NOUN,19
postura,17,NOUN,2,NOUN,19
variante,13,NOUN,6,NOUN,19
circunstancia,17,NOUN,2,NOUN,19
infectado,14,ADJ,5,ADJ,19
consciente,3,ADJ,16,ADJ,19
brusco,7,ADJ,11,ADJ,18
encía,12,NOUN,6,NOUN,18
bronquial,4,ADJ,14,ADJ,18
clínicamente,1,ADV,17,ADV,18
decúbito,1,NOUN,17,NOUN,18
contener,4,VERB,14,VERB,18
ulcerado,1,ADJ,17,ADJ,18
traqueostomía,13,NOUN,5,NOUN,18
visible,14,ADJ,4,ADJ,18
hiperactividad,14,NOUN,4,NOUN,18
quística,1,ADJ,17,ADJ,18
diafragmático,14,ADJ,4,ADJ,18
fórmula,1,NOUN,17,NOUN,18
celiaco,15,ADJ,3,ADJ,18
malnutrición,14,NOUN,4,NOUN,18
regular,7,ADJ,11,ADJ,18
concluyente,14,ADJ,4,ADJ,18
corregido,5,ADJ,13,ADJ,18
mancha,11,NOUN,7,NOUN,18
queratosis,16,NOUN,2,NOUN,18
compulsivo,17,ADJ,1,ADJ,18
reclús,17,ADJ,1,ADJ,18
mecánica,17,NOUN,1,NOUN,18
raya,17,NOUN,1,NOUN,18
tromboembolismo,9,NOUN,9,NOUN,18
interauricular,17,ADJ,1,ADJ,18
sodio,5,NOUN,13,NOUN,18
bronquitis,17,NOUN,1,NOUN,18
velocidad,2,NOUN,16,NOUN,18
adolescente,16,NOUN,2,NOUN,18
plasmático,5,ADJ,13,ADJ,18
entorno,15,NOUN,3,NOUN,18
inmadurez,16,NOUN,2,NOUN,18
soplo,8,NOUN,10,NOUN,18
aparente,1,ADJ,17,ADJ,18
contorno,3,NOUN,15,NOUN,18
esofagiti,15,NOUN,3,NOUN,18
despertar,10,VERB,8,VERB,18
constante,5,ADJ,13,ADJ,18
fisura,15,NOUN,3,NOUN,18
atipia,3,NOUN,15,NOUN,18
morfológico,15,ADJ,3,ADJ,18
etiología,3,NOUN,15,NOUN,18
elástico,6,ADJ,11,ADJ,17
hiperemia,6,NOUN,11,NOUN,17
mesangial,8,ADJ,9,ADJ,17
tal,8,PRON,9,DET,17
calcificado,8,ADJ,9,ADJ,17
micción,7,NOUN,10,NOUN,17
reflejo,5,NOUN,12,NOUN,17
hipersensibilidad,13,NOUN,4,NOUN,17
psicomotor,7,ADJ,10,ADJ,17
urinaria,12,ADJ,5,ADJ,17
epíforo,16,ADJ,1,ADJ,17
título,2,NOUN,15,NOUN,17
salmonella,16,PROPN,1,NOUN,17
graso,10,NOUN,7,ADJ,17
lucha,16,NOUN,1,NOUN,17
hemodiálisi,1,NOUN,16,NOUN,17
distonía,16,NOUN,1,NOUN,17
liquen,16,NOUN,1,NOUN,17
astigmatismo,16,NOUN,1,NOUN,17
episódico,14,ADJ,3,ADJ,17
calloso,12,ADJ,5,ADJ,17
cetoacidosis,15,NOUN,2,NOUN,17
pulsátil,10,ADJ,7,ADJ,17
limitación,2,NOUN,15,NOUN,17
colostomía,10,NOUN,7,NOUN,17
convertidoro,15,ADJ,2,ADJ,17
luego,1,ADV,16,ADV,17
vascularización,10,NOUN,7,NOUN,17
ganado,16,NOUN,1,NOUN,17
dudoso,12,ADJ,5,ADJ,17
agitación,13,NOUN,4,NOUN,17
vulvar,14,NOUN,3,NOUN,17
protrombina,3,NOUN,14,NOUN,17
apariencia,11,NOUN,6,NOUN,17
somático,13,ADJ,4,ADJ,17
cognitiva,14,ADJ,3,ADJ,17
cardiopulmonar,9,ADJ,8,VERB,17
plasmocitoma,14,NOUN,3,NOUN,17
manifestar,1,VERB,16,VERB,17
tensional,13,ADJ,4,ADJ,17
inmune,15,ADJ,2,ADJ,17
brote,1,NOUN,16,NOUN,17
meninges,15,PROPN,2,PROPN,17
stent,14,NOUN,3,NOUN,17
paso,1,NOUN,16,NOUN,17
ulcerativo,14,ADJ,2,ADJ,16
yodo,14,NOUN,2,NOUN,16
estéril,11,ADJ,5,ADJ,16
pedículo,7,NOUN,9,NOUN,16
localizar,7,VERB,9,VERB,16
reducido,6,ADJ,10,ADJ,16
espondilitis,14,PROPN,2,NOUN,16
menstruación,12,NOUN,4,NOUN,16
congruent,12,ADJ,4,ADJ,16
pénfigo,13,ADJ,3,NOUN,16
extravasación,14,NOUN,2,NOUN,16
eosinofílico,14,ADJ,2,ADJ,16
memoria,7,NOUN,9,NOUN,16
pulpa,13,NOUN,3,NOUN,16
manejo,1,NOUN,15,NOUN,16
rico,13,ADJ,3,PROPN,16
comida,7,NOUN,9,NOUN,16
hematíes,1,PROPN,15,PROPN,16
amigo,13,NOUN,3,NOUN,16
temblor,7,NOUN,9,NOUN,16
afasia,13,NOUN,3,NOUN,16
hematopoyético,13,ADJ,3,ADJ,16
vigilancia,6,NOUN,10,NOUN,16
sarcoidosis,12,NOUN,4,NOUN,16
intelectual,13,ADJ,3,ADJ,16
anciano,13,NOUN,3,NOUN,16
palabra,15,NOUN,1,NOUN,16
radiología,6,NOUN,10,NOUN,16
alcalino,1,ADJ,15,ADJ,16
solar,14,ADJ,2,ADJ,16
granular,8,ADJ,8,ADJ,16
traumática,15,ADJ,1,ADJ,16
estacionario,15,ADJ,1,ADJ,16
tubárico,15,ADJ,1,ADJ,16
deleción,15,NOUN,1,NOUN,16
triglicérido,2,NOUN,14,ADJ,16
monoclonal,5,ADJ,11,ADJ,16
anticoagulante,3,NOUN,13,NOUN,16
eeg,3,PROPN,13,PROPN,16
apical,9,ADJ,7,ADJ,16
nistagmo,9,NOUN,7,NOUN,16
basado,9,ADJ,7,ADJ,16
litiasis,4,NOUN,12,NOUN,16
corona,4,NOUN,12,NOUN,16
naturaleza,8,NOUN,8,NOUN,16
distancia,4,NOUN,12,NOUN,16
principal,8,ADJ,8,ADJ,16
liberación,8,NOUN,8,NOUN,16
psoas,5,ADJ,11,ADJ,16
estático,10,ADJ,6,ADJ,16
quimioterápico,1,PROPN,15,ADJ,16
tendencia,1,NOUN,15,NOUN,16
corriente,15,NOUN,1,ADJ,16
meticilina,15,NOUN,1,NOUN,16
sensorial,15,ADJ,1,ADJ,16
padecer,1,VERB,15,VERB,16
farmacológico,1,ADJ,15,ADJ,16
horizontal,5,ADJ,11,ADJ,16
fosfatasa,4,NOUN,12,NOUN,16
nido,1,NOUN,15,NOUN,16
induración,5,NOUN,11,NOUN,16
bolo,1,NOUN,14,NOUN,15
quirófano,1,NOUN,14,NOUN,15
fracción,4,NOUN,11,PROPN,15
láser,7,ADJ,8,NOUN,15
elemento,4,NOUN,11,NOUN,15
deposición,1,NOUN,14,NOUN,15
noche,7,NOUN,8,NOUN,15
diferenciación,1,NOUN,14,NOUN,15
acto,3,NOUN,12,NOUN,15
brucella,4,NOUN,11,NOUN,15
actitud,3,NOUN,12,NOUN,15
absoluto,6,ADJ,9,ADJ,15
submandibular,3,PROPN,12,NOUN,15
laparoscópico,1,ADJ,14,ADJ,15
glandular,6,ADJ,9,ADJ,15
transicional,3,ADJ,12,ADJ,15
uraco,5,NOUN,10,NOUN,15
toracoabdominal,5,ADJ,10,ADJ,15
responder,5,VERB,10,VERB,15
impedir,1,VERB,14,VERB,15
usar,5,VERB,10,VERB,15
vivir,5,VERB,10,VERB,15
acceso,1,NOUN,14,NOUN,15
espera,5,NOUN,10,NOUN,15
ombligo,6,NOUN,9,NOUN,15
pinza,6,NOUN,9,NOUN,15
fenotipo,8,NOUN,7,NOUN,15
irradiación,8,NOUN,7,NOUN,15
intraventricular,13,VERB,2,ADJ,15
ataxio,12,ADJ,3,ADJ,15
diastólico,14,ADJ,1,ADJ,15
descendido,14,ADJ,1,ADJ,15
fobia,14,NOUN,1,NOUN,15
proctitis,13,NOUN,2,NOUN,15
glúteo,9,ADJ,6,NOUN,15
obliterante,13,ADJ,2,ADJ,15
supernumerario,13,ADJ,2,ADJ,15
cístico,14,ADJ,1,ADJ,15
hemangioma,7,PROPN,8,NOUN,15
prisión,12,NOUN,3,NOUN,15
clasificar,10,VERB,5,VERB,15
varicela,13,NOUN,2,NOUN,15
maduro,9,ADJ,6,ADJ,15
papel,13,NOUN,2,NOUN,15
rubeola,14,PROPN,1,PROPN,15
ablación,9,NOUN,6,NOUN,15
joven,11,ADJ,4,ADJ,15
batería,14,NOUN,1,NOUN,15
sedación,8,NOUN,7,NOUN,15
edéntulo,14,PROPN,1,ADJ,15
hidronefrosis,10,NOUN,5,NOUN,15
histiocitosis,13,NOUN,2,NOUN,15
hipertricosis,14,NOUN,1,NOUN,15
cóccix,14,PROPN,1,PROPN,15
hipercolesterolemia,7,NOUN,8,NOUN,15
endoftalmitis,14,NOUN,1,NOUN,15
quiasma,10,NOUN,5,PROPN,15
confirmación,7,NOUN,8,NOUN,15
sordera,14,NOUN,1,NOUN,15
especie,14,NOUN,1,NOUN,15
domiciliario,3,ADJ,11,ADJ,14
separado,1,ADJ,13,ADJ,14
gastrostomía,10,NOUN,4,NOUN,14
costal,1,ADJ,13,NOUN,14
coloboma,11,NOUN,3,NOUN,14
típico,3,ADJ,11,ADJ,14
pars,11,PROPN,3,PROPN,14
fenómeno,8,NOUN,6,NOUN,14
trabajador,7,NOUN,7,ADJ,14
incisivo,1,ADJ,13,ADJ,14
osteomalacia,12,NOUN,2,NOUN,14
sedimentación,2,NOUN,12,NOUN,14
iliofemoral,13,ADJ,1,PROPN,14
mitótico,6,ADJ,8,ADJ,14
huevo,9,NOUN,5,NOUN,14
bariátrico,13,ADJ,1,ADJ,14
reanimación,9,NOUN,5,NOUN,14
vital,1,ADJ,13,ADJ,14
identidad,11,NOUN,3,NOUN,14
pericárdico,5,ADJ,9,ADJ,14
formado,1,ADJ,13,ADJ,14
escleral,6,ADJ,8,ADJ,14
labrum,13,PROPN,1,PROPN,14
preoperatorio,1,ADJ,13,ADJ,14
drenaj,2,NOUN,12,NOUN,14
evidente,1,ADJ,13,ADJ,14
reparación,12,NOUN,2,NOUN,14
diplopía,1,NOUN,13,NOUN,14
iga,1,NOUN,13,NOUN,14
rickettsia,12,PROPN,2,NOUN,14
endémico,12,ADJ,2,ADJ,14
rígido,11,ADJ,3,ADJ,14
manto,11,NOUN,3,NOUN,14
estafilococo,13,NOUN,1,PROPN,14
exfoliación,13,NOUN,1,NOUN,14
cardiorrespiratorio,6,ADJ,8,ADJ,14
b12,8,NUM,6,NUM,14
impactado,13,ADJ,1,ADJ,14
espectro,4,NOUN,10,NOUN,14
labial,4,NOUN,10,ADJ,14
hilio,1,NOUN,13,NOUN,14
rectorragia,7,NOUN,7,NOUN,14
clavo,13,NOUN,1,NOUN,14
actínico,10,ADJ,4,ADJ,14
colelitiasis,13,NOUN,1,NOUN,14
cardíaca,12,ADJ,2,ADJ,14
neuralgia,12,NOUN,2,NOUN,14
pasado,4,ADJ,10,ADJ,14
asimetría,4,NOUN,10,NOUN,14
totalmente,2,ADV,12,ADV,14
curso,1,NOUN,13,NOUN,14
capacidad,5,NOUN,9,NOUN,14
ginecológico,6,ADJ,8,ADJ,14
molecular,2,ADJ,12,ADJ,14
pneumoniae,13,NOUN,1,PROPN,14
fólico,7,ADJ,7,NOUN,14
endometrial,9,ADJ,5,ADJ,14
alternante,11,ADJ,2,ADJ,13
precipitación,12,NOUN,1,NOUN,13
sexo,4,NOUN,9,NOUN,13
herpético,6,ADJ,7,ADJ,13
uretritis,12,NOUN,1,NOUN,13
deporte,11,NOUN,2,NOUN,13
caja,12,NOUN,1,NOUN,13
parada,6,NOUN,7,NOUN,13
adenoviru,8,NOUN,5,NOUN,13
estromal,9,ADJ,4,ADJ,13
hemorrágica,7,ADJ,6,ADJ,13
peritoniti,9,NOUN,4,NOUN,13
repetición,1,NOUN,12,NOUN,13
ciclofosfamida,1,NOUN,12,NOUN,13
cíclico,11,ADJ,2,ADJ,13
inmediatamente,1,ADV,12,ADV,13
amarillo,7,ADJ,6,ADJ,13
uveítis,11,NOUN,2,NOUN,13
secuestro,12,NOUN,1,NOUN,13
síncope,11,NOUN,2,NOUN,13
c4-c5,12,PROPN,1,ADJ,13
verruga,9,NOUN,4,NOUN,13
descemet,10,NOUN,3,NOUN,13
vasculiti,9,NOUN,4,ADJ,13
distrés,11,NOUN,2,NOUN,13
ascenso,11,NOUN,2,NOUN,13
sacroiliaco,12,ADJ,1,ADJ,13
desaminás,12,ADJ,1,ADJ,13
perforado,8,ADJ,5,ADJ,13
gangrenós,11,ADJ,2,ADJ,13
rutina,8,NOUN,5,NOUN,13
sarampión,12,NOUN,1,NOUN,13
miedo,11,NOUN,2,NOUN,13
autonómico,12,ADJ,1,ADJ,13
hipopión,10,NOUN,3,NOUN,13
colecistectomía,1,NOUN,12,NOUN,13
hermana,1,NOUN,12,NOUN,13
diabética,11,ADJ,2,ADJ,13
túnel,12,NOUN,1,NOUN,13
contaminado,12,ADJ,1,ADJ,13
perfil,1,NOUN,12,NOUN,13
gram,5,PROPN,8,PROPN,13
laríngea,12,PROPN,1,ADJ,13
incisional,9,ADJ,4,ADJ,13
langerhans,8,PROPN,5,PROPN,13
reumática,12,ADJ,1,ADJ,13
adenosina,11,NOUN,2,NOUN,13
consejo,11,NOUN,2,NOUN,13
dimensión,3,NOUN,10,NOUN,13
exacerbación,11,NOUN,2,NOUN,13
ductal,5,ADJ,8,ADJ,13
acúfeno,10,NOUN,3,NOUN,13
aseo,12,NOUN,1,NOUN,13
negativa,4,NOUN,9,NOUN,13
puente,9,NOUN,4,NOUN,13
trabajar,7,VERB,6,VERB,13
hongo,3,NOUN,10,NOUN,13
descartado,12,ADJ,1,ADJ,13
abl,12,PROPN,1,PROPN,13
amiloide,7,ADJ,6,ADJ,13
arritmia,7,NOUN,6,NOUN,13
paraplejia,9,NOUN,4,NOUN,13
angiodisplasia,7,NOUN,6,NOUN,13
mycobacterium,6,PROPN,7,PROPN,13
ligado,12,ADJ,1,ADJ,13
recesivo,12,ADJ,1,ADJ,13
conectivo,9,ADJ,4,ADJ,13
potencial,2,ADJ,11,ADJ,13
activación,10,NOUN,3,NOUN,13
cariotipo,10,NOUN,3,NOUN,13
lactato,2,NOUN,11,NOUN,13
pancolitis,10,NOUN,3,NOUN,13
arañazo,10,NOUN,3,NOUN,13
congestión,6,NOUN,7,NOUN,13
manual,8,ADJ,4,ADJ,12
orientación,9,NOUN,3,NOUN,12
malestar,4,NOUN,8,NOUN,12
nueve,1,NUM,11,NUM,12
regurgitación,11,NOUN,1,NOUN,12
adecuadamente,7,ADV,5,ADV,12
aparentemente,2,ADV,10,ADV,12
meato,7,NOUN,5,NOUN,12
taponamiento,10,NOUN,2,NOUN,12
convulsivo,2,ADJ,10,ADJ,12
toxoplasmosis,8,NOUN,4,NOUN,12
estímulo,4,NOUN,8,NOUN,12
espondiloartritis,11,NOUN,1,NOUN,12
acompañar,1,VERB,11,VERB,12
túnica,10,NOUN,2,NOUN,12
punta,4,NOUN,8,NOUN,12
ratón,11,NOUN,1,NOUN,12
mitad,1,NOUN,11,NOUN,12
anormalidad,9,NOUN,3,NOUN,12
ginecología,6,NOUN,6,NOUN,12
prominente,1,PROPN,11,ADJ,12
tropical,11,ADJ,1,ADJ,12
conexión,8,NOUN,4,NOUN,12
crecer,1,VERB,11,VERB,12
diagnostico,1,NOUN,11,ADJ,12
precaución,10,NOUN,2,NOUN,12
miocárdico,10,ADJ,2,ADJ,12
seminal,9,ADJ,3,ADJ,12
tomado,3,ADJ,9,ADJ,12
hipoxia,11,NOUN,1,NOUN,12
intratecal,10,ADJ,2,ADJ,12
émbolo,3,NOUN,9,NOUN,12
forestier,11,PROPN,1,PROPN,12
irritable,10,ADJ,2,ADJ,12
exostosis,11,NOUN,1,NOUN,12
incipiente,7,ADJ,5,ADJ,12
oftálmica,10,ADJ,2,ADJ,12
adn,9,PROPN,3,PROPN,12
ampollós,11,ADJ,1,ADJ,12
alt,1,PROPN,11,NOUN,12
profesional,4,ADJ,8,NOUN,12
paquete,1,NOUN,11,NOUN,12
programa,2,NOUN,10,NOUN,12
intervalo,1,NOUN,11,NOUN,12
coroid,11,NOUN,1,NOUN,12
salín,7,ADJ,5,ADJ,12
coroides,10,NOUN,2,NOUN,12
correr,11,VERB,1,VERB,12
portadora,11,NOUN,1,NOUN,12
nefritis,11,NOUN,1,NOUN,12
tifoidea,11,PROPN,1,PROPN,12
parótido,2,ADJ,10,ADJ,12
adiposo,1,ADJ,11,ADJ,12
bebida,7,NOUN,5,NOUN,12
difícil,8,ADJ,4,ADJ,12
calambre,9,NOUN,3,NOUN,12
hemofilia,11,NOUN,1,NOUN,12
sistémica,4,ADJ,8,ADJ,12
cisplatino,1,NOUN,11,NOUN,12
retiniana,8,ADJ,4,ADJ,12
paranoide,10,NOUN,2,ADJ,12
moco,7,PROPN,5,PROPN,12
péptico,9,ADJ,3,ADJ,12
circulación,4,NOUN,8,NOUN,12
mucoide,7,NOUN,5,ADJ,12
musculatura,1,NOUN,11,NOUN,12
traslado,1,NOUN,11,NOUN,12
plaquetario,6,ADJ,6,ADJ,12
mucós,4,ADJ,8,ADJ,12
clostridium,11,PROPN,1,PROPN,12
eje,2,NOUN,10,NOUN,12
fantasma,8,ADJ,4,ADJ,12
sudoración,1,NOUN,10,NOUN,11
lleno,10,ADJ,1,ADJ,11
poliquístico,8,ADJ,3,ADJ,11
carotídeo,5,ADJ,6,ADJ,11
cartilaginós,10,ADJ,1,ADJ,11
reservorio,8,NOUN,3,NOUN,11
cloruro,1,NOUN,10,NOUN,11
arcada,4,NOUN,7,NOUN,11
arteritis,9,NOUN,2,NOUN,11
maculós,10,ADJ,1,ADJ,11
higiene,5,NOUN,6,NOUN,11
disneo,2,ADJ,9,ADJ,11
fumar,7,VERB,4,VERB,11
oscuro,1,ADJ,10,ADJ,11
brucelosis,7,NOUN,4,NOUN,11
esquistosomiasis,10,NOUN,1,NOUN,11
maloclusión,10,NOUN,1,NOUN,11
hiperglucemia,7,NOUN,4,NOUN,11
susceptibilidad,10,NOUN,1,NOUN,11
maculopatía,10,NOUN,1,NOUN,11
camino,10,NOUN,1,NOUN,11
poliartritis,10,NUM,1,NOUN,11
menopausia,10,NOUN,1,NOUN,11
hablar,4,VERB,7,VERB,11
ileal,4,ADJ,7,ADJ,11
globular,2,ADJ,9,ADJ,11
trombótico,7,ADJ,4,ADJ,11
tinnitus,10,NOUN,1,NOUN,11
nunca,6,ADV,5,ADV,11
llanto,5,NOUN,6,NOUN,11
50%,2,SYM,9,SYM,11
amplitud,1,NOUN,10,NOUN,11
vivienda,10,NOUN,1,NOUN,11
criptococosis,10,NOUN,1,NOUN,11
viabilidad,10,NOUN,1,NOUN,11
bronquiti,10,ADJ,1,ADJ,11
óvulo,10,NOUN,1,NOUN,11
sonido,9,NOUN,2,NOUN,11
drusa,10,ADJ,1,NOUN,11
bulbar,8,ADV,3,NOUN,11
bronquiolitis,9,NOUN,2,NOUN,11
paratiroides,8,PROPN,3,PROPN,11
inactivo,8,ADJ,3,ADJ,11
conducción,9,NOUN,2,NOUN,11
gastroyeyunal,10,PROPN,1,ADJ,11
oculto,5,ADJ,6,ADJ,11
ferropénico,3,ADJ,8,ADJ,11
hipercoagulabilidad,6,NOUN,5,NOUN,11
lácteo,7,ADJ,4,ADJ,11
subjetivo,3,ADJ,8,ADJ,11
mucoso,6,ADJ,5,ADJ,11
subfoveal,8,ADJ,3,ADJ,11
gastroesofágico,9,ADJ,2,ADJ,11
electroencefalograma,1,PROPN,10,PROPN,11
cuanto,2,NOUN,9,NOUN,11
mieloma,9,NOUN,2,NOUN,11
elevador,7,NOUN,4,ADJ,11
inclusión,2,NOUN,9,NOUN,11
sanitario,6,ADJ,5,ADJ,11
ada,9,PROPN,2,PROPN,11
dirección,5,NOUN,6,NOUN,11
surco,2,NOUN,9,NOUN,11
retirado,9,ADJ,2,ADJ,11
influenzae,9,AUX,2,PROPN,11
microcefalia,10,NOUN,1,NOUN,11
basilar,8,VERB,3,NOUN,11
ast,1,PROPN,10,PROPN,11
hipogástrico,5,ADJ,6,ADJ,11
descompresión,6,NOUN,5,NOUN,11
encapsulado,1,ADJ,10,ADJ,11
alimenticio,5,ADJ,6,ADJ,11
hemicráneo,10,ADJ,1,ADJ,11
ocurrido,9,ADJ,2,ADJ,11
micobacteria,6,NOUN,5,NOUN,11
barrett,10,PROPN,1,NOUN,11
arteriola,6,NOUN,5,NOUN,11
bypass,5,NOUN,6,NOUN,11
vancomicina,2,NOUN,9,NOUN,11
altura,2,NOUN,9,NOUN,11
programado,3,ADJ,8,ADJ,11
deferente,9,ADJ,2,ADJ,11
continuación,1,NOUN,10,NOUN,11
mialgia,6,NOUN,5,NOUN,11
leucoplasia,9,NOUN,2,NOUN,11
mucocele,8,NOUN,3,PROPN,11
pinzamiento,8,NOUN,2,NOUN,10
lagrimeo,9,ADJ,1,NOUN,10
descompensación,1,NOUN,9,NOUN,10
alterado,4,ADJ,6,ADJ,10
fecal,9,ADJ,1,ADJ,10
dilatado,1,ADJ,9,ADJ,10
bronquiectasia,8,NOUN,2,ADJ,10
flutter,9,NOUN,1,NOUN,10
sobrecarga,9,NOUN,1,NOUN,10
activado,2,ADJ,8,ADJ,10
postquirúrgico,1,ADJ,9,ADJ,10
dermatofitosis,8,NOUN,2,NOUN,10
pico,1,ADJ,9,NOUN,10
haemophilus,9,PROPN,1,PROPN,10
reabsorción,3,NOUN,7,NOUN,10
íleo,9,NOUN,1,NOUN,10
ibuprofeno,1,NOUN,9,NOUN,10
decisión,8,NOUN,2,NOUN,10
telangiectasia,9,NOUN,1,NOUN,10
mg/100,9,NUM,1,NOUN,10
neumoconiosis,9,NOUN,1,NOUN,10
llevado,8,ADJ,2,ADJ,10
ingestión,9,NOUN,1,NOUN,10
erección,1,NOUN,9,NOUN,10
rebote,9,NOUN,1,NOUN,10
reflejar,3,VERB,7,VERB,10
explantación,9,NOUN,1,NOUN,10
parche,3,NOUN,7,NOUN,10
enterovirus,9,NOUN,1,NOUN,10
quistes,9,NOUN,1,NOUN,10
distribución,1,NOUN,9,NOUN,10
abdominopélvico,1,ADJ,9,ADJ,10
granulomatosis,9,NOUN,1,NOUN,10
marcapaso,9,NOUN,1,NOUN,10
epoc,2,PROPN,8,NOUN,10
fibrinógeno,1,ADJ,9,ADJ,10
bóveda,9,NOUN,1,NOUN,10
somnolencia,2,NOUN,8,NOUN,10
independiente,2,ADJ,8,ADJ,10
niñez,9,NOUN,1,NOUN,10
hoja,9,NOUN,1,NOUN,10
atelectasia,9,NOUN,1,NOUN,10
nihss,9,NOUN,1,ADJ,10
deshidratación,3,NOUN,7,NOUN,10
monitorización,3,NOUN,7,NOUN,10
neuropático,8,ADJ,2,ADJ,10
adicional,2,ADJ,8,ADJ,10
interespinós,9,ADJ,1,ADJ,10
faríngeo,4,ADJ,6,NOUN,10
osteomuscular,9,ADJ,1,ADJ,10
mesenterio,4,ADJ,6,ADJ,10
trombocitosis,8,NOUN,2,NOUN,10
irreductible,9,ADJ,1,ADJ,10
anca,3,PROPN,7,NOUN,10
anatómico,9,ADJ,1,ADJ,10
mantoux,1,NOUN,9,NOUN,10
azul,1,ADJ,9,ADJ,10
escolar,9,ADJ,1,ADJ,10
linfocitario,3,ADJ,7,ADJ,10
café,3,NOUN,7,NOUN,10
mioclonia,2,NOUN,8,NOUN,10
rítmico,3,ADJ,7,ADJ,10
deficiente,9,ADJ,1,ADJ,10
integridad,2,NOUN,8,NOUN,10
hilo,6,NOUN,4,NOUN,10
hipertermia,7,NOUN,3,NOUN,10
adaptación,6,NOUN,4,NOUN,10
unido,7,ADJ,3,ADJ,10
sangrant,6,ADJ,4,ADJ,10
priapismo,6,NOUN,4,NOUN,10
perforante,8,ADJ,2,NOUN,10
catarral,4,NOUN,6,ADJ,10
etmoidal,8,ADJ,2,ADJ,10
lagrimal,8,ADJ,2,ADJ,10
extracapilar,8,VERB,2,VERB,10
arnold-chiari,8,NOUN,2,NOUN,10
piso,6,NOUN,4,NOUN,10
morfológica,7,ADJ,3,ADJ,10
pseudomona,5,NOUN,5,NOUN,10
limpieza,6,NOUN,4,NOUN,10
carbohidrato,7,NOUN,3,NOUN,10
herradura,7,NOUN,3,NOUN,10
hidrocele,6,PROPN,4,NOUN,10
notable,1,ADJ,9,ADJ,10
giro,7,NOUN,3,NOUN,10
ótico,8,ADJ,2,ADJ,10
eritematosa,4,ADJ,6,ADJ,10
hemocromatosis,8,NOUN,2,NOUN,10
neurofibromatosis,6,NOUN,4,NOUN,10
láctico,4,ADJ,6,ADJ,10
gluten,4,NOUN,6,NOUN,10
anuria,7,NOUN,3,NOUN,10
azatioprina,1,PROPN,9,PROPN,10
esternocleidomastoideo,5,NOUN,5,ADJ,10
percentil,8,ADJ,2,ADJ,10
grás,6,ADJ,4,ADJ,10
registro,1,NOUN,9,NOUN,10
encontrado,6,ADJ,4,ADJ,10
orofaringe,7,PROPN,3,PROPN,10
micofenolato,1,NOUN,9,NOUN,10
metrorragia,6,NOUN,3,NOUN,9
mórbido,2,ADJ,7,ADJ,9
hipoestesia,6,NOUN,3,NOUN,9
suicidio,7,NOUN,2,NOUN,9
aquel,3,DET,6,DET,9
ramificado,6,ADJ,3,ADJ,9
supino,1,NOUN,8,ADJ,9
microquístico,5,ADJ,4,ADJ,9
indiferenciado,3,ADJ,6,ADJ,9
ligadura,3,NOUN,6,NOUN,9
visceral,5,ADJ,4,ADJ,9
hipoventilación,5,NOUN,4,NOUN,9
hiperuricemia,2,NOUN,7,NOUN,9
descamación,3,NOUN,6,NOUN,9
tiamina,3,NOUN,6,NOUN,9
figurar,5,VERB,4,VERB,9
asistencia,6,NOUN,3,NOUN,9
celíaco,5,ADJ,4,ADJ,9
descender,6,VERB,3,VERB,9
decir,3,NOUN,6,NOUN,9
psoriasis,7,NOUN,2,NOUN,9
adelgazamiento,2,NOUN,7,NOUN,9
ceja,5,NOUN,4,NOUN,9
hipofunción,8,NOUN,1,NOUN,9
endotelial,5,ADJ,4,ADJ,9
sebácea,8,ADJ,1,ADJ,9
preauricular,2,PROPN,7,PROPN,9
indurado,1,ADJ,8,ADJ,9
inversión,7,NOUN,2,NOUN,9
pélvica,8,ADJ,1,ADJ,9
madarosis,8,NOUN,1,NOUN,9
diverticulosis,8,NOUN,1,NOUN,9
midriasis,1,NOUN,8,NOUN,9
trombofilia,6,PROPN,3,NOUN,9
prostatitis,6,PROPN,3,NOUN,9
alfafetoproteína,3,PROPN,6,PROPN,9
invasivo,2,ADJ,7,ADJ,9
conocimiento,3,NOUN,6,NOUN,9
adaptativo,7,ADJ,2,ADJ,9
polimorfonuclear,1,ADJ,8,ADJ,9
multinodular,6,ADJ,3,ADJ,9
mucocutáneo,2,ADJ,7,ADJ,9
cerebeloso,3,ADJ,6,ADJ,9
complemento,1,NOUN,8,NOUN,9
translocación,6,NOUN,3,NOUN,9
ictus,6,NOUN,3,NOUN,9
adhesivo,7,ADJ,2,NOUN,9
aplicado,6,ADJ,3,ADJ,9
submaxilar,2,ADJ,7,ADJ,9
deber,3,AUX,6,AUX,9
global,3,ADJ,6,ADJ,9
cargado,7,ADJ,2,ADJ,9
metileno,2,NOUN,7,NOUN,9
gastroenterología,6,NOUN,3,NOUN,9
autoinjerto,6,NOUN,3,NOUN,9
seborreico,7,ADJ,2,ADJ,9
hialinosis,8,NOUN,1,NOUN,9
éxito,1,NOUN,8,NOUN,9
bradicardia,8,PROPN,1,NOUN,9
oclusal,5,ADJ,4,ADJ,9
voz,5,NOUN,4,NOUN,9
neurotoxicidad,7,NOUN,2,NOUN,9
electromiograma,1,NOUN,8,NOUN,9
elemental,1,ADJ,8,ADJ,9
mirada,1,NOUN,8,NOUN,9
estimulación,1,NOUN,8,NOUN,9
esfenoidal,7,ADJ,2,ADJ,9
antro,5,NOUN,4,NOUN,9
incapacidad,5,NOUN,4,NOUN,9
solamente,2,ADV,7,ADV,9
auditiva,7,ADJ,2,ADJ,9
positiva,6,PROPN,3,PROPN,9
estridor,2,NOUN,7,ADJ,9
ultrasonido,1,NOUN,8,NOUN,9
metahemoglobinemia,7,VERB,2,NOUN,9
disartrio,7,ADJ,2,ADJ,9
observado,2,ADJ,7,ADJ,9
hendidura,4,NOUN,5,NOUN,9
miastenia,7,PROPN,2,PROPN,9
alcalosis,6,NOUN,3,NOUN,9
hemólisis,7,NOUN,2,NOUN,9
embólico,7,ADJ,2,ADJ,9
androgénico,5,ADJ,4,ADJ,9
amnésico,8,ADJ,1,ADJ,9
pectoral,1,ADJ,8,ADJ,9
bloque,1,NOUN,8,NOUN,9
traqueal,2,ADJ,7,ADJ,9
tocar,8,VERB,1,VERB,9
prepucio,8,PROPN,1,PROPN,9
implantable,8,ADJ,1,ADJ,9
hidrato,5,NOUN,4,NOUN,9
lyme,7,NOUN,2,ADJ,9
fenotiacina,8,NOUN,1,NOUN,9
detectado,4,ADJ,5,ADJ,9
medicamentosa,2,ADJ,7,ADJ,9
perirrenal,1,VERB,8,ADJ,9
miliar,7,ADJ,2,ADJ,9
ventral,8,ADJ,1,ADJ,9
metro,2,NOUN,7,NOUN,9
viii,4,PROPN,5,PROPN,9
mamografía,4,NOUN,5,NOUN,9
hemotórax,7,NOUN,2,NOUN,9
hiperparatiroidismo,7,NOUN,2,NOUN,9
roce,2,NOUN,7,NOUN,9
pericardio,8,NOUN,1,ADJ,9
excepción,4,NOUN,5,NOUN,9
reticular,7,ADJ,2,ADJ,9
septal,8,ADJ,1,ADJ,9
transposición,8,NOUN,1,NOUN,9
aspirado,5,ADJ,4,ADJ,9
adolescencia,7,NOUN,2,NOUN,9
cayado,1,NOUN,8,NOUN,9
metálico,5,ADJ,4,ADJ,9
epidermoide,1,NOUN,8,ADJ,9
amilasa,1,PROPN,8,PROPN,9
radicular,4,ADJ,5,ADJ,9
hemoglobinar,1,VERB,8,VERB,9
10%,2,SYM,7,SYM,9
asociación,1,PROPN,8,NOUN,9
concomitante,2,ADJ,7,ADJ,9
brida,6,NOUN,2,NOUN,8
fruto,6,NOUN,2,NOUN,8
funcionante,1,ADJ,7,ADJ,8
homónimo,6,ADJ,2,ADJ,8
gravídico,6,ADJ,2,ADJ,8
hipofisario,6,ADJ,2,ADJ,8
vítrea,6,ADJ,2,NOUN,8
hemolítica,7,ADJ,1,ADJ,8
humor,6,NOUN,2,NOUN,8
clasificación,1,NOUN,7,NOUN,8
esquizoafectivo,7,ADJ,1,ADJ,8
enzimático,6,ADJ,2,ADJ,8
cumplir,2,VERB,6,VERB,8
ventilador,7,NOUN,1,NOUN,8
irritabilidad,2,NOUN,6,NOUN,8
antitrombina,2,NOUN,6,NOUN,8
sierra,6,NOUN,2,NOUN,8
sobrepeso,6,NOUN,2,NOUN,8
condiloma,2,NOUN,6,NOUN,8
pasivo,6,ADJ,2,ADJ,8
gravis,6,ADJ,2,PROPN,8
coronavirus,7,NOUN,1,NOUN,8
repetitivo,7,ADJ,1,ADJ,8
estreptocócico,6,ADJ,2,ADJ,8
cisticercosis,7,NOUN,1,NOUN,8
óptica,6,NOUN,2,NOUN,8
fosfato,1,NOUN,7,NOUN,8
multiforme,6,ADJ,2,ADJ,8
principio,2,NOUN,6,NOUN,8
ejecutivo,7,ADJ,1,ADJ,8
otalgia,6,NOUN,2,NOUN,8
balanceado,7,ADJ,1,ADJ,8
descripción,1,NOUN,7,NOUN,8
recidivant,7,ADJ,1,ADJ,8
psoriásico,7,ADJ,1,ADJ,8
impotencia,3,NOUN,5,NOUN,8
radiactivo,7,ADJ,1,ADJ,8
sufrimiento,7,NOUN,1,NOUN,8
conocer,3,VERB,5,VERB,8
caracterizado,3,ADJ,5,ADJ,8
ofrecer,3,VERB,5,VERB,8
leucocitario,3,ADJ,5,ADJ,8
adenomegalia,3,PROPN,5,NOUN,8
dificultoso,6,ADJ,2,ADJ,8
leiomioma,7,PROPN,1,PROPN,8
extraocular,7,ADJ,1,VERB,8
listeria,6,NOUN,2,PROPN,8
supraclavicular,1,NOUN,7,ADJ,8
lamelar,6,ADJ,2,ADJ,8
confuso,6,ADJ,2,ADJ,8
colestasis,3,NOUN,5,NOUN,8
lúpico,3,ADJ,5,ADJ,8
expresión,3,NOUN,5,NOUN,8
antifosfolípido,3,ADJ,5,ADJ,8
órden,7,NOUN,1,NOUN,8
fibrina,1,PROPN,7,NOUN,8
radiofrecuencia,6,NOUN,2,NOUN,8
pieloureteral,7,PROPN,1,PROPN,8
cresta,6,NOUN,2,NOUN,8
obstetricia,6,NOUN,2,NOUN,8
granada,6,PROPN,2,PROPN,8
acostar él,7,VERB,1,VERB,8
parvovirus,2,NOUN,6,NOUN,8
introducción,2,NOUN,6,NOUN,8
hiperfunción,7,NOUN,1,NOUN,8
transmisibl,7,ADJ,1,ADJ,8
irregularidad,1,NOUN,7,NOUN,8
curvatura,7,NOUN,1,NOUN,8
apraxia,7,PROPN,1,NOUN,8
nevera,6,NOUN,2,NOUN,8
continente,7,NOUN,1,NOUN,8
empleo,6,NOUN,2,NOUN,8
sindactilia,6,NOUN,2,NOUN,8
meningoencefalitis,7,NOUN,1,NOUN,8
crianza,7,NOUN,1,NOUN,8
parótida,1,ADJ,7,NOUN,8
oftalmía,7,NOUN,1,NOUN,8
emg,1,DET,7,ADJ,8
pediatra,1,NOUN,7,NOUN,8
lípido,5,NOUN,3,NOUN,8
reclutamiento,7,NOUN,1,NOUN,8
axonal,2,ADJ,6,ADJ,8
ponderal,1,ADJ,7,ADJ,8
penetrar,4,VERB,4,VERB,8
fotofobia,1,NOUN,7,NOUN,8
vulgar,5,ADJ,3,ADJ,8
esperado,5,ADJ,3,ADJ,8
pansinusitis,5,NOUN,3,PROPN,8
chorro,5,NOUN,3,NOUN,8
intrahepático,3,ADJ,5,ADJ,8
suponer,1,VERB,7,VERB,8
sequedad,3,NOUN,5,NOUN,8
hipocalcemia,3,NOUN,5,NOUN,8
disuria,1,NOUN,7,NOUN,8
fruta,5,NOUN,3,NOUN,8
mastectomía,2,NOUN,6,NOUN,8
enferma,1,NOUN,7,NOUN,8
retinosquisis,5,NOUN,3,NOUN,8
tránsito,1,NOUN,7,NOUN,8
cea,1,PROPN,7,PROPN,8
calórico-proteico,5,ADJ,3,ADJ,8
tabaquismo,3,NOUN,5,NOUN,8
refractivo,5,ADJ,3,ADJ,8
coroiditis,5,NOUN,3,NOUN,8
hidrotórax,1,PRON,7,PRON,8
ayuda,1,NOUN,7,NOUN,8
punteado,5,ADJ,3,NOUN,8
distorsión,1,NOUN,7,NOUN,8
verdura,5,NOUN,3,NOUN,8
tabáquico,1,ADJ,7,ADJ,8
incremento,1,NOUN,7,NOUN,8
esencialmente,7,ADV,1,ADV,8
intramuscular,2,ADJ,6,ADJ,8
porfiria,7,NOUN,1,NOUN,8
grano,7,NOUN,1,NOUN,8
binocular,6,ADJ,2,VERB,8
calificar,3,VERB,5,VERB,8
odontogénico,4,ADJ,4,ADJ,8
comisura,2,NOUN,6,NOUN,8
borrelia,4,NOUN,4,NOUN,8
neutropenio,6,ADJ,2,ADJ,8
subperióstico,6,ADJ,2,ADJ,8
embrionario,4,ADJ,4,ADJ,8
noradrenalina,4,PROPN,4,NOUN,8
desorientación,1,NOUN,7,NOUN,8
precordial,2,ADJ,5,ADJ,7
artralgia,5,NOUN,2,ADJ,7
sublingual,4,ADJ,3,ADJ,7
hemoglobinurio,5,ADJ,2,ADJ,7
media,4,NOUN,3,NOUN,7
tira,2,NOUN,5,NOUN,7
acinar,1,ADJ,6,PROPN,7
plasma,2,PROPN,5,PROPN,7
lobular,6,ADJ,1,ADJ,7
mieloproliferativo,5,ADJ,2,ADJ,7
eyaculación,5,NOUN,2,NOUN,7
filariasis,6,NOUN,1,NOUN,7
paraparesia,2,NOUN,5,NOUN,7
polaquiuria,1,PROPN,6,NOUN,7
aín,1,NOUN,6,NOUN,7
retrógrado,3,ADJ,4,ADJ,7
bermellón,6,PROPN,1,PROPN,7
previsto,2,ADJ,5,ADJ,7
linfoproliferativo,4,ADJ,3,ADJ,7
coxsackie,6,PROPN,1,PROPN,7
sincitial,5,ADJ,2,ADJ,7
etanercept,1,ADJ,6,ADJ,7
eliminación,4,NOUN,3,NOUN,7
vagal,5,NOUN,2,ADJ,7
ecuatorial,5,ADJ,2,ADJ,7
hiperpigmentación,3,NOUN,4,NOUN,7
montar,6,VERB,1,VERB,7
dinámica,4,NOUN,3,NOUN,7
parenquimatós,4,ADJ,3,ADJ,7
fasciculación,1,NOUN,6,NOUN,7
parásito,1,NOUN,6,NOUN,7
alzheimer,5,NOUN,2,NOUN,7
enucleación,1,NOUN,6,NOUN,7
habilidad,5,NOUN,2,NOUN,7
condrolisis,5,NOUN,2,NOUN,7
contraindicación,4,NOUN,3,NOUN,7
angle,5,PROPN,2,PROPN,7
uropatía,4,NOUN,3,NOUN,7
dermatológico,5,ADJ,2,ADJ,7
submucosa,4,ADJ,3,NOUN,7
inespecífica,6,ADJ,1,ADJ,7
soldadura,6,NOUN,1,NOUN,7
multiquístico,3,ADJ,4,ADJ,7
lectura,4,NOUN,3,NOUN,7
voluminoso,2,ADJ,5,ADJ,7
regresión,4,NOUN,3,NOUN,7
horario,4,NOUN,3,NOUN,7
ampicilina,1,NOUN,6,NOUN,7
deseo,5,NOUN,2,NOUN,7
colónico,2,ADJ,5,ADJ,7
disminuido,1,ADJ,6,ADJ,7
ampliación,1,NOUN,6,NOUN,7
medicamentoso,5,ADJ,2,ADJ,7
tortícoli,5,NOUN,2,NOUN,7
pancitopenia,4,NOUN,3,NOUN,7
explicación,2,NOUN,5,NOUN,7
extradural,6,ADJ,1,ADJ,7
epidérmico,6,ADJ,1,ADJ,7
enuresis,6,NOUN,1,NOUN,7
limbo,5,NOUN,2,NOUN,7
falciparum,6,ADJ,1,PROPN,7
residente,3,NOUN,4,NOUN,7
matriz,1,NOUN,6,NOUN,7
9-12,6,NUM,1,NUM,7
espiroqueta,6,NOUN,1,NOUN,7
disfonía,2,NOUN,5,NOUN,7
leucoma,5,NOUN,2,NOUN,7
cardiogénico,6,ADJ,1,ADJ,7
melena,3,NOUN,4,NOUN,7
pilar,3,NOUN,4,NOUN,7
discrepancia,6,NOUN,1,NOUN,7
vertiginoso,6,PROPN,1,ADJ,7
crioglobulinemia,6,VERB,1,NOUN,7
trombocitopénico,6,ADJ,1,ADJ,7
meníngeo,2,ADJ,5,ADJ,7
fundamental,6,ADJ,1,ADJ,7
electrolito,3,NOUN,4,NOUN,7
hiperemesis,6,NOUN,1,NOUN,7
c3-c4,6,ADP,1,NOUN,7
schistosoma,6,PROPN,1,NOUN,7
ayuno,6,NOUN,1,NOUN,7
carne,3,NOUN,4,NOUN,7
mosquito,6,NOUN,1,NOUN,7
normalmente,6,ADV,1,ADV,7
investigación,6,NOUN,1,NOUN,7
encéfalo,3,PROPN,4,PROPN,7
estético,2,ADJ,5,ADJ,7
alarma,3,NOUN,4,NOUN,7
pannus,6,PROPN,1,PROPN,7
psiquiátrico,3,ADJ,4,ADJ,7
hematurio,3,ADJ,4,ADJ,7
pruriginosa,1,ADJ,6,ADJ,7
angular,6,ADJ,1,ADJ,7
corregir,1,VERB,6,VERB,7
hiato,1,NOUN,6,NOUN,7
sobreinfección,1,NOUN,6,NOUN,7
confusional,2,ADJ,5,ADJ,7
indicación,1,NOUN,6,NOUN,7
post,3,NOUN,4,PROPN,7
colédoco,3,ADJ,4,ADJ,7
poliuria,5,NOUN,2,NOUN,7
carbón,5,NOUN,2,NOUN,7
predominante,2,ADJ,5,ADJ,7
oliguria,5,ADJ,2,NOUN,7
colágeno,3,NOUN,4,NOUN,7
vaciamiento,1,NOUN,6,NOUN,7
extramedular,6,ADJ,1,ADJ,7
primo,6,NOUN,1,NOUN,7
bacilo,1,NOUN,6,NOUN,7
otorrinolaringología,6,NOUN,1,NOUN,7
hipopotasemia,2,NOUN,5,NOUN,7
provocado,3,ADJ,4,ADJ,7
restrictivo,3,ADJ,4,ADJ,7
ostium,6,PROPN,1,PROPN,7
hipema,6,NOUN,1,NOUN,7
hipomagnesemia,2,NOUN,4,NOUN,6
red,2,NOUN,4,NOUN,6
bipedestación,1,NOUN,5,NOUN,6
vincristina,1,NOUN,5,NOUN,6
submucoso,1,ADJ,5,ADJ,6
cianosis,1,NOUN,5,NOUN,6
básico,1,ADJ,5,ADJ,6
transdérmico,2,ADJ,4,ADJ,6
paclitaxel,1,NOUN,5,NOUN,6
hiliar,1,NOUN,5,NOUN,6
aurícula,2,NOUN,4,NOUN,6
vii,2,PROPN,4,PROPN,6
paroxística,2,NOUN,4,ADJ,6
acrílico,1,ADJ,5,ADJ,6
relativo,1,ADJ,5,ADJ,6
evocado,1,ADJ,5,ADJ,6
ajustado,1,ADJ,5,ADJ,6
introducir,1,VERB,5,VERB,6
duramadre,2,NOUN,4,NOUN,6
extraído,1,ADJ,5,ADJ,6
extendido,1,ADJ,5,ADJ,6
antiagregant,1,NOUN,5,ADJ,6
error,1,NOUN,5,NOUN,6
caquexia,2,NOUN,4,NOUN,6
peristaltismo,1,NOUN,5,NOUN,6
deglución,1,NOUN,5,NOUN,6
modificación,1,NOUN,5,NOUN,6
solicitado,2,ADJ,4,ADJ,6
mezcla,1,NOUN,5,NOUN,6
disponible,2,ADJ,4,ADJ,6
carina,1,PROPN,5,PROPN,6
mioclonía,2,NOUN,4,NOUN,6
dosificación,1,NOUN,5,NOUN,6
marido,1,NOUN,5,NOUN,6
vegetativo,2,ADJ,4,ADJ,6
catecolamina,2,NOUN,4,NOUN,6
coronal,2,ADJ,4,ADJ,6
infrarrenal,2,ADJ,4,ADJ,6
interferón,1,ADJ,5,PROPN,6
corpuscular,1,ADJ,5,ADJ,6
vacunado,1,ADJ,5,ADJ,6
rehidratación,1,NOUN,5,NOUN,6
cepa,1,NOUN,5,NOUN,6
hepatorrenal,3,ADJ,3,ADJ,6
percusión,2,NOUN,4,NOUN,6
barba,4,NOUN,2,NOUN,6
mas,1,ADV,5,ADV,6
absorción,3,NOUN,3,NOUN,6
hepatocelular,4,ADJ,2,ADJ,6
puerto,4,NOUN,2,NOUN,6
alcanzado,3,ADJ,3,ADJ,6
hematemesis,3,NOUN,3,NOUN,6
viaje,3,NOUN,3,NOUN,6
expansión,1,NOUN,5,NOUN,6
neurona,4,NOUN,2,NOUN,6
globulina,4,NOUN,2,NOUN,6
arteriovenosa,3,PROPN,3,PROPN,6
dengue,3,NOUN,3,PROPN,6
endometrio,5,NOUN,1,NOUN,6
oclusivo,5,ADJ,1,ADJ,6
cetósico,5,ADJ,1,ADJ,6
superpuesto,5,ADJ,1,ADJ,6
modalidad,5,NOUN,1,NOUN,6
superar,1,VERB,5,VERB,6
utilizar él,3,VERB,3,VERB,6
histerectomía,3,NOUN,3,NOUN,6
cerebelosa,5,ADJ,1,ADJ,6
electrocardiográfico,1,ADJ,5,ADJ,6
mesotelial,5,ADJ,1,ADJ,6
aprendizaje,5,NOUN,1,NOUN,6
mastopatir,5,VERB,1,VERB,6
involucrar,5,VERB,1,VERB,6
hipereosinofílico,5,PROPN,1,ADJ,6
demanda,1,NOUN,5,NOUN,6
voluntario,3,ADJ,3,ADJ,6
equivalente,5,ADJ,1,ADJ,6
varicocele,1,PROPN,5,NOUN,6
cardia,4,NOUN,2,NOUN,6
geográfico,1,ADJ,5,ADJ,6
alojado,4,ADJ,2,ADJ,6
encefálico,4,ADJ,2,ADJ,6
rubéola,3,PROPN,3,PROPN,6
fibroquístico,4,ADJ,2,ADJ,6
coledocolitiasis,1,NOUN,5,NOUN,6
suprahioidea,4,PROPN,2,NOUN,6
reconstructivo,3,ADJ,3,ADJ,6
disponibilidad,4,NOUN,2,NOUN,6
islote,4,NOUN,2,NOUN,6
hipertiroidismo,3,NOUN,3,NOUN,6
eyección,4,NOUN,2,NOUN,6
víscera,3,NOUN,3,NOUN,6
queratinización,4,NOUN,2,NOUN,6
carotídeos,4,PROPN,2,PROPN,6
definir,1,VERB,5,VERB,6
perineural,1,NOUN,5,ADJ,6
húmedo,4,ADJ,2,ADJ,6
concluyent,3,ADJ,3,ADJ,6
utilización,4,NOUN,2,NOUN,6
preparación,3,NOUN,3,NOUN,6
hibridación,4,NOUN,2,NOUN,6
peripapilar,1,VERB,5,ADJ,6
fibroblástico,3,ADJ,3,ADJ,6
habitualmente,3,ADV,3,ADV,6
gris,4,ADJ,2,ADJ,6
implicado,5,ADJ,1,ADJ,6
laxo,4,ADJ,2,ADJ,6
tarsiano,5,ADJ,1,NOUN,6
cistectomía,1,NOUN,5,NOUN,6
prostatectomía,2,NOUN,4,NOUN,6
empedrado,5,NOUN,1,ADJ,6
carúncula,1,NOUN,5,NOUN,6
incapaz,5,ADJ,1,ADJ,6
linfedema,5,ADJ,1,NOUN,6
echar,5,VERB,1,VERB,6
expulsivo,5,ADJ,1,ADJ,6
invaginación,5,NOUN,1,NOUN,6
embarazado,2,ADJ,4,ADJ,6
psicosocial,5,ADJ,1,ADJ,6
expulsión,2,NOUN,4,NOUN,6
imperfecto,5,ADJ,1,ADJ,6
microaneurisma,5,NOUN,1,NOUN,6
germinal,2,ADJ,4,ADJ,6
esterilidad,5,NOUN,1,NOUN,6
adherencial,5,ADJ,1,ADJ,6
umbral,5,NOUN,1,NOUN,6
dietética,2,ADJ,4,ADJ,6
linfadenopatía,5,NOUN,1,ADJ,6
discontinuidad,5,NOUN,1,NOUN,6
petequia,2,NOUN,4,NOUN,6
angioplastia,5,NOUN,1,PROPN,6
fisurado,5,ADJ,1,ADJ,6
flemonós,5,ADJ,1,ADJ,6
folículo,1,NOUN,5,NOUN,6
iatrogénico,5,ADJ,1,ADJ,6
epiescleral,5,ADJ,1,ADJ,6
acuoso,5,ADJ,1,ADJ,6
existente,5,ADJ,1,ADJ,6
estrechamiento,5,NOUN,1,NOUN,6
tabiqu,2,NOUN,4,NOUN,6
submucós,2,ADJ,4,ADJ,6
aplásico,5,ADJ,1,ADJ,6
determinar él,5,VERB,1,VERB,6
septo,1,NOUN,5,NOUN,6
estupor,5,NOUN,1,NOUN,6
microangiopatía,5,PROPN,1,PROPN,6
calidad,1,NOUN,5,NOUN,6
histoplasmosis,5,NOUN,1,NOUN,6
miótico,5,ADJ,1,ADJ,6
yuxtapapilar,5,PROPN,1,PROPN,6
retinocoroiditis,5,NOUN,1,NOUN,6
sectorial,5,ADJ,1,NOUN,6
producido,5,ADJ,1,ADJ,6
bullós,5,ADJ,1,ADJ,6
bullosa,5,PROPN,1,ADJ,6
queratopatía,5,NOUN,1,NOUN,6
bowman,5,SYM,1,PROPN,6
rickettsiosis,5,NOUN,1,NOUN,6
hipóxico,5,ADJ,1,ADJ,6
inmunoterapia,4,PROPN,1,NOUN,5
papanicolaou,4,NOUN,1,NOUN,5
fábrica,4,NOUN,1,NOUN,5
producción,4,NOUN,1,NOUN,5
fibrótico,2,ADJ,3,ADJ,5
masticación,2,NOUN,3,NOUN,5
gusto,4,NOUN,1,NOUN,5
tabicado,4,ADJ,1,ADJ,5
instalación,4,NOUN,1,NOUN,5
1-2,2,NUM,3,NUM,5
gástrica,2,ADJ,3,ADJ,5
acetilsalicílico,1,ADJ,4,ADJ,5
paraneoplásico,4,ADJ,1,ADJ,5
posterolateral,4,ADJ,1,ADJ,5
subcortical,2,ADJ,3,ADJ,5
extratesticular,4,ADJ,1,ADJ,5
klebsiella,4,PROPN,1,PROPN,5
paranasal,2,ADJ,3,ADJ,5
judicial,1,ADJ,4,ADJ,5
bote,4,NOUN,1,NOUN,5
ventilatorio,1,ADJ,4,ADJ,5
exfoliativo,4,ADJ,1,ADJ,5
shigella,4,PROPN,1,PROPN,5
automático,4,ADJ,1,ADJ,5
cd30,4,VERB,1,ADJ,5
excavación,1,NOUN,4,NOUN,5
cabestrillo,4,NOUN,1,NOUN,5
coluria,1,NOUN,4,NOUN,5
mening,4,NOUN,1,NOUN,5
cosmético,4,NOUN,1,ADJ,5
sellado,1,NOUN,4,ADJ,5
torácica,4,ADJ,1,ADJ,5
fulminante,4,ADJ,1,ADJ,5
sifón,4,NOUN,1,NOUN,5
hipoplásico,4,ADJ,1,ADJ,5
iliotibial,4,ADJ,1,ADJ,5
glotis,4,NOUN,1,NOUN,5
abajo,1,ADV,4,ADV,5
rotulián,4,ADJ,1,ADJ,5
coordinación,4,NOUN,1,NOUN,5
permeabilidad,1,NOUN,4,NOUN,5
desuso,4,ADJ,1,ADV,5
parotiditis,4,NOUN,1,NOUN,5
rescate,1,NOUN,4,NOUN,5
panadizo,4,NOUN,1,NOUN,5
tranquilo,1,ADJ,4,ADJ,5
coliflor,4,PROPN,1,PROPN,5
circulante,4,ADJ,1,ADJ,5
insertado,4,ADJ,1,ADJ,5
estilo,4,NOUN,1,NOUN,5
papilitis,4,NOUN,1,NOUN,5
chasquido,1,NOUN,4,NOUN,5
kilogramo,1,NOUN,4,NOUN,5
cansancio,1,NOUN,4,NOUN,5
baile,4,NOUN,1,NOUN,5
universitario,1,ADJ,4,ADJ,5
inminente,1,ADJ,4,ADJ,5
organizado,4,ADJ,1,ADJ,5
intimidación,4,NOUN,1,NOUN,5
leucopenio,4,ADJ,1,ADJ,5
fórcep,4,NOUN,1,NOUN,5
vecino,1,NOUN,4,ADJ,5
enfermería,4,NOUN,1,NOUN,5
taquipnea,4,NOUN,1,PROPN,5
torniquete,4,NOUN,1,NOUN,5
streptococcus,4,NOUN,1,NOUN,5
caído,4,ADJ,1,ADJ,5
iliaca,1,ADJ,4,NOUN,5
hiperqueratosis,4,NOUN,1,NOUN,5
técnico,1,ADJ,4,ADJ,5
disperso,1,ADJ,4,ADJ,5
diferido,1,NOUN,4,ADJ,5
ortopnea,1,PROPN,4,PROPN,5
hiperglucémico,4,ADJ,1,ADJ,5
hemoptisis,1,NOUN,4,NOUN,5
punctata,4,PROPN,1,PROPN,5
método,1,NOUN,4,NOUN,5
hipoxemia,4,NOUN,1,NOUN,5
neumomediastino,1,NOUN,4,PROPN,5
palatino,2,NOUN,3,NOUN,5
afta,2,NOUN,3,NOUN,5
levantar,3,VERB,2,VERB,5
carinii,1,PROPN,4,ADJ,5
transformación,3,NOUN,2,NOUN,5
san,1,PROPN,4,PROPN,5
enteroviru,3,NOUN,2,NOUN,5
pancreática,2,ADJ,3,ADJ,5
granulocito,3,NOUN,2,NOUN,5
gafa,3,NOUN,2,NOUN,5
valproico,2,ADJ,3,ADJ,5
atracón,1,NOUN,4,NOUN,5
individual,3,ADJ,2,ADJ,5
pobremente,2,ADV,3,ADV,5
lacunar,4,VERB,1,ADJ,5
neumónico,2,ADJ,3,ADJ,5
circunflejo,1,ADJ,4,ADJ,5
lago,3,NOUN,2,NOUN,5
rotuliano,3,ADJ,2,NOUN,5
circunscrita,3,PROPN,2,ADV,5
amigdalar,2,VERB,3,VERB,5
anticitoplasma,1,ADJ,4,ADJ,5
pylori,2,PROPN,3,PROPN,5
conducir,3,VERB,2,VERB,5
escalofríos,3,NOUN,2,PROPN,5
displásico,3,ADJ,2,NOUN,5
manifestado,1,ADJ,4,ADJ,5
túbulo,1,NOUN,4,NOUN,5
colector,1,ADJ,4,ADJ,5
lobulado,1,ADJ,4,ADJ,5
piloso,2,ADJ,3,ADJ,5
erc,1,PROPN,4,PROPN,5
albugínea,1,NOUN,4,NOUN,5
desaturación,2,NOUN,3,NOUN,5
streptococcu,1,NOUN,4,NOUN,5
habitación,2,NOUN,3,NOUN,5
coloide,2,ADJ,3,ADJ,5
epstein,2,PROPN,3,PROPN,5
dispepsia,2,NOUN,3,NOUN,5
anual,2,ADJ,3,ADJ,5
fluorescente,2,ADJ,3,ADJ,5
lineal,1,ADJ,4,ADJ,5
palatín,2,ADJ,3,ADJ,5
asimétrico,2,ADJ,3,ADJ,5
variación,2,NOUN,3,NOUN,5
goteo,2,NOUN,3,NOUN,5
hemoglobinuria,2,NOUN,3,NOUN,5
marcadamente,1,ADV,4,ADV,5
potencialmente,2,ADV,3,ADV,5
hiperpotasemia,2,NOUN,3,NOUN,5
hiponatremia,2,NOUN,3,NOUN,5
teratoma,2,NOUN,3,NOUN,5
coriónico,2,ADJ,3,ADJ,5
meningioma,1,NOUN,4,NOUN,5
peneano,1,ADJ,4,ADJ,5
provisional,1,ADJ,4,ADJ,5
cardiomegalia,1,NOUN,4,NOUN,5
conservación,1,NOUN,4,NOUN,5
repleción,3,NOUN,2,NOUN,5
estructural,3,ADJ,2,ADJ,5
mesiodens,1,ADJ,4,ADJ,5
entero,3,ADJ,2,ADJ,5
extracorpóreo,2,ADJ,3,ADJ,5
débil,3,PROPN,2,ADJ,5
hdl,1,ADP,4,ADP,5
pápula,3,PROPN,2,NOUN,5
anterolateral,2,ADJ,3,ADJ,5
reversión,3,NOUN,2,NOUN,5
participar,1,VERB,4,VERB,5
ateroma,2,NOUN,3,NOUN,5
bacteriano,3,ADJ,2,ADJ,5
esqueleto,3,NOUN,2,NOUN,5
mucinós,2,ADJ,3,ADJ,5
carrera,3,NOUN,2,NOUN,5
píloro,3,NOUN,2,NOUN,5
anisocorio,2,ADJ,3,ADJ,5
pilórico,3,ADJ,2,ADJ,5
periorbitario,1,ADJ,4,ADJ,5
electrolítica,3,ADJ,2,ADJ,5
gripal,3,ADJ,2,ADJ,5
anorrectal,3,PROPN,2,ADJ,5
micronodular,1,PROPN,4,ADJ,5
carbamacepina,1,NOUN,4,NOUN,5
ideación,3,NOUN,2,NOUN,5
carótida,3,ADJ,2,ADJ,5
sarm,2,ADJ,3,PROPN,5
supratentorial,3,ADJ,2,ADJ,5
douglas,2,PROPN,3,PROPN,5
paratiroidea,1,ADJ,4,ADJ,5
género,3,NOUN,2,NOUN,5
dural,1,ADJ,4,ADJ,5
generar,2,VERB,3,VERB,5
aspartato,1,PROPN,4,NOUN,5
apendicular,1,ADJ,4,ADJ,5
sdrc,1,PROPN,4,PROPN,5
carcinoembrionario,1,ADJ,3,ADJ,4
fibromialgia,1,NOUN,3,NOUN,4
caudal,1,NOUN,3,ADJ,4
silueta,1,NOUN,3,NOUN,4
fibrinolítico,1,ADJ,3,ADJ,4
miofascial,1,ADJ,3,ADJ,4
tatuaje,1,NOUN,3,NOUN,4
erosivo,1,ADJ,3,ADJ,4
detrusor,1,ADJ,3,NOUN,4
constant,1,VERB,3,NOUN,4
litiásica,1,PROPN,3,PROPN,4
nacional,1,ADJ,3,ADJ,4
mci,1,NOUN,3,NOUN,4
interleucina,1,NOUN,3,NOUN,4
proteus,1,PROPN,3,PROPN,4
quilotórax,1,NOUN,3,NOUN,4
microcalcificación,1,NOUN,3,NOUN,4
litiásico,1,ADJ,3,ADJ,4
istmo,1,NOUN,3,NOUN,4
aeruginós,1,ADJ,3,ADJ,4
extrahepática,1,NOUN,3,ADJ,4
indefinido,1,ADJ,3,ADJ,4
adenomatós,1,ADJ,3,ADJ,4
facultad,1,PROPN,3,PROPN,4
adquirir,1,VERB,3,VERB,4
diastema,1,PROPN,3,NOUN,4
anti-xa,1,PROPN,3,PUNCT,4
halo,1,NOUN,3,NOUN,4
sacular,1,PROPN,3,ADJ,4
porfirina,1,NOUN,3,NOUN,4
leiden,1,ADJ,3,NOUN,4
hipocampo,1,NOUN,3,NOUN,4
diagonal,1,ADJ,3,ADJ,4
expansor,1,NOUN,3,NOUN,4
isquémica,1,ADJ,3,ADJ,4
litio,1,NOUN,3,NOUN,4
autoanticuerpo,1,NOUN,3,PROPN,4
barr,1,PROPN,3,PROPN,4
sudor,1,NOUN,3,NOUN,4
transfusional,1,ADJ,3,ADJ,4
quiloso,1,ADJ,3,ADJ,4
quilós,1,ADJ,3,ADJ,4
hifema,1,PROPN,3,NOUN,4
exclusivamente,1,ADV,3,ADV,4
metamorfopsia,1,NOUN,3,ADV,4
convergente,1,ADJ,3,ADJ,4
profesor,1,NOUN,3,ADJ,4
carcinomatosis,1,NOUN,3,NOUN,4
ingurgitación,1,NOUN,3,NOUN,4
excluir,1,VERB,3,VERB,4
somatostatina,1,NOUN,3,NOUN,4
coagulasa,1,NOUN,3,PROPN,4
liquido,1,NOUN,3,NOUN,4
folato,1,NOUN,3,NOUN,4
acuminado,1,ADJ,3,ADJ,4
macroglosia,1,PROPN,3,PROPN,4
enfisematós,1,ADJ,3,ADJ,4
estenosante,1,ADV,3,ADJ,4
oftálmico,1,ADJ,3,ADJ,4
jiroveci,1,VERB,3,PROPN,4
ldl,1,PROPN,3,PROPN,4
coxiella,1,PROPN,3,PROPN,4
espejo,1,NOUN,3,NOUN,4
oveja,2,NOUN,2,NOUN,4
plazo,1,NOUN,3,NOUN,4
tromboplastina,3,NOUN,1,NOUN,4
subconjuntival,2,ADJ,2,ADJ,4
parafina,2,NOUN,2,NOUN,4
inferoposterior,2,PROPN,2,PROPN,4
escrito,2,ADJ,2,ADJ,4
rol,3,NOUN,1,NOUN,4
remanente,3,ADJ,1,ADJ,4
cera,2,NOUN,2,NOUN,4
viento,3,NOUN,1,NOUN,4
catarro,2,NOUN,2,NOUN,4
parainfluenza,2,PROPN,2,NOUN,4
compañero,2,NOUN,2,NOUN,4
bicorne,3,PROPN,1,PROPN,4
interferir,2,VERB,2,VERB,4
pestaña,2,NOUN,2,NOUN,4
paroniquia,2,NOUN,2,NOUN,4
exclusión,2,NOUN,2,NOUN,4
deseado,2,ADJ,2,ADJ,4
picor,2,NOUN,2,NOUN,4
pala,3,PROPN,1,PROPN,4
terrestre,3,ADJ,1,ADJ,4
clasificar él,2,VERB,2,VERB,4
mesocolon,2,NOUN,2,NOUN,4
bulbo,2,NOUN,2,NOUN,4
dinero,3,NOUN,1,NOUN,4
inseguridad,3,NOUN,1,NOUN,4
poliposis,2,NOUN,2,NOUN,4
basofílica,3,NOUN,1,ADJ,4
hemianopsia,2,NOUN,2,NOUN,4
tegumento,3,NOUN,1,NOUN,4
infliximab,1,PROPN,3,PROPN,4
migración,1,NOUN,3,NOUN,4
sibilancia,1,NOUN,3,NOUN,4
crítico,3,ADJ,1,ADJ,4
fibromuscular,3,ADJ,1,ADJ,4
epididimiti,3,NOUN,1,NOUN,4
venéreo,3,PROPN,1,ADJ,4
ciclosporina,1,NOUN,3,NOUN,4
úvula,3,PROPN,1,NOUN,4
naproxeno,1,NOUN,3,NOUN,4
fragmentación,3,NOUN,1,NOUN,4
tacrolimus,1,DET,3,DET,4
desmielinización,3,NOUN,1,NOUN,4
colorant,3,NOUN,1,NOUN,4
broncoespasmo,2,NOUN,2,NOUN,4
proximidad,2,NOUN,2,NOUN,4
20-25,2,NUM,2,NUM,4
antecubital,2,ADJ,2,ADJ,4
betalactámico,3,ADJ,1,NOUN,4
autoinmún,3,ADJ,1,ADJ,4
cefálico,2,ADJ,2,ADJ,4
hidróxido,2,NOUN,2,NOUN,4
tirosina,3,NOUN,1,NOUN,4
confluente,2,ADJ,2,ADJ,4
descamativo,2,ADJ,2,NOUN,4
desmielinizant,3,ADJ,1,ADJ,4
quinasa,3,NOUN,1,NOUN,4
vestíbulo,2,NOUN,2,NOUN,4
anaerobio,2,NOUN,2,NOUN,4
parrilla,3,NOUN,1,NOUN,4
tuberculoma,3,NOUN,1,NOUN,4
mural,3,NOUN,1,NOUN,4
gammapatía,2,NOUN,2,NOUN,4
entrenamiento,3,NOUN,1,NOUN,4
estrellado,3,ADJ,1,ADJ,4
marchar,3,VERB,1,VERB,4
bulimia,3,NOUN,1,NOUN,4
supresión,2,NOUN,2,NOUN,4
precedente,3,NOUN,1,ADJ,4
declarar,2,VERB,2,VERB,4
maduración,3,NOUN,1,NOUN,4
confusión,2,NOUN,2,NOUN,4
histocompatibilidad,2,NOUN,2,NOUN,4
fluctuante,2,ADJ,2,ADJ,4
refracción,3,NOUN,1,NOUN,4
neutropenia,2,NOUN,2,NOUN,4
descanso,2,NOUN,2,NOUN,4
nefrogénico,2,ADJ,2,ADJ,4
visualización,2,NOUN,2,NOUN,4
foramen,2,NOUN,2,NOUN,4
2500,2,NUM,2,NUM,4
ausente,2,ADJ,2,ADJ,4
cuadrant,2,NOUN,2,NOUN,4
espeso,2,ADJ,2,ADJ,4
orinar,2,VERB,2,VERB,4
inmunoglobulinas,2,PROPN,2,PROPN,4
endotraqueal,2,PROPN,2,ADJ,4
eritropoyetina,2,PROPN,2,NOUN,4
hipernatremia,2,NOUN,2,NOUN,4
ácido-base,2,ADJ,2,NOUN,4
muerto,3,ADJ,1,ADJ,4
hematológica,3,ADJ,1,ADJ,4
vulgaris,2,PROPN,2,PROPN,4
surgir,2,VERB,2,VERB,4
autismo,3,NOUN,1,NOUN,4
esporádico,2,ADJ,2,ADJ,4
cóctel,3,NOUN,1,NOUN,4
olor,2,NOUN,2,NOUN,4
hipogonadismo,2,NOUN,2,NOUN,4
chaga,3,NOUN,1,NOUN,4
megaloblástico,3,ADJ,1,ADJ,4
insípido,2,ADJ,2,ADJ,4
nutrient,2,ADJ,2,NOUN,4
empiema,3,NOUN,1,NOUN,4
perfringens,3,PROPN,1,PROPN,4
amenorrea,3,NOUN,1,NOUN,4
bengala,2,NOUN,2,NOUN,4
migratorio,3,ADJ,1,ADJ,4
impregnado,3,ADJ,1,ADJ,4
labilidad,2,NOUN,2,NOUN,4
toro,2,NOUN,2,NOUN,4
contaminant,3,NOUN,1,NOUN,4
sentado,2,ADJ,2,ADJ,4
mono,3,NOUN,1,NOUN,4
numular,3,ADJ,1,ADJ,4
hipercalcemia,2,NOUN,2,NOUN,4
fiebrir,3,VERB,1,VERB,4
saliva,2,NOUN,2,NOUN,4
anti-inflamatorio,3,ADJ,1,NOUN,4
posoperatorio,3,ADJ,1,NOUN,4
planificación,3,NOUN,1,NOUN,4
disociación,3,NOUN,1,NOUN,4
lactosa,3,NOUN,1,NOUN,4
xantoma,3,NOUN,1,NOUN,4
granja,3,NOUN,1,NOUN,4
acetato,3,NOUN,1,NOUN,4
acth,3,NOUN,1,NOUN,4
interferencia,3,NOUN,1,NOUN,4
postración,3,NOUN,1,NOUN,4
regulación,3,NOUN,1,NOUN,4
cuadrado,1,NOUN,3,ADJ,4
19.9,1,NUM,3,NUM,4
poliquistosis,1,NOUN,3,NOUN,4
hipogammaglobulinemia,3,NOUN,1,NOUN,4
piógeno,3,ADJ,1,ADJ,4
inmunosupresión,1,NOUN,3,NOUN,4
queloide,3,ADJ,1,ADJ,4
oxigenación,1,NOUN,3,NOUN,4
subdérmico,3,ADJ,1,ADJ,4
sofoco,3,NOUN,1,NOUN,4
vincent,3,PROPN,1,PROPN,4
klinefelter,3,PROPN,1,PROPN,4
subsegmentario,3,ADJ,1,ADJ,4
suplementario,1,ADJ,3,ADJ,4
establecimiento,3,NOUN,1,NOUN,4
ayuna,2,NOUN,1,NOUN,3
hipo,1,NOUN,2,NOUN,3
afonía,2,NOUN,1,NOUN,3
lipoma,1,PROPN,2,PROPN,3
hipoperfusión,1,NOUN,2,NOUN,3
entidad,1,NOUN,2,NOUN,3
terreno,2,NOUN,1,NOUN,3
treponema,1,PROPN,2,PROPN,3
almacén,2,NOUN,1,NOUN,3
paranoidir,2,VERB,1,VERB,3
celda,1,NOUN,2,NOUN,3
flotante,2,ADJ,1,ADJ,3
malt,1,NOUN,2,PROPN,3
vellós,1,ADJ,2,ADJ,3
proporcionar,2,VERB,1,VERB,3
afinidad,2,NOUN,1,NOUN,3
adicción,1,NOUN,2,NOUN,3
dormir,2,VERB,1,VERB,3
cid,1,PROPN,2,PROPN,3
piridoxina,2,NOUN,1,PROPN,3
informático,2,ADJ,1,ADJ,3
xii,1,PROPN,2,PROPN,3
recubierto,1,ADJ,2,ADJ,3
propiedad,2,NOUN,1,NOUN,3
240,1,NUM,2,NUM,3
nucleótido,2,NOUN,1,NOUN,3
ampollosa,1,ADJ,2,ADJ,3
verrugoso,1,ADJ,2,ADJ,3
orden,1,NOUN,2,NOUN,3
cabra,2,NOUN,1,NOUN,3
usar él,2,VERB,1,VERB,3
oligoamnio,1,NOUN,2,NOUN,3
pensamiento,1,NOUN,2,NOUN,3
boston,1,PROPN,2,PROPN,3
glucogenosis,2,NOUN,1,NOUN,3
síntesis,2,NOUN,1,NOUN,3
causado,2,ADJ,1,ADJ,3
distimia,1,NOUN,2,NOUN,3
papulosa,2,ADJ,1,ADJ,3
ansioso-depresivo,1,ADJ,2,ADJ,3
atrapar,1,VERB,2,VERB,3
inusual,1,ADJ,2,ADJ,3
perdido,1,ADJ,2,ADJ,3
nombre,2,NOUN,1,NOUN,3
socioeconómico,2,ADJ,1,ADJ,3
linfogranuloma,2,NOUN,1,NOUN,3
aat,1,PROPN,2,PROPN,3
acero,1,NOUN,2,NOUN,3
adenitis,2,NOUN,1,NOUN,3
noveno,1,ADJ,2,ADJ,3
piurio,1,ADJ,2,ADJ,3
coriomeningitis,1,PROPN,2,PROPN,3
expresado,1,ADJ,2,ADJ,3
asténico,2,PROPN,1,NOUN,3
reparar,1,VERB,2,VERB,3
queso,1,NOUN,2,NOUN,3
supraventricular,1,PROPN,2,PROPN,3
arteriopatía,1,NOUN,2,NOUN,3
alucinatorio,2,ADJ,1,ADJ,3
linfangioma,2,PROPN,1,NOUN,3
perforant,1,ADJ,2,ADJ,3
tasa,1,NOUN,2,NOUN,3
muguet,1,NOUN,2,NOUN,3
abombamiento,1,NOUN,2,NOUN,3
lejano,1,ADJ,2,ADJ,3
palpitación,1,NOUN,2,NOUN,3
gasto,1,NOUN,2,NOUN,3
simulación,1,NOUN,2,NOUN,3
dual,1,ADJ,2,ADJ,3
novo,1,PROPN,2,PROPN,3
textura,1,NOUN,2,NOUN,3
gastrina,2,NOUN,1,NOUN,3
libertad,1,NOUN,2,NOUN,3
hematopoyesis,2,NOUN,1,NOUN,3
cérvix,1,PROPN,2,NOUN,3
aortocoronario,1,ADJ,2,ADJ,3
péptido,1,NOUN,2,ADJ,3
alagille,1,NOUN,2,NOUN,3
osteosclerosis,2,NOUN,1,NOUN,3
cruce,2,NOUN,1,NOUN,3
etílico,1,ADJ,2,ADJ,3
hipovolémico,2,ADJ,1,ADJ,3
ptir,2,VERB,1,VERB,3
espongiosis,1,NOUN,2,NOUN,3
orofaríngea,2,PROPN,1,ADJ,3
himen,2,NOUN,1,NOUN,3
rabdomiolisis,2,NOUN,1,NOUN,3
fish,2,PROPN,1,PROPN,3
vulvovaginal,1,ADJ,2,ADJ,3
nicotínico,2,ADJ,1,ADJ,3
circunvolución,1,NOUN,2,NOUN,3
torus,2,NOUN,1,NOUN,3
196,2,NUM,1,NUM,3
transferencia,1,NOUN,2,NOUN,3
bilioso,2,ADJ,1,ADJ,3
esofagitis,2,NOUN,1,NOUN,3
angioma,2,PROPN,1,PROPN,3
linfoepitelial,2,ADJ,1,ADJ,3
lipasa,2,NOUN,1,PROPN,3
pan,1,NOUN,2,NOUN,3
estética,1,NOUN,2,NOUN,3
esclerótico,1,ADJ,2,ADJ,3
eritrodermia,2,PROPN,1,NOUN,3
consanguinidad,1,NOUN,2,NOUN,3
tuberculín,2,ADJ,1,ADJ,3
fresa,2,NOUN,1,NOUN,3
hipertonía,1,NOUN,2,NOUN,3
embrión,2,NOUN,1,NOUN,3
hamartoma,1,ADJ,2,NOUN,3
hcg,2,PROPN,1,PROPN,3
violento,2,ADJ,1,ADJ,3
papilomatosis,1,NOUN,2,NOUN,3
vegetante,2,ADV,1,ADV,3
peribucal,1,ADJ,2,ADJ,3
callo,2,NOUN,1,PROPN,3
tortuoso,1,ADJ,2,ADJ,3
fundus,2,NOUN,1,NOUN,3
melanina,2,NOUN,1,NOUN,3
equimosis,2,NOUN,1,NOUN,3
endocervical,2,ADJ,1,ADJ,3
asta,1,NOUN,2,NOUN,3
tar,1,NOUN,2,NOUN,3
motora,1,NOUN,2,ADJ,3
desconocer,1,VERB,2,VERB,3
e.coli,1,ADJ,2,NOUN,3
especifico,2,ADJ,1,ADJ,3
periventricular,2,ADJ,1,ADJ,3
cowden,1,PROPN,2,PROPN,3
bacteroides,1,PROPN,2,PROPN,3
htlv-i,1,NOUN,2,PROPN,3
hipergammaglobulinemia,2,PROPN,1,PROPN,3
reconstitución,2,NOUN,1,NOUN,3
verano,2,NOUN,1,NOUN,3
tuberculoide,2,PROPN,1,PROPN,3
trígono,1,NOUN,2,NOUN,3
hepatoma,1,PROPN,2,NOUN,3
pelviano,2,ADJ,1,ADJ,3
apéndiz,2,NOUN,1,NOUN,3
polimialgia,2,NOUN,1,NOUN,3
orquiepididimitis,1,VERB,2,VERB,3
mortalidad,2,NOUN,1,NOUN,3
bicúspide,1,ADJ,2,ADJ,3
vólvulo,2,ADJ,1,NOUN,3
elongación,1,NOUN,2,NOUN,3
cintilla,2,NOUN,1,NOUN,3
calmar,1,VERB,2,VERB,3
hipercalciuria,2,NOUN,1,NOUN,3
sacroilíaco,2,ADJ,1,ADJ,3
posmiccional,1,ADJ,2,ADJ,3
nudo,2,NOUN,1,NOUN,3
alumbramiento,2,NOUN,1,NOUN,3
hormigueo,2,NOUN,1,NOUN,3
hemivértebra,2,NOUN,1,NOUN,3
retráctil,2,PROPN,1,ADJ,3
rubor,2,NOUN,1,NOUN,3
deprimido,2,ADJ,1,ADJ,3
acrocianosis,1,NOUN,2,NOUN,3
excéntrico,1,ADJ,2,ADJ,3
osteopatía,2,NOUN,1,NOUN,3
estudiante,1,NOUN,2,NOUN,3
seguro,1,NOUN,2,ADJ,3
peroneal,2,PROPN,1,NOUN,3
hemoperitoneo,1,ADJ,2,NOUN,3
comer,1,VERB,2,VERB,3
dilución,1,NOUN,2,NOUN,3
destructivo,1,ADJ,2,ADJ,3
polidipsia,1,NOUN,2,NOUN,3
interdigital,2,ADJ,1,ADJ,3
raquídea,1,NOUN,2,PROPN,3
rinorrea,1,NOUN,2,NOUN,3
10º,2,NUM,1,NUM,3
acetazolamida,2,NOUN,1,NOUN,3
manualmente,1,ADV,2,ADV,3
aracnoideo,1,ADJ,2,ADJ,3
monitor,1,NOUN,2,NOUN,3
caer él,1,VERB,2,VERB,3
3-5,1,NUM,2,NUM,3
atáxico,2,ADJ,1,ADJ,3
ayudar,1,VERB,2,VERB,3
extracraneal,2,ADJ,1,ADJ,3
sebáceo,2,NOUN,1,ADJ,3
acromial,1,ADJ,2,ADJ,3
orofacial,2,ADJ,1,ADJ,3
amiotrófico,2,ADJ,1,ADJ,3
vibratorio,1,ADJ,2,ADJ,3
apropiado,1,ADJ,2,ADJ,3
persecución,2,NOUN,1,NOUN,3
tuberós,2,ADJ,1,ADJ,3
gastroduodenal,1,PROPN,2,ADJ,3
horner,1,PROPN,2,PROPN,3
cortar,1,VERB,2,VERB,3
nodoso,1,ADJ,2,ADJ,3
obliteración,2,NOUN,1,NOUN,3
establecido,1,ADJ,2,ADJ,3
permiso,1,NOUN,2,NOUN,3
acelerado,2,ADJ,1,ADJ,3
intrarraquídea,2,ADJ,1,NOUN,3
esquirla,1,NOUN,2,NOUN,3
curva,1,NOUN,2,NOUN,3
laxa,2,ADJ,1,ADJ,3
protegido,2,ADJ,1,ADJ,3
homosexual,1,ADJ,2,ADJ,3
diana,1,NOUN,2,NOUN,3
inspección,1,NOUN,2,NOUN,3
vacunal,1,ADJ,2,ADJ,3
emesis,1,NOUN,2,NOUN,3
vacunar,1,VERB,2,VERB,3
temor,1,NOUN,2,NOUN,3
viteliforme,1,ADJ,2,ADJ,3
nerviosismo,1,NOUN,2,NOUN,3
tamoxifeno,1,NOUN,2,NOUN,3
rendimiento,1,NOUN,2,NOUN,3
swan-ganz,1,NOUN,2,ADJ,3
prerrenal,1,ADJ,2,ADJ,3
escalofrío,1,NOUN,2,NOUN,3
conjugado,1,ADJ,2,ADJ,3
convulsiva,1,ADJ,2,ADJ,3
estertor,1,NOUN,2,NOUN,3
estreptomicina,1,NOUN,2,NOUN,3
miosis,1,NOUN,2,NOUN,3
hepatopulmonar,1,VERB,2,NOUN,3
voyeurismo,2,NOUN,1,NOUN,3
ketoprofeno,1,NOUN,2,PROPN,3
bacteriemia,1,VERB,2,NOUN,3
epiploico,1,ADJ,2,ADJ,3
hipoactivo,2,ADJ,1,NOUN,3
estereopsis,1,NOUN,2,NOUN,3
pararrenal,2,ADJ,1,ADJ,3
absorbible,1,ADJ,2,ADJ,3
extrusión,1,NOUN,2,NOUN,3
hipertrófica,2,ADJ,1,ADJ,3
neurógeno,1,ADJ,2,ADJ,3
sanguinolento,1,ADJ,2,ADJ,3
cepillo,2,NOUN,1,NOUN,3
dismórfico,2,ADJ,1,ADJ,3
heterosexual,1,ADJ,2,ADJ,3
irreversible,2,ADJ,1,ADJ,3
espontáneamente,1,ADV,2,ADV,3
vaciado,1,ADJ,2,ADJ,3
burbuja,1,NOUN,2,NOUN,3
diseminada,2,ADJ,1,ADJ,3
fresco,1,ADJ,2,ADJ,3
hepatoesplenomegalia,1,PROPN,2,NOUN,3
mononuclear,1,ADJ,2,NOUN,3
lent,2,NOUN,1,NOUN,3
humeral,1,ADJ,2,ADJ,3
lobar,1,VERB,2,VERB,3
loa,2,PROPN,1,DET,3
transductor,1,ADJ,2,NOUN,3
desnudo,1,ADJ,2,ADJ,3
kappa,1,PROPN,2,PROPN,3
menudo,1,NOUN,2,NOUN,3
pneumocystis,2,PROPN,1,NOUN,3
cortisol,1,PROPN,2,NOUN,3
edematós,1,ADJ,2,ADJ,3
nicturio,1,ADJ,2,ADJ,3
bulla,1,NOUN,2,NOUN,3
piriforme,2,ADJ,1,ADJ,3
masturbación,1,NOUN,2,NOUN,3
vasectomía,2,NOUN,1,NOUN,3
anticardiolipina,1,PROPN,2,NOUN,3
soldador,1,NOUN,2,NOUN,3
ejecución,2,NOUN,1,NOUN,3
activar,1,VERB,2,VERB,3
yeyunostomía,1,PROPN,2,PROPN,3
extrahepático,2,ADJ,1,ADJ,3
abandonar,1,VERB,2,VERB,3
amigdalino,2,ADJ,1,ADJ,3
amaurosis,1,NOUN,2,NOUN,3
core,1,ADJ,2,ADJ,3
aorto,1,ADJ,2,ADJ,3
hipertrigliceridemia,1,NOUN,2,NOUN,3
nuca,1,NOUN,2,NOUN,3
mcardle,1,PROPN,2,PROPN,3
glucosuria,1,PROPN,2,NOUN,3
rural,1,ADJ,2,ADJ,3
laríngeo,2,ADJ,1,ADJ,3
calendario,2,NOUN,1,NOUN,3
ciclina,1,PROPN,2,NOUN,3
tvp,1,PROPN,2,NOUN,3
leucodistrofia,1,NOUN,2,NOUN,3
rinovirus,1,NOUN,1,NOUN,2
perirrectal,1,ADJ,1,ADJ,2
talco,1,NOUN,1,NOUN,2
budd-chiari,1,NOUN,1,NOUN,2
antracosis,1,NOUN,1,NOUN,2
ototóxico,1,ADJ,1,ADJ,2
potter,1,PROPN,1,PROPN,2
dentígero,1,ADJ,1,ADJ,2
postintervención,1,PROPN,1,NOUN,2
sordomudez,1,ADJ,1,NOUN,2
estacional,1,ADJ,1,ADJ,2
mucopurulento,1,ADJ,1,ADJ,2
259,1,NUM,1,NUM,2
silicosis,1,NOUN,1,NOUN,2
revascularización,1,NOUN,1,NOUN,2
trago,1,NOUN,1,NOUN,2
pancreatiti,1,ADJ,1,NOUN,2
rotado,1,ADJ,1,ADJ,2
microcórnea,1,NOUN,1,NOUN,2
cornet,1,NOUN,1,NOUN,2
relajación,1,NOUN,1,NOUN,2
diurno,1,ADJ,1,ADJ,2
corectopia,1,PROPN,1,NOUN,2
centelleo,1,NOUN,1,NOUN,2
bilocular,1,ADJ,1,ADJ,2
esferofaquia,1,NOUN,1,NOUN,2
carnós,1,ADJ,1,ADJ,2
tromboembólico,1,ADJ,1,ADJ,2
portosistémico,1,ADJ,1,ADJ,2
escaldado,1,ADJ,1,ADJ,2
aspergillus,1,PROPN,1,PROPN,2
desviado,1,ADJ,1,ADJ,2
rosado,1,ADJ,1,ADJ,2
divergente,1,ADJ,1,ADJ,2
parafaríngeo,1,NOUN,1,ADJ,2
muela,1,NOUN,1,NOUN,2
algodón,1,NOUN,1,NOUN,2
obtusa,1,NOUN,1,NOUN,2
infradiafragmático,1,ADJ,1,ADJ,2
criptorquidia,1,NOUN,1,NOUN,2
posicional,1,ADJ,1,ADJ,2
mediastinitis,1,NOUN,1,NOUN,2
ulceroso,1,ADJ,1,ADJ,2
bulbi,1,PROPN,1,ADJ,2
calificado,1,ADJ,1,ADJ,2
procesamiento,1,NOUN,1,NOUN,2
lavador,1,NOUN,1,ADJ,2
subfascial,1,ADJ,1,ADJ,2
pericoronaritis,1,NOUN,1,NOUN,2
moteado,1,NOUN,1,ADJ,2
vogt,1,NOUN,1,NOUN,2
erb,1,NOUN,1,NOUN,2
verdoso,1,ADJ,1,ADJ,2
antral,1,ADJ,1,PROPN,2
plaquetopenia,1,PROPN,1,NOUN,2
net,1,PROPN,1,PROPN,2
ungueal,1,ADJ,1,ADJ,2
necrolisis,1,NOUN,1,NOUN,2
hipermadura,1,NOUN,1,NOUN,2
linea,1,NOUN,1,NOUN,2
crítica,1,NOUN,1,NOUN,2
deformado,1,ADJ,1,ADJ,2
4000,1,NUM,1,NUM,2
quelitis,1,PROPN,1,NOUN,2
subgaleal,1,ADJ,1,ADJ,2
calcáreo,1,ADJ,1,ADJ,2
iridectomía,1,PROPN,1,NOUN,2
4500,1,NUM,1,NUM,2
acuosa,1,ADJ,1,ADJ,2
epicraneal,1,ADJ,1,NOUN,2
papulós,1,ADJ,1,ADJ,2
episiotomía,1,NOUN,1,NOUN,2
tóracoabdominal,1,NOUN,1,NOUN,2
tristeza,1,NOUN,1,NOUN,2
subvalvular,1,ADJ,1,ADJ,2
éstasis,1,NOUN,1,NOUN,2
microlitiasis,1,NOUN,1,NOUN,2
simultáneo,1,ADJ,1,ADJ,2
proteinosis,1,NOUN,1,NOUN,2
hialina,1,ADJ,1,ADJ,2
iiia,1,NOUN,1,NOUN,2
pobre,1,ADJ,1,ADJ,2
peñasco,1,NOUN,1,NOUN,2
recolocar,1,VERB,1,VERB,2
extrínseca,1,NOUN,1,NOUN,2
tad,1,PROPN,1,NOUN,2
llenado,1,ADJ,1,NOUN,2
dentinogénesis,1,NOUN,1,NOUN,2
nubécula,1,PROPN,1,NOUN,2
primaveral,1,ADJ,1,ADJ,2
edentulismo,1,NOUN,1,NOUN,2
hepatocito,1,NOUN,1,NOUN,2
hirsutismo,1,NOUN,1,NOUN,2
película,1,NOUN,1,NOUN,2
costra,1,NOUN,1,NOUN,2
subhepático,1,ADJ,1,ADJ,2
versión,1,NOUN,1,NOUN,2
glosoptosis,1,NOUN,1,NOUN,2
bifosfonato,1,NOUN,1,NOUN,2
mala,1,ADJ,1,ADJ,2
energía,1,NOUN,1,NOUN,2
internado,1,PROPN,1,ADJ,2
demora,1,NOUN,1,NOUN,2
adalimumab,1,PROPN,1,PROPN,2
fecaloideo,1,ADJ,1,ADJ,2
inaccesible,1,ADJ,1,ADJ,2
anastrozol,1,PROPN,1,PROPN,2
académico,1,ADJ,1,ADJ,2
marrón,1,ADJ,1,ADJ,2
clorambucilo,1,PROPN,1,PROPN,2
matidez,1,NOUN,1,NOUN,2
epistaxis,1,NOUN,1,NOUN,2
quinina,1,NOUN,1,NOUN,2
lentitud,1,NOUN,1,NOUN,2
atencional,1,ADJ,1,ADJ,2
5-fluorouracilo,1,NUM,1,NUM,2
impulsividad,1,NOUN,1,NOUN,2
conflictivo,1,ADJ,1,ADJ,2
internacional,1,ADJ,1,ADJ,2
autoestima,1,NOUN,1,NOUN,2
tutor,1,NOUN,1,NOUN,2
desproporcionado,1,ADJ,1,ADJ,2
interrumpido,1,ADJ,1,ADJ,2
enfermera,1,NOUN,1,NOUN,2
logopeda,1,NOUN,1,NOUN,2
tenesmir,1,VERB,1,VERB,2
11º,1,NUM,1,NUM,2
inatención,1,NOUN,1,NOUN,2
circuncisión,1,NOUN,1,NOUN,2
adosado,1,ADJ,1,ADJ,2
hito,1,NOUN,1,NOUN,2
megadosis,1,NOUN,1,NOUN,2
fenilcetonuria,1,NOUN,1,NOUN,2
cistinurio,1,ADJ,1,ADJ,2
comparación,1,NOUN,1,NOUN,2
inmunidad,1,NOUN,1,NOUN,2
esternotomía,1,NOUN,1,NOUN,2
preescolar,1,NOUN,1,NOUN,2
anisocitosis,1,NOUN,1,NOUN,2
nosocomial,1,ADJ,1,ADJ,2
blee,1,PROPN,1,PROPN,2
caprichoso,1,ADJ,1,ADJ,2
aptitud,1,NOUN,1,NOUN,2
pulsioxímetro,1,NOUN,1,NOUN,2
anterógrado,1,ADJ,1,ADJ,2
autoridad,1,NOUN,1,NOUN,2
quinolona,1,NOUN,1,NOUN,2
calentamiento,1,NOUN,1,NOUN,2
albuminuria,1,NOUN,1,NOUN,2
circuito,1,NOUN,1,NOUN,2
cobalto,1,NOUN,1,NOUN,2
ppd,1,NOUN,1,PROPN,2
limpiar,1,VERB,1,VERB,2
plato,1,NOUN,1,NOUN,2
fluoroquinolona,1,NOUN,1,NOUN,2
decorticación,1,NOUN,1,NOUN,2
artroscópico,1,PROPN,1,ADJ,2
tirar,1,VERB,1,VERB,2
atlas,1,PROPN,1,PROPN,2
esposa,1,NOUN,1,NOUN,2
mamográfico,1,ADJ,1,ADJ,2
andar,1,VERB,1,VERB,2
cordero,1,NOUN,1,NOUN,2
particular,1,ADJ,1,VERB,2
tinta,1,NOUN,1,NOUN,2
distrófico,1,ADJ,1,ADJ,2
electrofisiológico,1,ADJ,1,ADJ,2
erg,1,PROPN,1,PROPN,2
electrorretinograma,1,PROPN,1,PROPN,2
electrooculograma,1,NOUN,1,NOUN,2
verrucoso,1,ADJ,1,ADJ,2
obturatriz,1,PROPN,1,PROPN,2
autointoxicación,1,NOUN,1,NOUN,2
evertido,1,ADJ,1,ADJ,2
health,1,PROPN,1,PROPN,2
filtrante,1,ADJ,1,ADJ,2
excavado,1,ADJ,1,ADJ,2
autógén,1,ADJ,1,ADJ,2
craneofacial,1,ADJ,1,ADJ,2
macrocefalia,1,PROPN,1,NOUN,2
tortuosidad,1,NOUN,1,NOUN,2
alport,1,PROPN,1,NOUN,2
unidos,1,PROPN,1,PROPN,2
metílico,1,ADJ,1,ADJ,2
warfarina,1,PROPN,1,NOUN,2
oftalmológica,1,ADJ,1,ADJ,2
historial,1,NOUN,1,NOUN,2
preparto,1,NOUN,1,NOUN,2
fracturar,1,VERB,1,VERB,2
generalmente,1,ADV,1,ADV,2
17-cetosteroides,1,NUM,1,NUM,2
submarino,1,ADJ,1,ADJ,2
punzant,1,ADJ,1,ADJ,2
national,1,NOUN,1,ADJ,2
meningismo,1,NOUN,1,NOUN,2
usado,1,ADJ,1,ADJ,2
rcp,1,ADP,1,PROPN,2
rpg,1,PROPN,1,PROPN,2
conminución,1,NOUN,1,NOUN,2
oligurio,1,ADJ,1,ADJ,2
mesa,1,NOUN,1,NOUN,2
circular,1,VERB,1,ADJ,2
hipogástrica,1,ADJ,1,ADJ,2
amina,1,NOUN,1,NOUN,2
calentador,1,NOUN,1,NOUN,2
mamaria,1,ADJ,1,ADJ,2
colegio,1,NOUN,1,NOUN,2
halitosis,1,NOUN,1,NOUN,2
calentado,1,ADJ,1,ADJ,2
gallina,1,NOUN,1,NOUN,2
moneda,1,NOUN,1,NOUN,2
banco,1,NOUN,1,NOUN,2
tienda,1,NOUN,1,NOUN,2
turbio,1,ADJ,1,ADJ,2
vacación,1,NOUN,1,NOUN,2
toque,1,PROPN,1,NOUN,2
age,1,PROPN,1,PROPN,2
gamma-glutamil,1,PROPN,1,PROPN,2
gm1,1,PROPN,1,PROPN,2
cavum,1,PROPN,1,PROPN,2
orquiti,1,ADJ,1,NOUN,2
aluminio,1,NOUN,1,NOUN,2
paget,1,NOUN,1,NOUN,2
nefriti,1,ADJ,1,PRON,2
mirabilis,1,PROPN,1,PROPN,2
adenovirus,1,NOUN,1,ADJ,2
retroviru,1,NOUN,1,NOUN,2
retromolar,1,VERB,1,VERB,2
mastoidea,1,ADJ,1,ADJ,2
retro-ocular,1,ADJ,1,ADJ,2
cornete,1,NOUN,1,NOUN,2
intra,1,ADV,1,ADJ,2
colangiocarcinoma,1,ADJ,1,PROPN,2
adenomatoso,1,ADJ,1,ADJ,2
haematobium,1,ADJ,1,ADJ,2
filaria,1,NOUN,1,PROPN,2
heterocigótico,1,ADJ,1,ADJ,2
postrasplante,1,PROPN,1,ADJ,2
castleman,1,PROPN,1,NOUN,2
coagulopatía,1,NOUN,1,NOUN,2
pancitopenio,1,ADJ,1,ADJ,2
asignado,1,ADJ,1,ADJ,2
linfomatós,1,ADJ,1,ADJ,2
precursor,1,NOUN,1,NOUN,2
granulocítico,1,ADJ,1,ADJ,2
megestrol,1,NOUN,1,NOUN,2
introito,1,NOUN,1,NOUN,2
trófica,1,NOUN,1,ADJ,2
agrandado,1,ADJ,1,ADJ,2
acortado,1,ADJ,1,ADJ,2
kawasaki,1,PROPN,1,PROPN,2
diseño,1,NOUN,1,NOUN,2
desprendido,1,ADJ,1,ADJ,2
guía,1,NOUN,1,NOUN,2
cervicalgia,1,NOUN,1,NOUN,2
fibrodisplasia,1,NOUN,1,NOUN,2
diástasis,1,NOUN,1,NOUN,2
bursa,1,NOUN,1,NOUN,2
beso,1,NOUN,1,NOUN,2
acantosis,1,NOUN,1,NOUN,2
rosácea,1,NOUN,1,NOUN,2
anhidrosis,1,NOUN,1,NOUN,2
atrófica,1,ADJ,1,ADJ,2
auxiliar,1,ADJ,1,VERB,2
citrulinado,1,ADJ,1,ADJ,2
seropositivo,1,ADJ,1,ADJ,2
seronegativa,1,PROPN,1,PROPN,2
infiltrativo,1,ADJ,1,ADJ,2
cinás,1,ADJ,1,ADJ,2
criopirina,1,NOUN,1,NOUN,2
retrocervical,1,ADJ,1,ADJ,2
endometrioma,1,NOUN,1,NOUN,2
pudendir,1,VERB,1,VERB,2
hipoespermatogénesis,1,NOUN,1,NOUN,2
posablación,1,NOUN,1,NOUN,2
subseroso,1,ADJ,1,ADJ,2
adrenal,1,PROPN,1,ADJ,2
hiperesplenismo,1,NOUN,1,NOUN,2
tónico-clónica,1,ADJ,1,ADJ,2
precedido,1,ADJ,1,ADJ,2
miller,1,PROPN,1,PROPN,2
fisher,1,PROPN,1,PROPN,2
morder él,1,VERB,1,VERB,2
ventriculitis,1,NOUN,1,NOUN,2
hunt,1,PROPN,1,PROPN,2
tendinoso,1,ADJ,1,ADJ,2
grupal,1,ADJ,1,ADJ,2
carcinomatós,1,ADJ,1,ADJ,2
concéntrico,1,ADJ,1,ADJ,2
paroxismo,1,NOUN,1,NOUN,2
tónica,1,ADJ,1,ADJ,2
blefaroespasmo,1,NOUN,1,ADJ,2
venérea,1,NOUN,1,ADJ,2
dorsolateral,1,ADJ,1,ADJ,2
hashimoto,1,NOUN,1,PROPN,2
vasoactivo,1,ADJ,1,ADJ,2
terciario,1,ADJ,1,ADJ,2
antidiurético,1,ADJ,1,ADJ,2
panhipopituitarismo,1,PROPN,1,PROPN,2
hipersegmentación,1,PROPN,1,ADJ,2
monocitosis,1,NOUN,1,NOUN,2
evans,1,PROPN,1,PROPN,2
pti,1,PROPN,1,ADJ,2
acl,1,PROPN,1,PROPN,2
plasmocitosis,1,NOUN,1,NOUN,2
desencadenada,1,ADJ,1,ADJ,2
hipogloso,1,ADJ,1,ADJ,2
compartido,1,ADJ,1,ADJ,2
desorganizado,1,ADJ,1,ADJ,2
burgdorferi,1,PROPN,1,PROPN,2
hominis,1,PROPN,1,PROPN,2
rotavirus,1,NOUN,1,NOUN,2
sonnei,1,PROPN,1,PROPN,2
campylobacter,1,PROPN,1,PROPN,2
yersinia,1,PROPN,1,PROPN,2
viremia,1,NOUN,1,VERB,2
candidiásica,1,PROPN,1,PROPN,2
no-a,1,ADJ,1,ADJ,2
no-b,1,PROPN,1,PROPN,2
epstein-barr,1,PROPN,1,PROPN,2
ovale,1,NOUN,1,NOUN,2
alternaria,1,PROPN,1,PROPN,2
criptocócico,1,ADJ,1,ADJ,2
subcutánea,1,ADJ,1,ADJ,2
japonés,1,ADJ,1,ADJ,2
boliviano,1,ADJ,1,ADJ,2
argentino,1,ADJ,1,ADJ,2
herpética,1,ADJ,1,ADJ,2
exantemático,1,ADJ,1,ADJ,2
vértiguir,1,VERB,1,VERB,2
hipofosfatemia,1,NOUN,1,NOUN,2
hipermagnesemia,1,VERB,1,NOUN,2
hambriento,1,ADJ,1,ADJ,2
catalasa,1,NOUN,1,PROPN,2
intramural,1,ADJ,1,ADJ,2
