area,code1,code2,code3,code4,code5,code6,codes,description,fatherId,finalNode,id,indx,level,notes,orderList,path,tab
0,T51.3X1,T51.3X2,T51.3X3,T51.3X4,-,-- ,,1-Propanol,0,1,84636,F,0,,110359.0,"0,84636,",
0,T40.2X1,T40.2X2,T40.2X3,T40.2X4,T40.2X5,T40.2X6 ,,14-hidroxidihidro-morfinona,0,1,84634,F,0,,110357.0,"0,84634,",
0,T53.7X1,T53.7X2,T53.7X3,T53.7X4,-,-- ,,"2,3,7,8-Tetraclorodi-benzo-p-dioxina",0,1,84637,F,0,,110360.0,"0,84637,",
0,T60.1X1,T60.1X2,T60.1X3,T60.1X4,-,-- ,,"2,4,5-T (ácido tricloro-fenoxiacético)",0,1,84639,F,0,,110362.0,"0,84639,",
0,T60.3X1,T60.3X2,T60.3X3,T60.3X4,-,-- ,,"2,4,5-Triclorofenoxiacético, ácido",0,1,84640,F,0,,110363.0,"0,84640,",
0,T60.3X1,T60.3X2,T60.3X3,T60.3X4,-,-- ,,"2,4-D (ácido diclorofeno-oxiacético)",0,1,84642,F,0,,110365.0,"0,84642,",
0,T60.3X1,T60.3X2,T60.3X3,T60.3X4,-,-- ,,"2,4-diclorofenoxiacético-acético, ácido",0,1,84643,F,0,,110366.0,"0,84643,",
0,T65.0X1,T65.0X2,T65.0X3,T65.0X4,-,-- ,,"2,4-diisocianato de tolueno",0,1,84644,F,0,,110367.0,"0,84644,",
0,T52.3X1,T52.3X2,T52.3X3,T52.3X4,-,-- ,,2-Etoxietanol,0,1,84646,F,0,,110369.0,"0,84646,",
0,T52.3X1,T52.3X2,T52.3X3,T52.3X4,-,-- ,,2-Metoxietanol,0,1,84647,F,0,,110370.0,"0,84647,",
0,T51.2X1,T51.2X2,T51.2X3,T51.2X4,-,-- ,,2-Propanol,0,1,84649,F,0,,110372.0,"0,84649,",
0,T45.1X1,T45.1X2,T45.1X3,T45.1X4,T45.1X5,T45.1X6 ,,2-desoxi-5-fluorouridina,0,1,84645,F,0,,110368.0,"0,84645,",
0,T43.641,T43.642,T43.643,T43.644,-,--,T43.641,"3,4-metilendioximetanfetamina",0,1,114442,F,0,,110373.0,"0,114442,",
0,T43.8X1,T43.8X2,T43.8X3,T43.8X4,T43.8X5,T43.8X6 ,,"4-Aminobutírico, ácido ",0,1,84650,F,0,,110374.0,"0,84650,",
0,T39.1X1,T39.1X2,T39.1X3,T39.1X4,T39.1X5,T39.1X6 ,,"4-Aminofenol, derivados de ",0,1,84651,F,0,,110375.0,"0,84651,",
0,T50.991,T50.992,T50.993,T50.994,T50.995,T50.996 ,,5-Metoxipsoraleno (5-MOP),0,1,84653,F,0,,110377.0,"0,84653,",
0,T45.1X1,T45.1X2,T45.1X3,T45.1X4,T45.1X5,T45.1X6 ,,5-desoxi-5-fluorouridina,0,1,84652,F,0,,110376.0,"0,84652,",
0,T37.2X1,T37.2X2,T37.2X3,T37.2X4,T37.2X5,T37.2X6 ,,8-Aminoquinolina,0,1,84654,F,0,,110378.0,"0,84654,",
0,T50.991,T50.992,T50.993,T50.994,T50.995,T50.996 ,,8-Metoxipsoraleno (8-MOP),0,1,84655,F,0,,110379.0,"0,84655,",
A,T37.5X1,T37.5X2,T37.5X3,T37.5X4,T37.5X5,T37.5X6 ,,ABOB,0,1,84657,F,0,,110381.0,"0,84657,",
A,T38.811,T38.812,T38.813,T38.814,T38.815,T38.816 ,,ACTH,0,1,84771,F,0,,110498.0,"0,84771,",
A,T38.891,T38.892,T38.893,T38.894,T38.895,T38.896 ,,ADH,0,1,84778,F,0,,110506.0,"0,84778,",
A,T50.Z11,T50.Z12,T50.Z13,T50.Z14,T50.Z15,T50.Z16 ,,AHLG,0,1,84817,F,0,,110549.0,"0,84817,",
A,T60.4X1,T60.4X2,T60.4X3,T60.4X4,-,-- ,,ANTU (alfa naftiltiourea),0,1,85392,F,0,,111151.0,"0,85392,",
A,T48.5X1,T48.5X2,T48.5X3,T48.5X4,T48.5X5,T48.5X6 ,,APC,0,1,85394,F,0,,111153.0,"0,85394,",
A,T37.5X1,T37.5X2,T37.5X3,T37.5X4,T37.5X5,T37.5X6 ,,AZT,0,1,85500,F,0,,111260.0,"0,85500,",
A,T63.441,T63.442,T63.443,T63.444,-,-- ,,Abeja (picadura) (veneno),0,1,84656,F,0,,110380.0,"0,84656,",
A,T62.2X1,T62.2X2,T62.2X3,T62.2X4,-,-- ,,Abrine,0,1,84658,F,0,,110382.0,"0,84658,",
A,T62.2X1,T62.2X2,T62.2X3,T62.2X4,-,-- ,,Abrus (semilla),0,1,84659,F,0,,110383.0,"0,84659,",
A,T51.0X1,T51.0X2,T51.0X3,T51.0X4,-,--,T51.0X1,Absenta,0,0,115650,F,0,,110384.0,"0,115650,",
A,T60.8X1,T60.8X2,T60.8X3,T60.8X4,-,-- ,,Acaricida,0,1,84660,F,0,,110386.0,"0,84660,",
A,T44.7X1,T44.7X2,T44.7X3,T44.7X4,T44.7X5,T44.7X6 ,,Acebutolol,0,1,84661,F,0,,110387.0,"0,84661,",
A,T42.6X1,T42.6X2,T42.6X3,T42.6X4,T42.6X5,T42.6X6 ,,Acecarbromal,0,1,84662,F,0,,110388.0,"0,84662,",
A,T44.1X1,T44.1X2,T44.1X3,T44.1X4,T44.1X5,T44.1X6 ,,Aceclidina,0,1,84663,F,0,,110389.0,"0,84663,",
A,T37.0X1,T37.0X2,T37.0X3,T37.0X4,T37.0X5,T37.0X6 ,,Acedapsona,0,1,84664,F,0,,110390.0,"0,84664,",
A,T48.6X1,T48.6X2,T48.6X3,T48.6X4,T48.6X5,T48.6X6 ,,Acefilina piperacina,0,1,84665,F,0,,110391.0,"0,84665,",
A,T65.891,T65.892,T65.893,T65.894,-,-- ,,Aceite (de),0,0,84666,F,0,,110392.0,"0,84666,",
A,T49.3X1,T49.3X2,T49.3X3,T49.3X4,T49.3X5,T49.3X6 ,,Aceite dulce (abedul),0,1,84676,F,0,,110402.0,"0,84676,",
A,T49.3X1,T49.3X2,T49.3X3,T49.3X4,T49.3X5,T49.3X6 ,,"Aceitosa, preparación (para la piel)",0,1,84677,F,0,,110403.0,"0,84677,",
A,T40.2X1,T40.2X2,T40.2X3,T40.2X4,T40.2X5,T40.2X6 ,,Acemorfán,0,1,84678,F,0,,110404.0,"0,84678,",
A,T45.511,T45.512,T45.513,T45.514,T45.515,T45.516 ,,Acenocumarina,0,1,84679,F,0,,110405.0,"0,84679,",
A,T45.511,T45.512,T45.513,T45.514,T45.515,T45.516 ,,Acenocumarol,0,1,84680,F,0,,110406.0,"0,84680,",
A,T48.6X1,T48.6X2,T48.6X3,T48.6X4,T48.6X5,T48.6X6 ,,Acepifilina,0,1,84681,F,0,,110407.0,"0,84681,",
A,T43.3X1,T43.3X2,T43.3X3,T43.3X4,T43.3X5,T43.3X6 ,,Acepromacina,0,1,84682,F,0,,110408.0,"0,84682,",
A,T37.0X1,T37.0X2,T37.0X3,T37.0X4,T37.0X5,T37.0X6 ,,Acesulfametoxipiridacina,0,1,84683,F,0,,110409.0,"0,84683,",
A,T52.8X1,T52.8X2,T52.8X3,T52.8X4,-,-- ,,Acetal,0,1,84684,F,0,,110410.0,"0,84684,",
A,T52.8X1,T52.8X2,T52.8X3,T52.8X4,-,-- ,,Acetaldehído (emanaciones),0,0,84685,F,0,,110411.0,"0,84685,",
A,T39.1X1,T39.1X2,T39.1X3,T39.1X4,T39.1X5,T39.1X6 ,,Acetaminofeno,0,1,84687,F,0,,110413.0,"0,84687,",
A,T39.1X1,T39.1X2,T39.1X3,T39.1X4,T39.1X5,T39.1X6 ,,Acetaminosalol,0,1,84688,F,0,,110414.0,"0,84688,",
A,T39.1X1,T39.1X2,T39.1X3,T39.1X4,T39.1X5,T39.1X6 ,,Acetanilida,0,1,84689,F,0,,110415.0,"0,84689,",
A,T37.3X1,T37.3X2,T37.3X3,T37.3X4,T37.3X5,T37.3X6 ,,Acetarsol,0,1,84690,F,0,,110416.0,"0,84690,",
A,T50.2X1,T50.2X2,T50.2X3,T50.2X4,T50.2X5,T50.2X6 ,,Acetazolamida,0,1,84691,F,0,,110417.0,"0,84691,",
A,T45.2X1,T45.2X2,T45.2X3,T45.2X4,T45.2X5,T45.2X6 ,,Acetiamina,0,1,84692,F,0,,110418.0,"0,84692,",
A,T42.6X1,T42.6X2,T42.6X3,T42.6X4,T42.6X5,T42.6X6 ,,Acetilcarbromal,0,1,84701,F,0,,110427.0,"0,84701,",
A,T48.4X1,T48.4X2,T48.4X3,T48.4X4,T48.4X5,T48.4X6 ,,Acetilcisteína,0,1,84702,F,0,,110428.0,"0,84702,",
A,,,,,, ,,Acetilcolina,0,0,84703,F,0,,110429.0,"0,84703,",
A,T46.0X1,T46.0X2,T46.0X3,T46.0X4,T46.0X5,T46.0X6 ,,Acetildigitoxina,0,1,84706,F,0,,110432.0,"0,84706,",
A,T46.0X1,T46.0X2,T46.0X3,T46.0X4,T46.0X5,T46.0X6 ,,Acetildigoxina,0,1,84707,F,0,,110433.0,"0,84707,",
A,T40.2X1,T40.2X2,T40.2X3,T40.2X4,T40.2X5,T40.2X6,,Acetildihidrocodeinona,0,1,84709,F,0,,110435.0,"0,84709,",
A,T40.2X1,T40.2X2,T40.2X3,T40.2X4,T40.2X5,T40.2X6,,Acetildihidrocodeína,0,1,84708,F,0,,110434.0,"0,84708,",
A,T59.891,T59.892,T59.893,T59.894,-,-- ,,Acetileno (gas),0,0,84710,F,0,,110436.0,"0,84710,",
A,T42.6X1,T42.6X2,T42.6X3,T42.6X4,T42.6X5,T42.6X6 ,,Acetilfeneturida,0,1,84716,F,0,,110442.0,"0,84716,",
A,T39.8X1,T39.8X2,T39.8X3,T39.8X4,T39.8X5,T39.8X6 ,,Acetilfenilhidracina,0,1,84717,F,0,,110443.0,"0,84717,",
A,,,,,, ,,Acetilo,0,0,84718,F,0,,110444.0,"0,84718,",
A,T39.011,T39.012,T39.013,T39.014,T39.015,T39.016 ,,"Acetilsalicílico, ácido (sales)",0,0,84721,F,0,,110447.0,"0,84721,",
A,T37.0X1,T37.0X2,T37.0X3,T37.0X4,T37.0X5,T37.0X6 ,,Acetilsulfametoxipiridacina,0,1,84723,F,0,,110449.0,"0,84723,",
A,T43.3X1,T43.3X2,T43.3X3,T43.3X4,T43.3X5,T43.3X6 ,,Acetofenacina,0,1,84724,F,0,,110450.0,"0,84724,",
A,T39.1X1,T39.1X2,T39.1X3,T39.1X4,T39.1X5,T39.1X6 ,,Acetofenetedina,0,1,84725,F,0,,110451.0,"0,84725,",
A,T52.4X1,T52.4X2,T52.4X3,T52.4X4,-,-- ,,Acetofenona,0,1,84726,F,0,,110452.0,"0,84726,",
A,T38.3X1,T38.3X2,T38.3X3,T38.3X4,T38.3X5,T38.3X6 ,,Acetohexamida,0,1,84727,F,0,,110453.0,"0,84727,",
A,T50.991,T50.992,T50.993,T50.994,T50.995,T50.996 ,,"Acetohidroxámico, ácido ",0,1,84728,F,0,,110454.0,"0,84728,",
A,T45.7X1,T45.7X2,T45.7X3,T45.7X4,T45.7X5,T45.7X6 ,,Acetomenaftona,0,1,84729,F,0,,110455.0,"0,84729,",
A,T40.1X1,T40.1X2,T40.1X3,T40.1X4,-,--,,Acetomorfina,0,1,84730,F,0,,110456.0,"0,84730,",
A,T52.4X1,T52.4X2,T52.4X3,T52.4X4,-,-- ,,Acetona (aceites),0,0,84731,F,0,,110457.0,"0,84731,",
A,T52.8X1,T52.8X2,T52.8X3,T52.8X4,-,-- ,,Acetonitrilo,0,1,84734,F,0,,110460.0,"0,84734,",
A,T40.2X1,T40.2X2,T40.2X3,T40.2X4,T40.2X5,T40.2X6,,Acetorfina,0,1,84735,F,0,,110461.0,"0,84735,",
A,T37.1X1,T37.1X2,T37.1X3,T37.1X4,T37.1X5,T37.1X6 ,,Acetosulfona (sodio),0,1,84736,F,0,,110462.0,"0,84736,",
A,T50.8X1,T50.8X2,T50.8X3,T50.8X4,T50.8X5,T50.8X6 ,,Acetotrizoato (sodio),0,1,84737,F,0,,110463.0,"0,84737,",
A,T50.8X1,T50.8X2,T50.8X3,T50.8X4,T50.8X5,T50.8X6 ,,"Acetrizoico, ácido",0,1,84738,F,0,,110464.0,"0,84738,",
A,T37.5X1,T37.5X2,T37.5X3,T37.5X4,T37.5X5,T37.5X6 ,,Aciclovir,0,1,84739,F,0,,110465.0,"0,84739,",
A,T50.901,T50.902,T50.903,T50.904,T50.905,T50.906 ,,"Acidificante, agente NCOC",0,1,84741,F,0,,110467.0,"0,84741,",
A,T46.6X1,T46.6X2,T46.6X3,T46.6X4,T46.6X5,T46.6X6 ,,Acipimox,0,1,84743,F,0,,110469.0,"0,84743,",
A,T50.991,T50.992,T50.993,T50.994,T50.995,T50.996 ,,Acitretina,0,1,84744,F,0,,110470.0,"0,84744,",
A,T45.1X1,T45.1X2,T45.1X3,T45.1X4,T45.1X5,T45.1X6 ,,Aclarubicina,0,1,84745,F,0,,110471.0,"0,84745,",
A,T48.1X1,T48.1X2,T48.1X3,T48.1X4,T48.1X5,T48.1X6 ,,"Aclatonio, napadisilato de ",0,1,84746,F,0,,110472.0,"0,84746,",
A,T46.991,T46.992,T46.993,T46.994,T46.995,T46.996 ,,Aconitina,0,1,84747,F,0,,110473.0,"0,84747,",
A,T46.991,T46.992,T46.993,T46.994,T46.995,T46.996 ,,Aconitum ferox,0,1,84750,F,0,,110477.0,"0,84750,",
A,T65.6X1,T65.6X2,T65.6X3,T65.6X4,-,-- ,,Acridina,0,0,84751,F,0,,110478.0,"0,84751,",
A,T37.91,T37.92,T37.93,T37.94,T37.95,T37.96 ,,Acriflavina,0,1,84753,F,0,,110480.0,"0,84753,",
A,T49.0X1,T49.0X2,T49.0X3,T49.0X4,T49.0X5,T49.0X6 ,,Acriflavinium cloruro,0,1,84754,F,0,,110481.0,"0,84754,",
A,T65.891,T65.892,T65.893,T65.894,-,-- ,,Acrilamida,0,1,84755,F,0,,110482.0,"0,84755,",
A,T65.891,T65.892,T65.893,T65.894,-,-- ,,Acrilonitrilo,0,1,84757,F,0,,110484.0,"0,84757,",
A,T49.0X1,T49.0X2,T49.0X3,T49.0X4,T49.0X5,T49.0X6 ,,Acrinol,0,1,84759,F,0,,110486.0,"0,84759,",
A,T49.0X1,T49.0X2,T49.0X3,T49.0X4,T49.0X5,T49.0X6 ,,Acrisorcina,0,1,84760,F,0,,110487.0,"0,84760,",
A,T37.8X1,T37.8X2,T37.8X3,T37.8X4,T37.8X5,T37.8X6 ,,Acritoína,0,1,84761,F,0,,110488.0,"0,84761,",
A,T45.0X1,T45.0X2,T45.0X3,T45.0X4,T45.0X5,T45.0X6 ,,Acrivastina,0,1,84762,F,0,,110489.0,"0,84762,",
A,T59.891,T59.892,T59.893,T59.894,-,-- ,,Acroleína (gas),0,0,84763,F,0,,110490.0,"0,84763,",
A,T36.4X1,T36.4X2,T36.4X3,T36.4X4,T36.4X5,T36.4X6 ,,Acromicina,0,0,84765,F,0,,110492.0,"0,84765,",
A,T49.3X1,T49.3X2,T49.3X3,T49.3X4,T49.3X5,T49.3X6 ,,"Acrílica, resina",0,1,84756,F,0,,110483.0,"0,84756,",
A,T62.2X1,T62.2X2,T62.2X3,T62.2X4,-,-- ,,Actaea spicata,0,0,84768,F,0,,110495.0,"0,84768,",
A,T37.3X1,T37.3X2,T37.3X3,T37.3X4,T37.3X5,T37.3X6 ,,Acterol,0,1,84770,F,0,,110497.0,"0,84770,",
A,T45.1X1,T45.1X2,T45.1X3,T45.1X4,T45.1X5,T45.1X6 ,,Actinomicina C,0,1,84772,F,0,,110499.0,"0,84772,",
A,T45.1X1,T45.1X2,T45.1X3,T45.1X4,T45.1X5,T45.1X6 ,,Actinomicina D,0,1,84773,F,0,,110500.0,"0,84773,",
A,T47.6X1,T47.6X2,T47.6X3,T47.6X4,T47.6X5,T47.6X6,,"Activado, carbón - véase además Carbón medicinal",0,1,84774,F,0,,110501.0,"0,84774,",
A,,,,,, ,,Acético,0,0,84693,F,0,,110419.0,"0,84693,",
A,T62.2X1,T62.2X2,T62.2X3,T62.2X4,,,,Acónito,0,1,94761,F,0,,110475.0,"0,94761,",
A,T46.991,T46.992,T46.993,T46.994,T46.995,T46.996 ,,Acónito (silvestre),0,1,84749,F,0,,110476.0,"0,84749,",
A,T62.2X1,T62.2X2,T62.2X3,T62.2X4,,,,Adelfa,0,1,94763,F,0,,110504.0,"0,94763,",
A,T45.2X1,T45.2X2,T45.2X3,T45.2X4,T45.2X5,T45.2X6 ,,Adenina,0,0,84775,F,0,,110502.0,"0,84775,",
A,T46.2X1,T46.2X2,T46.2X3,T46.2X4,T46.2X5,T46.2X6 ,,Adenosina (fosfato),0,1,84777,F,0,,110505.0,"0,84777,",
A,T65.891,T65.892,T65.893,T65.894,-,-- ,,Adhesivo NCOC,0,1,84779,F,0,,110507.0,"0,84779,",
A,T36.0X1,T36.0X2,T36.0X3,T36.0X4,T36.0X5,T36.0X6 ,,Adicilina,0,1,84780,F,0,,110508.0,"0,84780,",
A,T44.3X1,T44.3X2,T44.3X3,T44.3X4,T44.3X5,T44.3X6 ,,Adiphenine,0,1,84781,F,0,,110509.0,"0,84781,",
A,T50.8X1,T50.8X2,T50.8X3,T50.8X4,T50.8X5,T50.8X6 ,,Adipiodona,0,1,84782,F,0,,110510.0,"0,84782,",
A,T44.5X1,T44.5X2,T44.5X3,T44.5X4,T44.5X5,T44.5X6 ,,Adrenalina,0,1,84783,F,0,,110511.0,"0,84783,",
A,T38.811,T38.812,T38.813,T38.814,T38.815,T38.816 ,,Adrenocorticotropina,0,1,84789,F,0,,110517.0,"0,84789,",
A,T38.811,T38.812,T38.813,T38.814,T38.815,T38.816 ,,"Adrenocorticotrópica, hormona",0,1,84788,F,0,,110516.0,"0,84788,",
A,,,,,, ,,Adrenocromo,0,0,84790,F,0,,110518.0,"0,84790,",
A,T44.901,T44.902,T44.903,T44.904,T44.905,T44.906 ,,Adrenérgico NCOC,0,0,84784,F,0,,110512.0,"0,84784,",
A,T45.1X1,T45.1X2,T45.1X3,T45.1X4,T45.1X5,T45.1X6 ,,Adriamicina,0,1,84793,F,0,,110521.0,"0,84793,",
A,T50.901,T50.902,T50.903,T50.904,T50.905,T50.906 ,,Adyuvante farmacéutico,0,1,84794,F,0,,110522.0,"0,84794,",
A,T65.91,T65.92,T65.93,T65.94,-,-- ,,Aerosol NCOC,0,1,84795,F,0,,110523.0,"0,84795,",
A,T36.8X1,T36.8X2,T36.8X3,T36.8X4,T36.8X5,T36.8X6 ,,Aerosporina,0,0,84796,F,0,,110524.0,"0,84796,",
A,T62.2X1,T62.2X2,T62.2X3,T62.2X4,-,-- ,,Aethusa cynapium,0,1,84800,F,0,,110528.0,"0,84800,",
A,T40.711,T40.712,T40.713,T40.714,T40.715,T40.716,,"Afganistán, hachís negro de",0,1,84801,F,0,,110529.0,"0,84801,",
A,T64.01,T64.02,T64.03,T64.04,-,-- ,,Aflatoxina,0,1,84802,F,0,,110530.0,"0,84802,",
A,T42.8X1,T42.8X2,T42.8X3,T42.8X4,T42.8X5,T42.8X6 ,,Aflocualona,0,1,84803,F,0,,110531.0,"0,84803,",
A,T47.4X1,T47.4X2,T47.4X3,T47.4X4,T47.4X5,T47.4X6 ,,Agar,0,1,84804,F,0,,110532.0,"0,84804,",
A,T49.4X1,T49.4X2,T49.4X3,T49.4X4,T49.4X5,T49.4X6 ,,Agente blanqueador (medicinal),0,1,84805,F,0,,110533.0,"0,84805,",
A,,,,,,,,Agonista,0,0,94628,F,0,,110534.0,"0,94628,",
A,T62.2X1,T62.2X2,T62.2X3,T62.2X4,-,-- ,,Agridulce,0,1,84807,F,0,,110539.0,"0,84807,",
A,T42.3X1,T42.3X2,T42.3X3,T42.3X4,T42.3X5,T42.3X6 ,,Agripnal,0,1,84808,F,0,,110540.0,"0,84808,",
A,T65.91,T65.92,T65.93,T65.94,-,-- ,,Agrícola (agente) NCOC,0,1,84806,F,0,,110538.0,"0,84806,",
A,,,,,, ,,Agua,0,0,84809,F,0,,110541.0,"0,84809,",
A,T46.2X1,T46.2X2,T46.2X3,T46.2X4,T46.2X5,T46.2X6 ,,Ajmalina,0,1,84818,F,0,,110550.0,"0,84818,",
A,T62.1X1,T62.1X2,T62.1X3,T62.1X4,-,-- ,,Akee,0,1,84819,F,0,,110551.0,"0,84819,",
A,T46.4X1,T46.4X2,T46.4X3,T46.4X4,T46.4X5,T46.4X6 ,,Alaceprilo,0,1,84820,F,0,,110552.0,"0,84820,",
A,T37.4X1,T37.4X2,T37.4X3,T37.4X4,T37.4X5,T37.4X6 ,,Alantolactona,0,1,84822,F,0,,110554.0,"0,84822,",
A,T49.4X1,T49.4X2,T49.4X3,T49.4X4,T49.4X5,T49.4X6 ,,Alantoína,0,1,84821,F,0,,110553.0,"0,84821,",
A,T36.8X1,T36.8X2,T36.8X3,T36.8X4,T36.8X5,T36.8X6 ,,Albamicina,0,1,84823,F,0,,110555.0,"0,84823,",
A,T37.4X1,T37.4X2,T37.4X3,T37.4X4,T37.4X5,T37.4X6 ,,Albendazol,0,1,84824,F,0,,110556.0,"0,84824,",
A,T48.6X1,T48.6X2,T48.6X3,T48.6X4,T48.6X5,T48.6X6 ,,Albuterol,0,1,84831,F,0,,110563.0,"0,84831,",
A,T42.0X1,T42.0X2,T42.0X3,T42.0X4,T42.0X5,T42.0X6 ,,Albutoína,0,1,84832,F,0,,110564.0,"0,84832,",
A,,,,,, ,,Albúmina,0,0,84825,F,0,,110557.0,"0,84825,",
A,T45.8X1,T45.8X2,T45.8X3,T45.8X4,T45.8X5,T45.8X6 ,,"Albúmina sérica normal (humano), pobre en sal",0,1,84830,F,0,,110562.0,"0,84830,",
A,T49.6X1,T49.6X2,T49.6X3,T49.6X4,T49.6X5,T49.6X6 ,,"Alcalina, solución antiséptica (aromática)",0,1,84834,F,0,,110566.0,"0,84834,",
A,T50.901,T50.902,T50.903,T50.904,T50.905,T50.906 ,,"Alcalinizantes, agentes (medicinales)",0,1,84835,F,0,,110567.0,"0,84835,",
A,T50.901,T50.902,T50.903,T50.904,T50.905,T50.906 ,,"Alcalizante, agente NCOC",0,1,84836,F,0,,110568.0,"0,84836,",
A,,,,,, ,,Alcanfor,0,0,84837,F,0,,110569.0,"0,84837,",
A,T59.91,T59.92,T59.93,T59.94,-,-,,"Alcantarillado, gas de",0,1,84840,F,0,,110572.0,"0,84840,",
A,T46.5X1,T46.5X2,T46.5X3,T46.5X4,T46.5X5,T46.5X6 ,,Alcavervir,0,1,84841,F,0,,110573.0,"0,84841,",
A,T49.0X1,T49.0X2,T49.0X3,T49.0X4,T49.0X5,T49.0X6 ,,Alclometasona,0,1,84842,F,0,,110574.0,"0,84842,",
A,T51.91,T51.92,T51.93,T51.94,-,-- ,,Alcohol,0,0,84843,F,0,,110575.0,"0,84843,",
A,T49.0X1,T49.0X2,T49.0X3,T49.0X4,T49.0X5,T49.0X6 ,,Alconio (bromuro),0,1,84874,F,0,,110607.0,"0,84874,",
A,T48.1X1,T48.1X2,T48.1X3,T48.1X4,T48.1X5,T48.1X6 ,,Alcuronio (cloruro),0,1,84875,F,0,,110608.0,"0,84875,",
A,T50.0X1,T50.0X2,T50.0X3,T50.0X4,T50.0X5,T50.0X6 ,,Aldactona,0,1,84876,F,0,,110609.0,"0,84876,",
A,T37.1X1,T37.1X2,T37.1X3,T37.1X4,T37.1X5,T37.1X6 ,,Aldesulfona de sodio,0,1,84877,F,0,,110610.0,"0,84877,",
A,T60.0X1,T60.0X2,T60.0X3,T60.0X4,-,-- ,,Aldicarb,0,1,84878,F,0,,110611.0,"0,84878,",
A,T46.5X1,T46.5X2,T46.5X3,T46.5X4,T46.5X5,T46.5X6 ,,Aldomet,0,1,84879,F,0,,110612.0,"0,84879,",
A,T50.0X1,T50.0X2,T50.0X3,T50.0X4,T50.0X5,T50.0X6 ,,Aldosterona,0,1,84880,F,0,,110613.0,"0,84880,",
A,T60.1X1,T60.1X2,T60.1X3,T60.1X4,-,-- ,,Aldrina (polvo),0,1,84881,F,0,,110614.0,"0,84881,",
A,T43.011,T43.012,T43.013,T43.014,T43.015,T43.016 ,,Alegron,0,1,84882,F,0,,110615.0,"0,84882,",
A,T49.0X1,T49.0X2,T49.0X3,T49.0X4,T49.0X5,T49.0X6 ,,Aletrina,0,1,84883,F,0,,110616.0,"0,84883,",
A,,,,,, ,,Aleve - véase Naproxeno,0,1,84884,F,0,,110617.0,"0,84884,",
A,T47.1X1,T47.1X2,T47.1X3,T47.1X4,T47.1X5,T47.1X6 ,,Alexitol de sodio,0,1,84885,F,0,,110618.0,"0,84885,",
A,,,,,, ,,Alfa,0,0,84886,F,0,,110619.0,"0,84886,",
A,T45.2X1,T45.2X2,T45.2X3,T45.2X4,T45.2X5,T45.2X6 ,,Alfacalcidol,0,1,84892,F,0,,110626.0,"0,84892,",
A,T41.1X1,T41.1X2,T41.1X3,T41.1X4,T41.1X5,T41.1X6 ,,Alfadolona,0,1,84894,F,0,,110628.0,"0,84894,",
A,T40.491,T40.492,T40.493,T40.494,T40.495,T40.496,,Alfaprodina,0,1,84895,F,0,,110629.0,"0,84895,",
A,T41.1X1,T41.1X2,T41.1X3,T41.1X4,T41.1X5,T41.1X6 ,,Alfaxalona,0,1,84897,F,0,,110631.0,"0,84897,",
A,T40.411,T40.412,T40.413,T40.414,T40.415,T40.416,,Alfentanilo,0,1,84898,F,0,,110632.0,"0,84898,",
A,T44.8X1,T44.8X2,T44.8X3,T44.8X4,T44.8X5,T44.8X6 ,,Alfuzosina (clorhidrato),0,1,84899,F,0,,110633.0,"0,84899,",
A,T65.821,T65.822,T65.823,T65.824,-,-- ,,Algas (nocivas) (toxina),0,1,84900,F,0,,110634.0,"0,84900,",
A,T47.1X1,T47.1X2,T47.1X3,T47.1X4,T47.1X5,T47.1X6 ,,Algeldrato,0,1,84901,F,0,,110635.0,"0,84901,",
A,T47.8X1,T47.8X2,T47.8X3,T47.8X4,T47.8X5,T47.8X6 ,,Algina,0,1,84902,F,0,,110636.0,"0,84902,",
A,T45.3X1,T45.3X2,T45.3X3,T45.3X4,T45.3X5,T45.3X6 ,,Alglucerasa,0,1,84903,F,0,,110637.0,"0,84903,",
A,T45.3X1,T45.3X2,T45.3X3,T45.3X4,T45.3X5,T45.3X6 ,,Alidase,0,1,84904,F,0,,110638.0,"0,84904,",
A,T65.0X1,T65.0X2,T65.0X3,T65.0X4,-,-- ,,"Alifáticos, tiocianatos ",0,1,84905,F,0,,110639.0,"0,84905,",
A,,,,,, ,,Alil,0,0,84906,F,0,,110640.0,"0,84906,",
A,T38.5X1,T38.5X2,T38.5X3,T38.5X4,T38.5X5,T38.5X6 ,,Alilestrenol,0,1,84909,F,0,,110643.0,"0,84909,",
A,T42.6X1,T42.6X2,T42.6X3,T42.6X4,T42.6X5,T42.6X6 ,,Alilisopropilacetilurea,0,1,84910,F,0,,110644.0,"0,84910,",
A,T42.3X1,T42.3X2,T42.3X3,T42.3X4,T42.3X5,T42.3X6 ,,Alilisopropilmalonilurea,0,1,84911,F,0,,110645.0,"0,84911,",
A,T42.6X1,T42.6X2,T42.6X3,T42.6X4,T42.6X5,T42.6X6 ,,"Alilo, tribromuro de",0,1,84912,F,0,,110646.0,"0,84912,",
A,T49.3X1,T49.3X2,T49.3X3,T49.3X4,T49.3X5,T49.3X6 ,,Aliltiourea,0,1,84913,F,0,,110647.0,"0,84913,",
A,T43.3X1,T43.3X2,T43.3X3,T43.3X4,T43.3X5,T43.3X6 ,,Alimemacina,0,1,84914,F,0,,110648.0,"0,84914,",
A,T62.91,T62.92,T62.93,T62.94,-,-- ,,"Alimentos, productos alimenticios, nocivos, no bacterianos, NCOC",0,0,84915,F,0,,110649.0,"0,84915,",
A,T42.3X1,T42.3X2,T42.3X3,T42.3X4,T42.3X5,T42.3X6 ,,Alipropimal,0,1,84926,F,0,,110660.0,"0,84926,",
A,T45.0X1,T45.0X2,T45.0X3,T45.0X4,T45.0X5,T45.0X6 ,,Alizaprida,0,1,84927,F,0,,110661.0,"0,84927,",
A,T39.011,T39.012,T39.013,T39.014,T39.015,T39.016 ,,Alka-seltzer,0,1,84928,F,0,,110662.0,"0,84928,",
A,T54.2X1,T54.2X2,T54.2X3,T54.2X4,-,-- ,,Almacenamiento de batería (células) (ácido),0,1,84929,F,0,,110663.0,"0,84929,",
A,T47.1X1,T47.1X2,T47.1X3,T47.1X4,T47.1X5,T47.1X6 ,,Almagato,0,1,84930,F,0,,110664.0,"0,84930,",
A,T47.1X1,T47.1X2,T47.1X3,T47.1X4,T47.1X5,T47.1X6 ,,Almasilato,0,1,84931,F,0,,110665.0,"0,84931,",
A,T62.8X1,T62.8X2,T62.8X3,T62.8X4,-,-- ,,"Almendras amargas, aceite de",0,1,84932,F,0,,110666.0,"0,84932,",
A,T50.901,T50.902,T50.903,T50.904,T50.905,T50.906 ,,Almidón,0,1,84933,F,0,,110667.0,"0,84933,",
A,T50.7X1,T50.7X2,T50.7X3,T50.7X4,T50.7X5,T50.7X6 ,,Almitrina,0,1,84934,F,0,,110668.0,"0,84934,",
A,T42.3X1,T42.3X2,T42.3X3,T42.3X4,T42.3X5,T42.3X6 ,,Alobarbital,0,1,84935,F,0,,110669.0,"0,84935,",
A,T47.2X1,T47.2X2,T47.2X3,T47.2X4,T47.2X5,T47.2X6 ,,Aloe,0,1,84936,F,0,,110670.0,"0,84936,",
A,T47.1X1,T47.1X2,T47.1X3,T47.1X4,T47.1X5,T47.1X6 ,,Aloglutamol,0,1,84937,F,0,,110671.0,"0,84937,",
A,T50.4X1,T50.4X2,T50.4X3,T50.4X4,T50.4X5,T50.4X6 ,,Alopurinol,0,1,84939,F,0,,110673.0,"0,84939,",
A,T42.2X1,T42.2X2,T42.2X3,T42.2X4,T42.2X5,T42.2X6 ,,Aloxidona,0,1,84940,F,0,,110674.0,"0,84940,",
A,T47.2X1,T47.2X2,T47.2X3,T47.2X4,T47.2X5,T47.2X6 ,,Aloína,0,1,84938,F,0,,110672.0,"0,84938,",
A,T42.4X1,T42.4X2,T42.4X3,T42.4X4,T42.4X5,T42.4X6 ,,Alprazolam,0,1,84941,F,0,,110675.0,"0,84941,",
A,T44.7X1,T44.7X2,T44.7X3,T44.7X4,T44.7X5,T44.7X6 ,,Alprenolol,0,1,84942,F,0,,110676.0,"0,84942,",
A,T46.7X1,T46.7X2,T46.7X3,T46.7X4,T46.7X5,T46.7X6 ,,Alprostadil,0,1,84943,F,0,,110677.0,"0,84943,",
A,T45.1X1,T45.1X2,T45.1X3,T45.1X4,T45.1X5,T45.1X6 ,,"Alquilantes, drogas NCOC",0,0,84944,F,0,,110678.0,"0,84944,",
A,T65.0X1,T65.0X2,T65.0X3,T65.0X4,-,-- ,,Alquilisocianato,0,1,84947,F,0,,110681.0,"0,84947,",
A,T38.811,T38.812,T38.813,T38.814,T38.815,T38.816 ,,Alsactida,0,1,84948,F,0,,110682.0,"0,84948,",
A,T46.5X1,T46.5X2,T46.5X3,T46.5X4,T46.5X5,T46.5X6 ,,Alseroxilón,0,1,84949,F,0,,110683.0,"0,84949,",
A,T45.611,T45.612,T45.613,T45.614,T45.615,T45.616 ,,Alteplasa,0,1,84950,F,0,,110684.0,"0,84950,",
A,T50.2X1,T50.2X2,T50.2X3,T50.2X4,T50.2X5,T50.2X6 ,,Altizida,0,1,84951,F,0,,110685.0,"0,84951,",
A,T45.1X1,T45.1X2,T45.1X3,T45.1X4,T45.1X5,T45.1X6 ,,Altretamina,0,1,84952,F,0,,110686.0,"0,84952,",
A,T40.901,T40.902,T40.903,T40.904,T40.905,T40.906,,Alucinógeno NEOM,0,0,84953,F,0,,110687.0,"0,84953,",
A,T49.4X1,T49.4X2,T49.4X3,T49.4X4,T49.4X5,T49.4X6 ,,Alumbre (medicinal),0,0,84954,F,0,,110689.0,"0,84954,",
A,,,,,, ,,Aluminio,0,0,84956,F,0,,110691.0,"0,84956,",
A,T42.3X1,T42.3X2,T42.3X3,T42.3X4,T42.3X5,T42.3X6 ,,Alurato,0,1,84980,F,0,,110715.0,"0,84980,",
A,T44.3X1,T44.3X2,T44.3X3,T44.3X4,T44.3X5,T44.3X6 ,,Alverina,0,1,84981,F,0,,110716.0,"0,84981,",
A,T40.2X1,T40.2X2,T40.2X3,T40.2X4,T40.2X5,T40.2X6 ,,Alvodina,0,1,84982,F,0,,110717.0,"0,84982,",
A,T62.0X1,T62.0X2,T62.0X3,T62.0X4,-,-- ,,Amanita faloides,0,1,84983,F,0,,110718.0,"0,84983,",
A,T62.0X1,T62.0X2,T62.0X3,T62.0X4,-,-- ,,Amanitina,0,1,84984,F,0,,110719.0,"0,84984,",
A,T42.8X1,T42.8X2,T42.8X3,T42.8X4,T42.8X5,T42.8X6 ,,Amantadina,0,1,84985,F,0,,110720.0,"0,84985,",
A,,,,,, ,,Amarillo,0,0,84986,F,0,,110721.0,"0,84986,",
A,T49.6X1,T49.6X2,T49.6X3,T49.6X4,T49.6X5,T49.6X6 ,,Ambazona,0,1,84990,F,0,,110725.0,"0,84990,",
A,T44.0X1,T44.0X2,T44.0X3,T44.0X4,T44.0X5,T44.0X6 ,,Ambenonio (cloruro),0,1,84991,F,0,,110726.0,"0,84991,",
A,T48.4X1,T48.4X2,T48.4X3,T48.4X4,T48.4X5,T48.4X6 ,,Ambroxol,0,1,84992,F,0,,110727.0,"0,84992,",
A,T48.6X1,T48.6X2,T48.6X3,T48.6X4,T48.6X5,T48.6X6 ,,Ambufilina,0,1,84993,F,0,,110728.0,"0,84993,",
A,T44.3X1,T44.3X2,T44.3X3,T44.3X4,T44.3X5,T44.3X6 ,,"Ambutonio, bromuro de",0,1,84994,F,0,,110729.0,"0,84994,",
A,T49.0X1,T49.0X2,T49.0X3,T49.0X4,T49.0X5,T49.0X6 ,,Amcinonida,0,1,84995,F,0,,110730.0,"0,84995,",
A,T36.0X1,T36.0X2,T36.0X3,T36.0X4,T36.0X5,T36.0X6 ,,Amdinocilina,0,1,84996,F,0,,110731.0,"0,84996,",
A,T44.991,T44.992,T44.993,T44.994,T44.995,T44.996 ,,"Amecinio, metilsulfato de",0,1,84997,F,0,,110732.0,"0,84997,",
A,T50.8X1,T50.8X2,T50.8X3,T50.8X4,T50.8X5,T50.8X6 ,,Ametazol,0,1,84998,F,0,,110733.0,"0,84998,",
A,T41.3X1,T41.3X2,T41.3X3,T41.3X4,T41.3X5,T41.3X6 ,,Ametocaína,0,0,84999,F,0,,110734.0,"0,84999,",
A,T45.1X1,T45.1X2,T45.1X3,T45.1X4,T45.1X5,T45.1X6 ,,Ametopterina,0,1,85002,F,0,,110737.0,"0,85002,",
A,T43.291,T43.292,T43.293,T43.294,T43.295,T43.296 ,,Amfebutamona,0,1,85003,F,0,,110738.0,"0,85003,",
A,T43.591,T43.592,T43.593,T43.594,T43.595,T43.596 ,,Amfenidona,0,1,85004,F,0,,110739.0,"0,85004,",
A,T50.5X1,T50.5X2,T50.5X3,T50.5X4,T50.5X5,T50.5X6 ,,Amfepramona,0,1,85005,F,0,,110740.0,"0,85005,",
A,T36.8X1,T36.8X2,T36.8X3,T36.8X4,T36.8X5,T36.8X6 ,,Amfomicina,0,1,85006,F,0,,110741.0,"0,85006,",
A,T57.8X1,T57.8X2,T57.8X3,T57.8X4,-,-- ,,Amianto,0,1,85007,F,0,,110742.0,"0,85007,",
A,T48.5X1,T48.5X2,T48.5X3,T48.5X4,T48.5X5,T48.5X6 ,,"Amidefrine, mesilato de",0,1,85008,F,0,,110743.0,"0,85008,",
A,T40.3X1,T40.3X2,T40.3X3,T40.3X4,T40.3X5,T40.3X6 ,,Amidona,0,1,85009,F,0,,110744.0,"0,85009,",
A,T39.2X1,T39.2X2,T39.2X3,T39.2X4,T39.2X5,T39.2X6,,Amidopirina,0,1,94642,F,0,,110745.0,"0,94642,",
A,T50.8X1,T50.8X2,T50.8X3,T50.8X4,T50.8X5,T50.8X6 ,,Amidotrizoato,0,1,85010,F,0,,110746.0,"0,85010,",
A,T50.7X1,T50.7X2,T50.7X3,T50.7X4,T50.7X5,T50.7X6 ,,Amifenazona,0,1,85011,F,0,,110747.0,"0,85011,",
A,T43.1X1,T43.1X2,T43.1X3,T43.1X4,T43.1X5,T43.1X6 ,,Amiflamina,0,1,85012,F,0,,110748.0,"0,85012,",
A,T62.2X1,T62.2X2,T62.2X3,T62.2X4,-,-- ,,Amigdalina,0,1,85013,F,0,,110749.0,"0,85013,",
A,T36.5X1,T36.5X2,T36.5X3,T36.5X4,T36.5X5,T36.5X6 ,,Amikacina,0,1,85014,F,0,,110750.0,"0,85014,",
A,T47.5X1,T47.5X2,T47.5X3,T47.5X4,T47.5X5,T47.5X6 ,,Amilasa,0,1,85015,F,0,,110751.0,"0,85015,",
A,,,,,, ,,Amileno,0,0,85017,F,0,,110753.0,"0,85017,",
A,T41.3X1,T41.3X2,T41.3X3,T41.3X4,T41.3X5,T41.3X6 ,,"Amileína, regional",0,1,85016,F,0,,110752.0,"0,85016,",
A,T49.6X1,T49.6X2,T49.6X3,T49.6X4,T49.6X5,T49.6X6 ,,Amilmetacresol,0,1,85020,F,0,,110756.0,"0,85020,",
A,,,,,, ,,Amilo,0,0,85021,F,0,,110757.0,"0,85021,",
A,T42.3X1,T42.3X2,T42.3X3,T42.3X4,T42.3X5,T42.3X6 ,,Amilobarbitona,0,1,85029,F,0,,110765.0,"0,85029,",
A,T41.3X1,T41.3X2,T41.3X3,T41.3X4,T41.3X5,T41.3X6 ,,"Amilocaína, regional",0,0,85030,F,0,,110766.0,"0,85030,",
A,T47.6X1,T47.6X2,T47.6X3,T47.6X4,T47.6X5,T47.6X6 ,,Amilopectina,0,1,85035,F,0,,110771.0,"0,85035,",
A,T50.2X1,T50.2X2,T50.2X3,T50.2X4,T50.2X5,T50.2X6 ,,Amilorida,0,1,85036,F,0,,110772.0,"0,85036,",
A,T49.0X1,T49.0X2,T49.0X3,T49.0X4,T49.0X5,T49.0X6 ,,Aminacrina,0,1,85037,F,0,,110773.0,"0,85037,",
A,T43.011,T43.012,T43.013,T43.014,T43.015,T43.016 ,,Amineptina,0,1,85038,F,0,,110774.0,"0,85038,",
A,T37.3X1,T37.3X2,T37.3X3,T37.3X4,T37.3X5,T37.3X6 ,,Aminitrozol,0,1,85039,F,0,,110775.0,"0,85039,",
A,T50.3X1,T50.3X2,T50.3X3,T50.3X4,T50.3X5,T50.3X6 ,,"Aminoacetic, ácido (derivados)",0,1,85040,F,0,,110776.0,"0,85040,",
A,T49.0X1,T49.0X2,T49.0X3,T49.0X4,T49.0X5,T49.0X6 ,,Aminoacridina,0,1,85042,F,0,,110778.0,"0,85042,",
A,T49.3X1,T49.3X2,T49.3X3,T49.3X4,T49.3X5,T49.3X6 ,,"Aminobenzoico (-p), ácido",0,1,85043,F,0,,110779.0,"0,85043,",
A,T45.621,T45.622,T45.623,T45.624,T45.625,T45.626 ,,"Aminocaproico, ácido",0,1,85044,F,0,,110780.0,"0,85044,",
A,T45.8X1,T45.8X2,T45.8X3,T45.8X4,T45.8X5,T45.8X6 ,,Aminoetilisotiourio,0,1,85045,F,0,,110781.0,"0,85045,",
A,T39.2X1,T39.2X2,T39.2X3,T39.2X4,T39.2X5,T39.2X6 ,,Aminofenazona,0,1,85048,F,0,,110784.0,"0,85048,",
A,T43.591,T43.592,T43.593,T43.594,T43.595,T43.596 ,,Aminofenilpiridona,0,1,85049,F,0,,110785.0,"0,85049,",
A,T54.0X1,T54.0X2,T54.0X3,T54.0X4,-,-- ,,Aminofenol,0,1,85050,F,0,,110786.0,"0,85050,",
A,T48.6X1,T48.6X2,T48.6X3,T48.6X4,T48.6X5,T48.6X6 ,,Aminofilina,0,1,85051,F,0,,110787.0,"0,85051,",
A,T45.1X1,T45.1X2,T45.1X3,T45.1X4,T45.1X5,T45.1X6 ,,Aminoglutetimida,0,1,85052,F,0,,110788.0,"0,85052,",
A,T50.8X1,T50.8X2,T50.8X3,T50.8X4,T50.8X5,T50.8X6 ,,"Aminohipúrico, ácido",0,1,85053,F,0,,110789.0,"0,85053,",
A,T45.691,T45.692,T45.693,T45.694,T45.695,T45.696 ,,"Aminometilbenzoico, ácido",0,1,85054,F,0,,110790.0,"0,85054,",
A,T50.2X1,T50.2X2,T50.2X3,T50.2X4,T50.2X5,T50.2X6 ,,Aminometradina,0,1,85055,F,0,,110791.0,"0,85055,",
A,T44.3X1,T44.3X2,T44.3X3,T44.3X4,T44.3X5,T44.3X6 ,,Aminopentamida,0,1,85056,F,0,,110792.0,"0,85056,",
A,T39.2X1,T39.2X2,T39.2X3,T39.2X4,T39.2X5,T39.2X6 ,,Aminopirina,0,1,85057,F,0,,110793.0,"0,85057,",
A,T45.1X1,T45.1X2,T45.1X3,T45.1X4,T45.1X5,T45.1X6 ,,"Aminopterina, sodio de",0,1,85058,F,0,,110794.0,"0,85058,",
A,T50.5X1,T50.5X2,T50.5X3,T50.5X4,T50.5X5,T50.5X6 ,,Aminorex,0,1,85059,F,0,,110795.0,"0,85059,",
A,T37.1X1,T37.1X2,T37.1X3,T37.1X4,T37.1X5,T37.1X6,,"Aminosalicílico, ácido",0,1,85060,F,0,,110796.0,"0,85060,",
A,T50.3X1,T50.3X2,T50.3X3,T50.3X4,T50.3X5,T50.3X6 ,,Aminoácidos,0,1,85041,F,0,,110777.0,"0,85041,",
A,T46.2X1,T46.2X2,T46.2X3,T46.2X4,T46.2X5,T46.2X6 ,,Amiodarona,0,1,85062,F,0,,110798.0,"0,85062,",
A,T46.3X1,T46.3X2,T46.3X3,T46.3X4,T46.3X5,T46.3X6 ,,Amiquelina,0,1,85063,F,0,,110799.0,"0,85063,",
A,T46.5X1,T46.5X2,T46.5X3,T46.5X4,T46.5X5,T46.5X6 ,,Amiquinsina,0,1,85064,F,0,,110800.0,"0,85064,",
A,T50.2X1,T50.2X2,T50.2X3,T50.2X4,T50.2X5,T50.2X6 ,,Amisometradina,0,1,85065,F,0,,110801.0,"0,85065,",
A,T43.591,T43.592,T43.593,T43.594,T43.595,T43.596 ,,Amisulprida,0,1,85066,F,0,,110802.0,"0,85066,",
A,T42.3X1,T42.3X2,T42.3X3,T42.3X4,T42.3X5,T42.3X6 ,,Amital (sodio),0,1,85067,F,0,,110803.0,"0,85067,",
A,T43.011,T43.012,T43.013,T43.014,T43.015,T43.016 ,,Amitriptilina,0,1,85068,F,0,,110804.0,"0,85068,",
A,T43.011,T43.012,T43.013,T43.014,T43.015,T43.016 ,,"Amitriptilina, óxido de",0,1,85069,F,0,,110805.0,"0,85069,",
A,T48.6X1,T48.6X2,T48.6X3,T48.6X4,T48.6X5,T48.6X6 ,,Amlexanox,0,1,85070,F,0,,110806.0,"0,85070,",
A,T42.3X1,T42.3X2,T42.3X3,T42.3X4,T42.3X5,T42.3X6 ,,Amobarbital (sodio),0,1,85071,F,0,,110807.0,"0,85071,",
A,T37.2X1,T37.2X2,T37.2X3,T37.2X4,T37.2X5,T37.2X6 ,,Amodiaquina,0,1,85072,F,0,,110808.0,"0,85072,",
A,,,,,, ,,Amonio,0,0,85076,F,0,,110812.0,"0,85076,",
A,T49.0X1,T49.0X2,T49.0X3,T49.0X4,T49.0X5,T49.0X6 ,,"Amonizado, mercurio",0,1,85089,F,0,,110827.0,"0,85089,",
A,T59.891,T59.892,T59.893,T59.894,-,-- ,,Amoníaco (gases) (gas) (vapor),0,0,85073,F,0,,110809.0,"0,85073,",
A,T37.2X1,T37.2X2,T37.2X3,T37.2X4,T37.2X5,T37.2X6 ,,Amopiroquina,0,1,85090,F,0,,110828.0,"0,85090,",
A,T43.011,T43.012,T43.013,T43.014,T43.015,T43.016 ,,Amoxapina,0,1,85091,F,0,,110829.0,"0,85091,",
A,T36.0X1,T36.0X2,T36.0X3,T36.0X4,T36.0X5,T36.0X6 ,,Amoxicilina,0,1,85092,F,0,,110830.0,"0,85092,",
A,T43.591,T43.592,T43.593,T43.594,T43.595,T43.596 ,,Amperozida,0,1,85093,F,0,,110831.0,"0,85093,",
A,T36.0X1,T36.0X2,T36.0X3,T36.0X4,T36.0X5,T36.0X6 ,,Ampicilina,0,1,85094,F,0,,110832.0,"0,85094,",
A,T44.3X1,T44.3X2,T44.3X3,T44.3X4,T44.3X5,T44.3X6 ,,Amprotropina,0,1,85095,F,0,,110833.0,"0,85095,",
A,T45.1X1,T45.1X2,T45.1X3,T45.1X4,T45.1X5,T45.1X6 ,,Amsacrina,0,1,85096,F,0,,110834.0,"0,85096,",
A,T38.7X1,T38.7X2,T38.7X3,T38.7X4,T38.7X5,T38.7X6 ,,"Anabólicos, esteroides ",0,1,85097,F,0,,110835.0,"0,85097,",
A,T39.2X1,T39.2X2,T39.2X3,T39.2X4,T39.2X5,T39.2X6 ,,Analgina,0,1,85111,F,0,,110849.0,"0,85111,",
A,T39.91,T39.92,T39.93,T39.94,T39.95,T39.96,,Analgésico,0,0,85099,F,0,,110837.0,"0,85099,",
A,T50.7X1,T50.7X2,T50.7X3,T50.7X4,T50.7X5,T50.7X6 ,,Analéptico NCOC,0,1,85098,F,0,,110836.0,"0,85098,",
A,T62.1X1,T62.1X2,T62.1X3,T62.1X4,-,-- ,,Anamirta cocculus,0,1,85112,F,0,,110850.0,"0,85112,",
A,T36.0X1,T36.0X2,T36.0X3,T36.0X4,T36.0X5,T36.0X6 ,,Ancilina,0,1,85113,F,0,,110851.0,"0,85113,",
A,T45.691,T45.692,T45.693,T45.694,T45.695,T45.696 ,,Ancrod,0,1,85114,F,0,,110852.0,"0,85114,",
A,T38.7X1,T38.7X2,T38.7X3,T38.7X4,T38.7X5,T38.7X6 ,,Androstalona,0,1,85117,F,0,,110855.0,"0,85117,",
A,T38.7X1,T38.7X2,T38.7X3,T38.7X4,T38.7X5,T38.7X6 ,,Androstanolona,0,1,85118,F,0,,110856.0,"0,85118,",
A,T38.7X1,T38.7X2,T38.7X3,T38.7X4,T38.7X5,T38.7X6 ,,Androsterona,0,1,85119,F,0,,110857.0,"0,85119,",
A,T38.7X1,T38.7X2,T38.7X3,T38.7X4,T38.7X5,T38.7X6 ,,Andrógeno,0,1,85115,F,0,,110853.0,"0,85115,",
A,T38.7X1,T38.7X2,T38.7X3,T38.7X4,T38.7X5,T38.7X6 ,,"Andrógeno-estrógeno, mezcla",0,1,85116,F,0,,110854.0,"0,85116,",
A,,,,,, ,,Anestesia,0,0,85121,F,0,,110859.0,"0,85121,",
A,T41.41,T41.42,T41.43,T41.44,T41.45,T41.46,,Anestésico NCOC - véase además Anestesia,0,0,85137,F,0,,110875.0,"0,85137,",
A,T45.2X1,T45.2X2,T45.2X3,T45.2X4,T45.2X5,T45.2X6 ,,Aneurina,0,1,85154,F,0,,110892.0,"0,85154,",
A,T43.621,T43.622,T43.623,T43.624,T43.625,T43.626 ,,Anfetamina,0,1,85155,F,0,,110893.0,"0,85155,",
A,T43.621,T43.622,T43.623,T43.624,T43.625,T43.626 ,,Anfetaminilo,0,1,85157,F,0,,110895.0,"0,85157,",
A,T43.621,T43.622,T43.623,T43.624,T43.625,T43.626 ,,Anfetamínico NCOC,0,1,85156,F,0,,110894.0,"0,85156,",
A,T36.8X1,T36.8X2,T36.8X3,T36.8X4,T36.8X5,T36.8X6 ,,Anfomicina,0,1,85158,F,0,,110896.0,"0,85158,",
A,T37.4X1,T37.4X2,T37.4X3,T37.4X4,T37.4X5,T37.4X6 ,,Anfotalida,0,1,85159,F,0,,110897.0,"0,85159,",
A,T36.7X1,T36.7X2,T36.7X3,T36.7X4,T36.7X5,T36.7X6 ,,Anfotericina B,0,0,85160,F,0,,110898.0,"0,85160,",
A,T50.8X1,T50.8X2,T50.8X3,T50.8X4,T50.8X5,T50.8X6 ,,Angio-Conray,0,1,85162,F,0,,110900.0,"0,85162,",
A,T44.5X1,T44.5X2,T44.5X3,T44.5X4,T44.5X5,T44.5X6 ,,Angiotensina,0,1,85163,F,0,,110901.0,"0,85163,",
A,T44.991,T44.992,T44.993,T44.994,T44.995,T44.996 ,,Angiotensinamida,0,1,85164,F,0,,110902.0,"0,85164,",
A,T38.5X1,T38.5X2,T38.5X3,T38.5X4,T38.5X5,T38.5X6 ,,Anhidrohidroxi-progesterona,0,1,85165,F,0,,110903.0,"0,85165,",
A,T50.2X1,T50.2X2,T50.2X3,T50.2X4,T50.2X5,T50.2X6 ,,Anhidrona,0,1,85166,F,0,,110904.0,"0,85166,",
A,T40.491,T40.492,T40.493,T40.494,T40.495,T40.496,,Anileridina,0,1,85167,F,0,,110905.0,"0,85167,",
A,T65.3X1,T65.3X2,T65.3X3,T65.3X4,-,-- ,,Anilina (tinte) (líquido),0,0,85168,F,0,,110906.0,"0,85168,",
A,T44.3X1,T44.3X2,T44.3X3,T44.3X4,T44.3X5,T44.3X6 ,,Aniscoropina,0,1,85173,F,0,,110911.0,"0,85173,",
A,T65.3X1,T65.3X2,T65.3X3,T65.3X4,-,-- ,,Anisidina,0,1,85174,F,0,,110912.0,"0,85174,",
A,T45.511,T45.512,T45.513,T45.514,T45.515,T45.516 ,,Anisindiona,0,1,85175,F,0,,110913.0,"0,85175,",
A,T44.3X1,T44.3X2,T44.3X3,T44.3X4,T44.3X5,T44.3X6 ,,"Anisotropina, metil-bromuro de ",0,1,85176,F,0,,110914.0,"0,85176,",
A,T45.611,T45.612,T45.613,T45.614,T45.615,T45.616 ,,Anistreplasa,0,1,85177,F,0,,110915.0,"0,85177,",
A,T50.5X1,T50.5X2,T50.5X3,T50.5X4,T50.5X5,T50.5X6 ,,Anorexígeno (central),0,1,85179,F,0,,110917.0,"0,85179,",
A,T50.5X1,T50.5X2,T50.5X3,T50.5X4,T50.5X5,T50.5X6 ,,"Anoréxicos, agentes ",0,1,85178,F,0,,110916.0,"0,85178,",
A,T36.6X1,T36.6X2,T36.6X3,T36.6X4,T36.6X5,T36.6X6 ,,Ansamicina,0,1,85180,F,0,,110918.0,"0,85180,",
A,T50.6X1,T50.6X2,T50.6X3,T50.6X4,T50.6X5,T50.6X6 ,,Antabuse,0,1,85183,F,0,,110921.0,"0,85183,",
A,,,,,, ,,Antagonista,0,0,85184,F,0,,110922.0,"0,85184,",
A,T45.0X1,T45.0X2,T45.0X3,T45.0X4,T45.0X5,T45.0X6 ,,Antazolina,0,1,85195,F,0,,110935.0,"0,85195,",
A,T48.5X1,T48.5X2,T48.5X3,T48.5X4,T48.5X5,T48.5X6 ,,"Anti resfriado común NCOC, droga",0,1,85196,F,0,,110936.0,"0,85196,",
A,T43.501,T43.502,T43.503,T43.504,T43.505,T43.506 ,,"Anti-ansiedad NCOC, droga",0,1,85202,F,0,,110943.0,"0,85202,",
A,T50.Z11,T50.Z12,T50.Z13,T50.Z14,T50.Z15,T50.Z16 ,,Anti-globulina linfocítica humana,0,1,85281,F,0,,111026.0,"0,85281,",
A,T47.1X1,T47.1X2,T47.1X3,T47.1X4,T47.1X5,T47.1X6 ,,"Anti-secreción gástrica NCOC, droga",0,1,85363,F,0,,111119.0,"0,85363,",
A,T44.8X1,T44.8X2,T44.8X3,T44.8X4,T44.8X5,T44.8X6 ,,Antiadrenérgico NCOC,0,1,85198,F,0,,110938.0,"0,85198,",
A,T43.501,T43.502,T43.503,T43.504,T43.505,T43.506,,Antialucinógeno,0,1,85282,F,0,,111028.0,"0,85282,",
A,T45.0X1,T45.0X2,T45.0X3,T45.0X4,T45.0X5,T45.0X6 ,,Antialérgico NCOC,0,1,85199,F,0,,110939.0,"0,85199,",
A,T38.6X1,T38.6X2,T38.6X3,T38.6X4,T38.6X5,T38.6X6,,Antiandrogeno NCOC,0,1,94645,F,0,,110940.0,"0,94645,",
A,T37.4X1,T37.4X2,T37.4X3,T37.4X4,T37.4X5,T37.4X6 ,,"Antianquilostomas, droga",0,1,85201,F,0,,110942.0,"0,85201,",
A,T45.8X1,T45.8X2,T45.8X3,T45.8X4,T45.8X5,T45.8X6 ,,Antianémico (droga) (preparación),0,1,85200,F,0,,110941.0,"0,85200,",
A,T65.891,T65.892,T65.893,T65.894,-,-- ,,Antiaris toxicaria,0,1,85203,F,0,,110944.0,"0,85203,",
A,T46.6X1,T46.6X2,T46.6X3,T46.6X4,T46.6X5,T46.6X6 ,,"Antiarteroesclerótica, droga",0,1,85204,F,0,,110945.0,"0,85204,",
A,T48.6X1,T48.6X2,T48.6X3,T48.6X4,T48.6X5,T48.6X6 ,,"Antiasmático NCOC, droga",0,1,85205,F,0,,110946.0,"0,85205,",
A,T36.91,T36.92,T36.93,T36.94,T36.95,T36.96 ,,Antibiótico NCOC,0,0,85206,F,0,,110947.0,"0,85206,",
A,T50.3X1,T50.3X2,T50.3X3,T50.3X4,T50.3X5,T50.3X6 ,,Anticalurético,0,1,85225,F,0,,110966.0,"0,85225,",
A,T45.1X1,T45.1X2,T45.1X3,T45.1X4,T45.1X5,T45.1X6 ,,"Anticancerosos NCOC, agentes",0,1,85226,F,0,,110967.0,"0,85226,",
A,T45.511,T45.512,T45.513,T45.514,T45.515,T45.516 ,,Anticoagulante NCOC,0,0,85227,F,0,,110968.0,"0,85227,",
A,T46.6X1,T46.6X2,T46.6X3,T46.6X4,T46.6X5,T46.6X6 ,,"Anticolesterolémica NCOC, droga",0,1,85229,F,0,,110970.0,"0,85229,",
A,T44.0X1,T44.0X2,T44.0X3,T44.0X4,T44.0X5,T44.0X6 ,,Anticolinesterásico,0,0,85231,F,0,,110972.0,"0,85231,",
A,T44.3X1,T44.3X2,T44.3X3,T44.3X4,T44.3X5,T44.3X6 ,,Anticolinérgico NCOC,0,1,85230,F,0,,110971.0,"0,85230,",
A,T38.4X1,T38.4X2,T38.4X3,T38.4X4,T38.4X5,T38.4X6 ,,Anticonceptivos (orales),0,0,85237,F,0,,110978.0,"0,85237,",
A,T65.91,T65.92,T65.93,T65.94,-,-- ,,Anticongelante,0,0,85239,F,0,,110980.0,"0,85239,",
A,T42.71,T42.72,T42.73,T42.74,T42.75,T42.76,,Anticonvulsivo,0,0,85242,F,0,,110983.0,"0,85242,",
A,T43.201,T43.202,T43.203,T43.204,T43.205,T43.206 ,,Antidepresivo,0,0,85250,F,0,,110992.0,"0,85250,",
A,T56.0X1,T56.0X2,T56.0X3,T56.0X4,-,-- ,,Antidetonante (plomo de tetraetilo),0,1,85257,F,0,,111000.0,"0,85257,",
A,T38.3X1,T38.3X2,T38.3X3,T38.3X4,T38.3X5,T38.3X6 ,,Antidiabético NCOC,0,0,85258,F,0,,111001.0,"0,85258,",
A,T47.6X1,T47.6X2,T47.6X3,T47.6X4,T47.6X5,T47.6X6 ,,"Antidiarreica NCOC, droga",0,0,85263,F,0,,111006.0,"0,85263,",
A,T50.Z11,T50.Z12,T50.Z13,T50.Z14,T50.Z15,T50.Z16 ,,"Antidiftheria, suero",0,1,85265,F,0,,111008.0,"0,85265,",
A,T46.2X1,T46.2X2,T46.2X3,T46.2X4,T46.2X5,T46.2X6,,Antidisritmico,0,1,94646,F,0,,111009.0,"0,94646,",
A,T38.891,T38.892,T38.893,T38.894,T38.895,T38.896 ,,"Antidiurética, hormona ",0,1,85266,F,0,,111010.0,"0,85266,",
A,T45.0X1,T45.0X2,T45.0X3,T45.0X4,T45.0X5,T45.0X6 ,,"Antiemético, droga",0,1,85269,F,0,,111013.0,"0,85269,",
A,T42.71,T42.72,T42.73,T42.74,T42.75,T42.76 ,,"Antiepiléptico, agente",0,0,85270,F,0,,111014.0,"0,85270,",
A,T50.Z11,T50.Z12,T50.Z13,T50.Z14,T50.Z15,T50.Z16 ,,"Antiescorpión, suero",0,1,85274,F,0,,111018.0,"0,85274,",
A,T37.4X1,T37.4X2,T37.4X3,T37.4X4,T37.4X5,T37.4X6 ,,"Antiesquistosómico, fármaco",0,1,85275,F,0,,111019.0,"0,85275,",
A,T38.6X1,T38.6X2,T38.6X3,T38.6X4,T38.6X5,T38.6X6,,Antiestrógeno NCOC,0,1,94647,F,0,,111020.0,"0,94647,",
A,T38.4X1,T38.4X2,T38.4X3,T38.4X4,T38.4X5,T38.4X6 ,,"Antifertilidad, píldora",0,1,85276,F,0,,111021.0,"0,85276,",
A,T45.621,T45.622,T45.623,T45.624,T45.625,T45.626 ,,"Antifibrinolítica, droga",0,1,85277,F,0,,111022.0,"0,85277,",
A,T37.4X1,T37.4X2,T37.4X3,T37.4X4,T37.4X5,T37.4X6 ,,"Antifilárica, droga",0,1,85278,F,0,,111023.0,"0,85278,",
A,T47.5X1,T47.5X2,T47.5X3,T47.5X4,T47.5X5,T47.5X6 ,,Antiflatulento,0,1,85279,F,0,,111024.0,"0,85279,",
A,T39.4X1,T39.4X2,T39.4X3,T39.4X4,T39.4X5,T39.4X6 ,,Antiflogístico NCOC,0,1,85280,F,0,,111025.0,"0,85280,",
A,T38.6X1,T38.6X2,T38.6X3,T38.6X4,T38.6X5,T38.6X6,,Antigonadotropina NCOC,0,1,94649,F,0,,111027.0,"0,94649,",
A,T37.4X1,T37.4X2,T37.4X3,T37.4X4,T37.4X5,T37.4X6 ,,Antihelmíntico NCOC,0,1,85284,F,0,,111030.0,"0,85284,",
A,,,,,, ,,Antihemofílico,0,0,85285,F,0,,111031.0,"0,85285,",
A,T49.2X1,T49.2X2,T49.2X3,T49.2X4,T49.2X5,T49.2X6 ,,"Antihemorroidal, preparación",0,1,85291,F,0,,111037.0,"0,85291,",
A,T45.7X1,T45.7X2,T45.7X3,T45.7X4,T45.7X5,T45.7X6 ,,"Antiheparina, droga",0,1,85292,F,0,,111038.0,"0,85292,",
A,T46.5X1,T46.5X2,T46.5X3,T46.5X4,T46.5X5,T46.5X6 ,,Antihipertensivo NCOC,0,1,85293,F,0,,111039.0,"0,85293,",
A,T45.0X1,T45.0X2,T45.0X3,T45.0X4,T45.0X5,T45.0X6 ,,Antihistamínico,0,1,85294,F,0,,111040.0,"0,85294,",
A,T50.Z11,T50.Z12,T50.Z13,T50.Z14,T50.Z15,T50.Z16,,"Antihumana, globulina linfocítica",0,1,94648,F,0,,111041.0,"0,94648,",
A,T37.91,T37.92,T37.93,T37.94,T37.95,T37.96 ,,Antiinfeccios NCOC,0,0,85295,F,0,,111042.0,"0,85295,",
A,T49.0X1,T49.0X2,T49.0X3,T49.0X4,T49.0X5,T49.0X6,,"Antiinflamatorio local NCOC, fármaco",0,0,85315,F,0,,111062.0,"0,85315,",
A,T46.6X1,T46.6X2,T46.6X3,T46.6X4,T46.6X5,T46.6X6 ,,Antilipemiante NCOC,0,1,85316,F,0,,111068.0,"0,85316,",
A,T45.1X1,T45.1X2,T45.1X3,T45.1X4,T45.1X5,T45.1X6 ,,Antimetabolito,0,1,85317,F,0,,111069.0,"0,85317,",
A,T37.1X1,T37.1X2,T37.1X3,T37.1X4,T37.1X5,T37.1X6 ,,"Antimicobacteriano NCOC, droga",0,0,85318,F,0,,111070.0,"0,85318,",
A,,,,,, ,,Antimicótico,0,0,85321,F,0,,111073.0,"0,85321,",
A,T45.1X1,T45.1X2,T45.1X3,T45.1X4,T45.1X5,T45.1X6 ,,Antimitótico,0,1,85327,F,0,,111079.0,"0,85327,",
A,T56.891,T56.892,T56.893,T56.894,-,-- ,,Antimonio (compuestos) (emanaciones) NCOC,0,0,85328,F,0,,111080.0,"0,85328,",
A,T44.3X1,T44.3X2,T44.3X3,T44.3X4,T44.3X5,T44.3X6 ,,Antimuscarínico NCOC,0,1,85336,F,0,,111088.0,"0,85336,",
A,T37.4X1,T37.4X2,T37.4X3,T37.4X4,T37.4X5,T37.4X6 ,,"Antinemátodo, fármacos",0,1,85338,F,0,,111090.0,"0,85338,",
A,T45.1X1,T45.1X2,T45.1X3,T45.1X4,T45.1X5,T45.1X6 ,,Antineoplásico NCOC,0,0,85339,F,0,,111091.0,"0,85339,",
A,T45.0X1,T45.0X2,T45.0X3,T45.0X4,T45.0X5,T45.0X6 ,,Antináuseo,0,1,85337,F,0,,111089.0,"0,85337,",
A,T37.4X1,T37.4X2,T37.4X3,T37.4X4,T37.4X5,T37.4X6 ,,Antiolimina,0,1,85345,F,0,,111097.0,"0,85345,",
A,T37.2X1,T37.2X2,T37.2X3,T37.2X4,T37.2X5,T37.2X6 ,,Antipalúdico,0,0,85346,F,0,,111098.0,"0,85346,",
A,T37.91,T37.92,T37.93,T37.94,T37.95,T37.96,,"Antiparasitario, droga (sistémica)",0,0,85349,F,0,,111101.0,"0,85349,",
A,T42.8X1,T42.8X2,T42.8X3,T42.8X4,T42.8X5,T42.8X6 ,,Antiparkinsoniano NCOC,0,1,85350,F,0,,111104.0,"0,85350,",
A,T39.2X1,T39.2X2,T39.2X3,T39.2X4,T39.2X5,T39.2X6 ,,Antipirina,0,1,85352,F,0,,111107.0,"0,85352,",
A,T39.91,T39.92,T39.93,T39.94,T39.95,T39.96,,Antipirético NEOM,0,0,85351,F,0,,111105.0,"0,85351,",
A,T37.4X1,T37.4X2,T37.4X3,T37.4X4,T37.4X5,T37.4X6 ,,"Antiplatihelmíntico, fármaco",0,1,85353,F,0,,111108.0,"0,85353,",
A,T37.3X1,T37.3X2,T37.3X3,T37.3X4,T37.3X5,T37.3X6 ,,"Antiprotozoario NCOC, fármaco",0,0,85354,F,0,,111109.0,"0,85354,",
A,T49.1X1,T49.1X2,T49.1X3,T49.1X4,T49.1X5,T49.1X6 ,,"Antipruriginoso NCOC, fármaco",0,1,85357,F,0,,111112.0,"0,85357,",
A,T43.501,T43.502,T43.503,T43.504,T43.505,T43.506,,"Antipsicótico, fármaco",0,0,85358,F,0,,111113.0,"0,85358,",
A,T42.8X1,T42.8X2,T42.8X3,T42.8X4,T42.8X5,T42.8X6 ,,"Antirigidez NCOC, fármaco",0,1,85359,F,0,,111115.0,"0,85359,",
A,T39.4X1,T39.4X2,T39.4X3,T39.4X4,T39.4X5,T39.4X6 ,,Antirreumático NCOC,0,1,85361,F,0,,111117.0,"0,85361,",
A,T50.Z11,T50.Z12,T50.Z13,T50.Z14,T50.Z15,T50.Z16 ,,"Antirrábico, suero hiperinmune",0,1,85360,F,0,,111116.0,"0,85360,",
A,T49.4X1,T49.4X2,T49.4X3,T49.4X4,T49.4X5,T49.4X6 ,,Antiseborreico,0,1,85362,F,0,,111118.0,"0,85362,",
A,T45.0X1,T45.0X2,T45.0X3,T45.0X4,T45.0X5,T45.0X6 ,,Antistina,0,1,85365,F,0,,111121.0,"0,85365,",
A,T49.0X1,T49.0X2,T49.0X3,T49.0X4,T49.0X5,T49.0X6 ,,Antisépticos (externo) (medicamento),0,1,85364,F,0,,111120.0,"0,85364,",
A,T50.Z11,T50.Z12,T50.Z13,T50.Z14,T50.Z15,T50.Z16 ,,"Antitetánica, inmunoglobulina ",0,1,85367,F,0,,111123.0,"0,85367,",
A,T38.2X1,T38.2X2,T38.2X3,T38.2X4,T38.2X5,T38.2X6 ,,"Antitiroideo NCOC, fármaco",0,1,85368,F,0,,111124.0,"0,85368,",
A,T50.Z11,T50.Z12,T50.Z13,T50.Z14,T50.Z15,T50.Z16 ,,Antitoxina,0,0,85369,F,0,,111125.0,"0,85369,",
A,T49.2X1,T49.2X2,T49.2X3,T49.2X4,T49.2X5,T49.2X6 ,,Antitranspirante NCOC,0,1,85373,F,0,,111129.0,"0,85373,",
A,T37.3X1,T37.3X2,T37.3X3,T37.3X4,T37.3X5,T37.3X6 ,,"Antitrichomonial, fármaco",0,1,85374,F,0,,111130.0,"0,85374,",
A,T37.4X1,T37.4X2,T37.4X3,T37.4X4,T37.4X5,T37.4X6 ,,"Antitricocéfalo, fármaco",0,1,85375,F,0,,111131.0,"0,85375,",
A,T37.4X1,T37.4X2,T37.4X3,T37.4X4,T37.4X5,T37.4X6,,"Antitriquina, fármaco NCOC",0,1,94652,F,0,,111132.0,"0,94652,",
A,T45.521,T45.522,T45.523,T45.524,T45.525,T45.526,T45.521,Antitrombótico,0,1,114075,F,0,,111133.0,"0,114075,",
A,T37.1X1,T37.1X2,T37.1X3,T37.1X4,T37.1X5,T37.1X6 ,,Antituberculoso,0,0,85376,F,0,,111134.0,"0,85376,",
A,T48.3X1,T48.3X2,T48.3X3,T48.3X4,T48.3X5,T48.3X6 ,,Antitusivo NCOC,0,0,85378,F,0,,111136.0,"0,85378,",
A,T37.4X1,T37.4X2,T37.4X3,T37.4X4,T37.4X5,T37.4X6 ,,"Antiténico, fármaco",0,1,85366,F,0,,111122.0,"0,85366,",
A,T46.8X1,T46.8X2,T46.8X3,T46.8X4,T46.8X5,T46.8X6 ,,"Antivaricoso, fármaco",0,1,85381,F,0,,111139.0,"0,85381,",
A,T50.Z11,T50.Z12,T50.Z13,T50.Z14,T50.Z15,T50.Z16 ,,Antiveneno (suero),0,0,85382,F,0,,111140.0,"0,85382,",
A,T37.5X1,T37.5X2,T37.5X3,T37.5X4,T37.5X5,T37.5X6 ,,"Antiviral NCOC, fármaco",0,0,85386,F,0,,111144.0,"0,85386,",
A,T45.0X1,T45.0X2,T45.0X3,T45.0X4,T45.0X5,T45.0X6 ,,"Antivértiginoso, fármaco",0,1,85385,F,0,,111143.0,"0,85385,",
A,T47.1X1,T47.1X2,T47.1X3,T47.1X4,T47.1X5,T47.1X6 ,,Antiácido NCOC,0,1,85197,F,0,,110937.0,"0,85197,",
A,,,,,,,,"Antraceno, derivado del  T47.2X1 T47.2X2 T47.2X3 T47.2X4 T47.2X5 T47.2X6",0,1,116081,F,0,,111146.0,"0,116081,",
A,T49.4X1,T49.4X2,T49.4X3,T49.4X4,T49.4X5,T49.4X6 ,,Antralina,0,1,85388,F,0,,111147.0,"0,85388,",
A,T45.1X1,T45.1X2,T45.1X3,T45.1X4,T45.1X5,T45.1X6 ,,Antramicina,0,1,85389,F,0,,111148.0,"0,85389,",
A,T60.91,T60.92,T60.93,T60.94,-,-- ,,Antrol véase además por sustancia química específica,0,0,85390,F,0,,111149.0,"0,85390,",
A,T50.6X1,T50.6X2,T50.6X3,T50.6X4,T50.6X5,T50.6X6 ,,Antídoto NCOC,0,0,85267,F,0,,111011.0,"0,85267,",
A,T62.2X1,T62.2X2,T62.2X3,T62.2X4,-,-- ,,Anémona pulsatilla,0,1,85120,F,0,,110858.0,"0,85120,",
A,T47.5X1,T47.5X2,T47.5X3,T47.5X4,T47.5X5,T47.5X6 ,,"Anís, aceite (esencia)",0,1,85172,F,0,,110910.0,"0,85172,",
A,T36.0X1,T36.0X2,T36.0X3,T36.0X4,T36.0X5,T36.0X6 ,,Apalcilina,0,1,85393,F,0,,111152.0,"0,85393,",
A,T50.5X1,T50.5X2,T50.5X3,T50.5X4,T50.5X5,T50.5X6 ,,"Apetito, depresor central del",0,1,85395,F,0,,111154.0,"0,85395,",
A,T44.4X1,T44.4X2,T44.4X3,T44.4X4,T44.4X5,T44.4X6 ,,Aplonidina,0,1,85396,F,0,,111155.0,"0,85396,",
A,T47.7X1,T47.7X2,T47.7X3,T47.7X4,T47.7X5,T47.7X6 ,,Apomorfina,0,1,85397,F,0,,111156.0,"0,85397,",
A,T44.4X1,T44.4X2,T44.4X3,T44.4X4,T44.4X5,T44.4X6 ,,Apraclonidina (clorhidrato),0,1,85398,F,0,,111157.0,"0,85398,",
A,T46.5X1,T46.5X2,T46.5X3,T46.5X4,T46.5X5,T46.5X6 ,,Apresolina,0,1,85399,F,0,,111158.0,"0,85399,",
A,T46.2X1,T46.2X2,T46.2X3,T46.2X4,T46.2X5,T46.2X6 ,,Aprindina,0,1,85400,F,0,,111159.0,"0,85400,",
A,T42.3X1,T42.3X2,T42.3X3,T42.3X4,T42.3X5,T42.3X6 ,,Aprobarbital,0,1,85401,F,0,,111160.0,"0,85401,",
A,T42.6X1,T42.6X2,T42.6X3,T42.6X4,T42.6X5,T42.6X6 ,,Apronalide,0,1,85402,F,0,,111161.0,"0,85402,",
A,T45.621,T45.622,T45.623,T45.624,T45.625,T45.626 ,,Aprotinina,0,1,85403,F,0,,111162.0,"0,85403,",
A,T41.3X1,T41.3X2,T41.3X3,T41.3X4,T41.3X5,T41.3X6 ,,Aptocaína,0,1,85404,F,0,,111163.0,"0,85404,",
A,T54.2X1,T54.2X2,T54.2X3,T54.2X4,-,-- ,,Aqua Fortis,0,1,85405,F,0,,111164.0,"0,85405,",
A,T37.5X1,T37.5X2,T37.5X3,T37.5X4,T37.5X5,T37.5X6 ,,Ara-A,0,1,85406,F,0,,111165.0,"0,85406,",
A,T45.1X1,T45.1X2,T45.1X3,T45.1X4,T45.1X5,T45.1X6 ,,Ara-C,0,1,85407,F,0,,111166.0,"0,85407,",
A,T37.2X1,T37.2X2,T37.2X3,T37.2X4,T37.2X5,T37.2X6 ,,Aralén,0,1,85408,F,0,,111167.0,"0,85408,",
A,T63.391,T63.392,T63.393,T63.394,-,-- ,,Araña (mordedura) (veneno),0,0,85409,F,0,,111168.0,"0,85409,",
A,T63.391,T63.392,T63.393,T63.394,-,-- ,,Araña marrón (mordedura) (veneno),0,1,85411,F,0,,111170.0,"0,85411,",
A,T63.331,T63.332,T63.333,T63.334,-,-- ,,Araña solitaria marrón (mordedura) (veneno),0,1,85412,F,0,,111171.0,"0,85412,",
A,T44.1X1,T44.1X2,T44.1X3,T44.1X4,T44.1X5,T44.1X6 ,,Arecolina,0,1,85413,F,0,,111172.0,"0,85413,",
A,T50.991,T50.992,T50.993,T50.994,T50.995,T50.996 ,,Arginina,0,0,85414,F,0,,111173.0,"0,85414,",
A,T49.0X1,T49.0X2,T49.0X3,T49.0X4,T49.0X5,T49.0X6 ,,Argirol,0,0,85416,F,0,,111175.0,"0,85416,",
A,T38.0X1,T38.0X2,T38.0X3,T38.0X4,T38.0X5,T38.0X6 ,,Aristocort,0,0,85419,F,0,,111178.0,"0,85419,",
A,T54.1X1,T54.1X2,T54.1X3,T54.1X4,-,-- ,,Aromático corrosivo,0,0,85423,F,0,,111182.0,"0,85423,",
A,T57.0X1,T57.0X2,T57.0X3,T57.0X4,-,-- ,,Arseniato de plomo,0,0,85425,F,0,,111184.0,"0,85425,",
A,T37.8X1,T37.8X2,T37.8X3,T37.8X4,T37.8X5,T37.8X6 ,,Arsfenamina (plata),0,1,85430,F,0,,111189.0,"0,85430,",
A,T57.0X1,T57.0X2,T57.0X3,T57.0X4,-,-- ,,Arsina (gas),0,1,85431,F,0,,111190.0,"0,85431,",
A,T37.3X1,T37.3X2,T37.3X3,T37.3X4,T37.3X5,T37.3X6 ,,Arstinol,0,1,85432,F,0,,111191.0,"0,85432,",
A,T57.0X1,T57.0X2,T57.0X3,T57.0X4,-,-- ,,"Arsénico, arsenical (compuestos) (polvo) (emanaciones) NCOC",0,0,85427,F,0,,111186.0,"0,85427,",
A,T44.3X1,T44.3X2,T44.3X3,T44.3X4,T44.3X5,T44.3X6 ,,Artane,0,1,85433,F,0,,111192.0,"0,85433,",
A,T41.3X1,T41.3X2,T41.3X3,T41.3X4,T41.3X5,T41.3X6 ,,Articaína,0,1,85434,F,0,,111193.0,"0,85434,",
A,T63.481,T63.482,T63.483,T63.484,-,-- ,,Artrópodo (veneno) NCOC,0,1,85435,F,0,,111194.0,"0,85435,",
A,T57.8X1,T57.8X2,T57.8X3,T57.8X4,,,,Asbesto,0,1,94660,F,0,,111195.0,"0,94660,",
A,T37.4X1,T37.4X2,T37.4X3,T37.4X4,T37.4X5,T37.4X6 ,,Ascaridol,0,1,85436,F,0,,111196.0,"0,85436,",
A,T45.2X1,T45.2X2,T45.2X3,T45.2X4,T45.2X5,T45.2X6 ,,"Ascórbico, ácido",0,1,85437,F,0,,111197.0,"0,85437,",
A,T49.0X1,T49.0X2,T49.0X3,T49.0X4,T49.0X5,T49.0X6 ,,Asiaticosida,0,1,85438,F,0,,111198.0,"0,85438,",
A,T45.1X1,T45.1X2,T45.1X3,T45.1X4,T45.1X5,T45.1X6 ,,Asparaginasa,0,1,85439,F,0,,111199.0,"0,85439,",
A,T37.4X1,T37.4X2,T37.4X3,T37.4X4,T37.4X5,T37.4X6 ,,Aspidium (oleorresina),0,1,85440,F,0,,111200.0,"0,85440,",
A,T39.011,T39.012,T39.013,T39.014,T39.015,T39.016 ,,Aspirina (aluminio) (soluble),0,1,85441,F,0,,111201.0,"0,85441,",
A,T36.0X1,T36.0X2,T36.0X3,T36.0X4,T36.0X5,T36.0X6 ,,Aspoxicilina,0,1,85442,F,0,,111202.0,"0,85442,",
A,T45.0X1,T45.0X2,T45.0X3,T45.0X4,T45.0X5,T45.0X6 ,,Astemizol,0,1,85443,F,0,,111203.0,"0,85443,",
A,T49.2X1,T49.2X2,T49.2X3,T49.2X4,T49.2X5,T49.2X6 ,,Astringente (local),0,0,85444,F,0,,111204.0,"0,85444,",
A,T36.5X1,T36.5X2,T36.5X3,T36.5X4,T36.5X5,T36.5X6 ,,Astromicina,0,1,85446,F,0,,111206.0,"0,85446,",
A,T47.6X1,T47.6X2,T47.6X3,T47.6X4,T47.6X5,T47.6X6 ,,Atapulguita,0,1,85447,F,0,,111207.0,"0,85447,",
A,T43.501,T43.502,T43.503,T43.504,T43.505,T43.506 ,,"Ataráctico NCOC, fármaco",0,1,85448,F,0,,111208.0,"0,85448,",
A,T37.8X1,T37.8X2,T37.8X3,T37.8X4,T37.8X5,T37.8X6 ,,Atebrina,0,1,85449,F,0,,111209.0,"0,85449,",
A,T44.7X1,T44.7X2,T44.7X3,T44.7X4,T44.7X5,T44.7X6 ,,Atenolol,0,1,85450,F,0,,111210.0,"0,85450,",
A,T50.4X1,T50.4X2,T50.4X3,T50.4X4,T50.4X5,T50.4X6 ,,Atofano,0,1,85451,F,0,,111211.0,"0,85451,",
A,T47.4X1,T47.4X2,T47.4X3,T47.4X4,T47.4X5,T47.4X6 ,,"Atonía intestinal, fármaco ",0,1,85452,F,0,,111212.0,"0,85452,",
A,T48.1X1,T48.1X2,T48.1X3,T48.1X4,T48.1X5,T48.1X6 ,,"Atracurio, besilato de",0,1,85453,F,0,,111213.0,"0,85453,",
A,T44.3X1,T44.3X2,T44.3X3,T44.3X4,T44.3X5,T44.3X6 ,,Atropina,0,0,85454,F,0,,111214.0,"0,85454,",
A,T65.891,T65.892,T65.893,T65.894,-,-- ,,Auramina,0,0,85457,F,0,,111217.0,"0,85457,",
A,T39.4X1,T39.4X2,T39.4X3,T39.4X4,T39.4X5,T39.4X6 ,,Auranofina,0,1,85460,F,0,,111220.0,"0,85460,",
A,T46.991,T46.992,T46.993,T46.994,T46.995,T46.996 ,,Aurantina,0,1,85461,F,0,,111221.0,"0,85461,",
A,T36.4X1,T36.4X2,T36.4X3,T36.4X4,T36.4X5,T36.4X6 ,,Aureomicina,0,0,85462,F,0,,111222.0,"0,85462,",
A,T39.4X1,T39.4X2,T39.4X3,T39.4X4,T39.4X5,T39.4X6 ,,Aurotioglucanida,0,1,85465,F,0,,111225.0,"0,85465,",
A,T39.4X1,T39.4X2,T39.4X3,T39.4X4,T39.4X5,T39.4X6 ,,Aurotioglucosa,0,1,85466,F,0,,111226.0,"0,85466,",
A,T39.4X1,T39.4X2,T39.4X3,T39.4X4,T39.4X5,T39.4X6 ,,Aurotiomalato de sodio,0,1,85467,F,0,,111227.0,"0,85467,",
A,T39.4X1,T39.4X2,T39.4X3,T39.4X4,T39.4X5,T39.4X6 ,,Aurotioprol,0,1,85468,F,0,,111228.0,"0,85468,",
A,T52.0X1,T52.0X2,T52.0X3,T52.0X4,-,-- ,,"Automóvil, combustible de",0,1,85469,F,0,,111229.0,"0,85469,",
A,T44.901,T44.902,T44.903,T44.904,T44.905,T44.906 ,,"Autónomo NCOC, agente del sistema nervioso ",0,1,85470,F,0,,111230.0,"0,85470,",
A,T49.2X1,T49.2X2,T49.2X3,T49.2X4,T49.2X5,T49.2X6 ,,Avellano de bruja,0,1,85471,F,0,,111231.0,"0,85471,",
A,T63.461,T63.462,T63.463,T63.464,-,-- ,,Avispa (picadura),0,1,85472,F,0,,111232.0,"0,85472,",
A,T63.451,T63.452,T63.453,T63.454,-,-- ,,Avispón (picadura),0,1,85473,F,0,,111233.0,"0,85473,",
A,T37.1X1,T37.1X2,T37.1X3,T37.1X4,T37.1X5,T37.1X6 ,,Avlosulfona,0,1,85474,F,0,,111234.0,"0,85474,",
A,T42.6X1,T42.6X2,T42.6X3,T42.6X4,T42.6X5,T42.6X6 ,,Avomina,0,1,85475,F,0,,111235.0,"0,85475,",
A,T45.2X1,T45.2X2,T45.2X3,T45.2X4,T45.2X5,T45.2X6 ,,Axeroftol,0,1,85476,F,0,,111236.0,"0,85476,",
A,T43.591,T43.592,T43.593,T43.594,T43.595,T43.596 ,,Azaciclonol,0,1,85477,F,0,,111237.0,"0,85477,",
A,T45.1X1,T45.1X2,T45.1X3,T45.1X4,T45.1X5,T45.1X6 ,,Azacitidina,0,1,85478,F,0,,111238.0,"0,85478,",
A,T60.2X1,T60.2X2,T60.2X3,T60.2X4,-,-- ,,Azadiracta,0,1,85479,F,0,,111239.0,"0,85479,",
A,T62.2X1,T62.2X2,T62.2X3,T62.2X4,-,-- ,,Azafrán de la pradera ,0,1,85480,F,0,,111240.0,"0,85480,",
A,T37.3X1,T37.3X2,T37.3X3,T37.3X4,T37.3X5,T37.3X6 ,,Azanidazol,0,1,85481,F,0,,111241.0,"0,85481,",
A,T46.7X1,T46.7X2,T46.7X3,T46.7X4,T46.7X5,T46.7X6 ,,Azapetina,0,1,85482,F,0,,111242.0,"0,85482,",
A,T39.2X1,T39.2X2,T39.2X3,T39.2X4,T39.2X5,T39.2X6 ,,Azapropazona,0,1,85483,F,0,,111243.0,"0,85483,",
A,T45.1X1,T45.1X2,T45.1X3,T45.1X4,T45.1X5,T45.1X6 ,,Azaribina,0,1,85484,F,0,,111244.0,"0,85484,",
A,T45.1X1,T45.1X2,T45.1X3,T45.1X4,T45.1X5,T45.1X6 ,,Azaserina,0,1,85485,F,0,,111245.0,"0,85485,",
A,T45.0X1,T45.0X2,T45.0X3,T45.0X4,T45.0X5,T45.0X6 ,,Azatadina,0,1,85486,F,0,,111246.0,"0,85486,",
A,T45.1X1,T45.1X2,T45.1X3,T45.1X4,T45.1X5,T45.1X6 ,,Azatepa,0,1,85487,F,0,,111247.0,"0,85487,",
A,T45.1X1,T45.1X2,T45.1X3,T45.1X4,T45.1X5,T45.1X6 ,,Azatioprina,0,1,85488,F,0,,111248.0,"0,85488,",
A,T49.0X1,T49.0X2,T49.0X3,T49.0X4,T49.0X5,T49.0X6 ,,"Azelaico, ácido ",0,1,85489,F,0,,111249.0,"0,85489,",
A,T45.0X1,T45.0X2,T45.0X3,T45.0X4,T45.0X5,T45.0X6 ,,Azelastina,0,1,85490,F,0,,111250.0,"0,85490,",
A,T36.0X1,T36.0X2,T36.0X3,T36.0X4,T36.0X5,T36.0X6 ,,Azidocilina,0,1,85491,F,0,,111251.0,"0,85491,",
A,T37.5X1,T37.5X2,T37.5X3,T37.5X4,T37.5X5,T37.5X6 ,,Azidotimidina,0,1,85492,F,0,,111252.0,"0,85492,",
A,T60.0X1,T60.0X2,T60.0X3,T60.0X4,-,-- ,,Azinfos (etil) (metil),0,1,85493,F,0,,111253.0,"0,85493,",
A,T54.1X1,T54.1X2,T54.1X3,T54.1X4,-,-- ,,Aziridínico (quelante),0,1,85494,F,0,,111254.0,"0,85494,",
A,T36.3X1,T36.3X2,T36.3X3,T36.3X4,T36.3X5,T36.3X6 ,,Azitromicina,0,1,85495,F,0,,111255.0,"0,85495,",
A,T36.0X1,T36.0X2,T36.0X3,T36.0X4,T36.0X5,T36.0X6 ,,Azlocilina,0,1,85496,F,0,,111256.0,"0,85496,",
A,T65.3X1,T65.3X2,T65.3X3,T65.3X4,-,-- ,,"Azobenceno, humo de",0,0,85497,F,0,,111257.0,"0,85497,",
A,T37.0X1,T37.0X2,T37.0X3,T37.0X4,T37.0X5,T37.0X6 ,,Azosulfamida,0,1,85499,F,0,,111259.0,"0,85499,",
A,T36.1X1,T36.1X2,T36.1X3,T36.1X4,T36.1X5,T36.1X6 ,,Aztreonam,0,1,85501,F,0,,111261.0,"0,85501,",
A,T45.8X1,T45.8X2,T45.8X3,T45.8X4,T45.8X5,T45.8X6 ,,"Azucarado, óxido de hierro",0,1,85502,F,0,,111262.0,"0,85502,",
A,T49.4X1,T49.4X2,T49.4X3,T49.4X4,T49.4X5,T49.4X6 ,,"Azufre, sulfurado, sulfúrico, sulfuroso, sulfurilo (compuestos NCOC) (medicamentos)",0,0,85503,F,0,,111263.0,"0,85503,",
A,T37.0X1,T37.0X2,T37.0X3,T37.0X4,T37.0X5,T37.0X6 ,,Azulfidina,0,1,85512,F,0,,111272.0,"0,85512,",
A,T50.8X1,T50.8X2,T50.8X3,T50.8X4,T50.8X5,T50.8X6 ,,Azuresina,0,1,85513,F,0,,111273.0,"0,85513,",
B,T45.8X1,T45.8X2,T45.8X3,T45.8X4,T45.8X5,T45.8X6 ,,BAL,0,1,85526,F,0,,111286.0,"0,85526,",
B,T50.A91,T50.A92,T50.A93,T50.A94,T50.A95,T50.A96 ,,BCG (vacuna),0,1,85553,F,0,,111313.0,"0,85553,",
B,T45.1X1,T45.1X2,T45.1X3,T45.1X4,T45.1X5,T45.1X6 ,,BCNU,0,1,85554,F,0,,111314.0,"0,85554,",
B,T50.991,T50.992,T50.993,T50.994,T50.995,T50.996 ,,BHA,0,1,85685,F,0,,111445.0,"0,85685,",
B,T36.0X1,T36.0X2,T36.0X3,T36.0X4,T36.0X5,T36.0X6 ,,Bacampicilina,0,1,85514,F,0,,111274.0,"0,85514,",
B,,,,,, ,,Bacillus,0,0,85515,F,0,,111275.0,"0,85515,",
B,T49.0X1,T49.0X2,T49.0X3,T49.0X4,T49.0X5,T49.0X6 ,,Bacimicina,0,0,85518,F,0,,111278.0,"0,85518,",
B,T49.0X1,T49.0X2,T49.0X3,T49.0X4,T49.0X5,T49.0X6 ,,"Bacitracina, zinc de",0,0,85520,F,0,,111280.0,"0,85520,",
B,T42.8X1,T42.8X2,T42.8X3,T42.8X4,T42.8X5,T42.8X6 ,,Baclofeno,0,1,85525,F,0,,111285.0,"0,85525,",
B,T48.6X1,T48.6X2,T48.6X3,T48.6X4,T48.6X5,T48.6X6 ,,Bambuterol,0,1,85527,F,0,,111287.0,"0,85527,",
B,T46.7X1,T46.7X2,T46.7X3,T46.7X4,T46.7X5,T46.7X6 ,,Bametano (sulfato),0,1,85528,F,0,,111288.0,"0,85528,",
B,T48.6X1,T48.6X2,T48.6X3,T48.6X4,T48.6X5,T48.6X6 ,,Bamifilina,0,1,85529,F,0,,111289.0,"0,85529,",
B,T45.0X1,T45.0X2,T45.0X3,T45.0X4,T45.0X5,T45.0X6 ,,Bamipina,0,1,85530,F,0,,111290.0,"0,85530,",
B,,,,,, ,,Baneberry - véase Actaea spicata,0,1,85531,F,0,,111291.0,"0,85531,",
B,,,,,, ,,Banewort - véase Belladonna,0,1,85532,F,0,,111292.0,"0,85532,",
B,T42.3X1,T42.3X2,T42.3X3,T42.3X4,T42.3X5,T42.3X6 ,,Barbenil,0,1,85534,F,0,,111294.0,"0,85534,",
B,T42.6X1,T42.6X2,T42.6X3,T42.6X4,T42.6X5,T42.6X6 ,,Barbexaclona,0,1,85535,F,0,,111295.0,"0,85535,",
B,T42.3X1,T42.3X2,T42.3X3,T42.3X4,T42.3X5,T42.3X6 ,,Barbital,0,0,85536,F,0,,111296.0,"0,85536,",
B,T42.3X1,T42.3X2,T42.3X3,T42.3X4,T42.3X5,T42.3X6 ,,Barbitona,0,1,85538,F,0,,111298.0,"0,85538,",
B,T42.3X1,T42.3X2,T42.3X3,T42.3X4,T42.3X5,T42.3X6 ,,Barbitúrico NCOC,0,0,85539,F,0,,111299.0,"0,85539,",
B,T57.8X1,T57.8X2,T57.8X3,T57.8X4,-,-- ,,Bario (carbonato) (cloruro) (sulfito),0,0,85542,F,0,,111302.0,"0,85542,",
B,T65.4X1,T65.4X2,T65.4X3,T65.4X4,-,-- ,,Barniz,0,0,85547,F,0,,111307.0,"0,85547,",
B,T49.3X1,T49.3X2,T49.3X3,T49.3X4,T49.3X5,T49.3X6 ,,"Barrera, crema de",0,1,85549,F,0,,111309.0,"0,85549,",
B,T54.2X1,T54.2X2,T54.2X3,T54.2X4,-,-- ,,"Batería, ácido o líquido",0,1,85550,F,0,,111310.0,"0,85550,",
B,T62.1X1,T62.1X2,T62.1X3,T62.1X4,-,-- ,,Bayas venenosas,0,1,85551,F,0,,111311.0,"0,85551,",
B,T62.1X1,T62.1X2,T62.1X3,T62.1X4,-,-- ,,"Bayas, veneno de",0,1,85552,F,0,,111312.0,"0,85552,",
B,T65.891,T65.892,T65.893,T65.894,-,-- ,,"Baño, desodorante",0,1,85533,F,0,,111293.0,"0,85533,",
B,T62.2X1,T62.2X2,T62.2X3,T62.2X4,-,-- ,,Bearsfoot,0,1,85555,F,0,,111315.0,"0,85555,",
B,T42.6X1,T42.6X2,T42.6X3,T42.6X4,T42.6X5,T42.6X6 ,,Beclamida,0,1,85556,F,0,,111316.0,"0,85556,",
B,T44.5X1,T44.5X2,T44.5X3,T44.5X4,T44.5X5,T44.5X6 ,,Beclometasona,0,1,85557,F,0,,111317.0,"0,85557,",
B,T37.4X1,T37.4X2,T37.4X3,T37.4X4,T37.4X5,T37.4X6 ,,"Befenio, hidroxinaftoato de",0,1,85558,F,0,,111318.0,"0,85558,",
B,T49.5X1,T49.5X2,T49.5X3,T49.5X4,T49.5X5,T49.5X6 ,,Befunolol,0,1,85559,F,0,,111319.0,"0,85559,",
B,T36.5X1,T36.5X2,T36.5X3,T36.5X4,T36.5X5,T36.5X6 ,,Bekanamicina,0,1,85560,F,0,,111320.0,"0,85560,",
B,T62.2X1,T62.2X2,T62.2X3,T62.2X4,-,-- ,,Beleño,0,1,85561,F,0,,111321.0,"0,85561,",
B,,,,,, ,,Belladona - véase además Nocturna,0,0,85562,F,0,,111322.0,"0,85562,",
B,T50.7X1,T50.7X2,T50.7X3,T50.7X4,T50.7X5,T50.7X6 ,,Bemegrida,0,1,85566,F,0,,111326.0,"0,85566,",
B,T46.4X1,T46.4X2,T46.4X3,T46.4X4,T46.4X5,T46.4X6 ,,Benacepril,0,1,85567,F,0,,111327.0,"0,85567,",
B,T44.3X1,T44.3X2,T44.3X3,T44.3X4,T44.3X5,T44.3X6 ,,Benacticina,0,1,85568,F,0,,111328.0,"0,85568,",
B,T45.0X1,T45.0X2,T45.0X3,T45.0X4,T45.0X5,T45.0X6 ,,Benadril,0,1,85569,F,0,,111329.0,"0,85569,",
B,T44.3X1,T44.3X2,T44.3X3,T44.3X4,T44.3X5,T44.3X6 ,,Benapricina,0,1,85570,F,0,,111330.0,"0,85570,",
B,T52.1X1,T52.1X2,T52.1X3,T52.1X4,-,-- ,,Benceno,0,0,85571,F,0,,111331.0,"0,85571,",
B,T49.0X1,T49.0X2,T49.0X3,T49.0X4,T49.0X5,T49.0X6 ,,Bencetonio (cloruro),0,1,85573,F,0,,111333.0,"0,85573,",
B,T44.3X1,T44.3X2,T44.3X3,T44.3X4,T44.3X5,T44.3X6 ,,Bencexol,0,1,85574,F,0,,111334.0,"0,85574,",
B,T46.7X1,T46.7X2,T46.7X3,T46.7X4,T46.7X5,T46.7X6 ,,Benciclano,0,1,85575,F,0,,111335.0,"0,85575,",
B,T49.0X1,T49.0X2,T49.0X3,T49.0X4,T49.0X5,T49.0X6 ,,Bencidamina,0,1,85576,F,0,,111336.0,"0,85576,",
B,T65.891,T65.892,T65.893,T65.894,-,-- ,,Bencidina,0,1,85577,F,0,,111337.0,"0,85577,",
B,,,,,, ,,Bencil,0,0,85578,F,0,,111338.0,"0,85578,",
B,T50.2X1,T50.2X2,T50.2X3,T50.2X4,T50.2X5,T50.2X6 ,,Bencilhidroclortiazida,0,1,85586,F,0,,111346.0,"0,85586,",
B,T36.0X1,T36.0X2,T36.0X3,T36.0X4,T36.0X5,T36.0X6 ,,Bencilpenicilina,0,1,85587,F,0,,111347.0,"0,85587,",
B,T38.2X1,T38.2X2,T38.2X3,T38.2X4,T38.2X5,T38.2X6 ,,Benciltiouracil,0,1,85588,F,0,,111348.0,"0,85588,",
B,,,,,, ,,Bencina - véase Ligroína,0,1,85589,F,0,,111349.0,"0,85589,",
B,T46.3X1,T46.3X2,T46.3X3,T46.3X4,T46.3X5,T46.3X6 ,,Bendazol,0,1,85590,F,0,,111350.0,"0,85590,",
B,T50.2X1,T50.2X2,T50.2X3,T50.2X4,T50.2X5,T50.2X6 ,,Bendrofluazide,0,1,85591,F,0,,111351.0,"0,85591,",
B,T50.2X1,T50.2X2,T50.2X3,T50.2X4,T50.2X5,T50.2X6 ,,Bendroflumetiacida,0,1,85592,F,0,,111352.0,"0,85592,",
B,T50.4X1,T50.4X2,T50.4X3,T50.4X4,T50.4X5,T50.4X6 ,,Benemide,0,1,85593,F,0,,111353.0,"0,85593,",
B,T36.0X1,T36.0X2,T36.0X3,T36.0X4,T36.0X5,T36.0X6,,"Benetamina, penicilina",0,1,85594,F,0,,111354.0,"0,85594,",
B,T47.1X1,T47.1X2,T47.1X3,T47.1X4,T47.1X5,T47.1X6 ,,Benexate,0,1,85595,F,0,,111355.0,"0,85595,",
B,T46.6X1,T46.6X2,T46.6X3,T46.6X4,T46.6X5,T46.6X6 ,,Benfluorex,0,1,85596,F,0,,111356.0,"0,85596,",
B,T45.2X1,T45.2X2,T45.2X3,T45.2X4,T45.2X5,T45.2X6 ,,Benfotiamina,0,1,85597,F,0,,111357.0,"0,85597,",
B,T49.0X1,T49.0X2,T49.0X3,T49.0X4,T49.0X5,T49.0X6 ,,Benisona,0,1,85598,F,0,,111358.0,"0,85598,",
B,T60.0X1,T60.0X2,T60.0X3,T60.0X4,-,-- ,,Benomilo,0,1,85599,F,0,,111359.0,"0,85599,",
B,T49.8X1,T49.8X2,T49.8X3,T49.8X4,T49.8X5,T49.8X6 ,,Benoquina,0,1,85600,F,0,,111360.0,"0,85600,",
B,T41.3X1,T41.3X2,T41.3X3,T41.3X4,T41.3X5,T41.3X6 ,,Benoxinato,0,1,85601,F,0,,111361.0,"0,85601,",
B,T43.4X1,T43.4X2,T43.4X3,T43.4X4,T43.4X5,T43.4X6 ,,Benperidol,0,1,85602,F,0,,111362.0,"0,85602,",
B,T48.3X1,T48.3X2,T48.3X3,T48.3X4,T48.3X5,T48.3X6 ,,Benproperina,0,1,85603,F,0,,111363.0,"0,85603,",
B,T42.8X1,T42.8X2,T42.8X3,T42.8X4,T42.8X5,T42.8X6 ,,Benserazida,0,1,85604,F,0,,111364.0,"0,85604,",
B,T42.4X1,T42.4X2,T42.4X3,T42.4X4,T42.4X5,T42.4X6 ,,Bentazepam,0,1,85605,F,0,,111365.0,"0,85605,",
B,T50.8X1,T50.8X2,T50.8X3,T50.8X4,T50.8X5,T50.8X6 ,,Bentiromida,0,1,85606,F,0,,111366.0,"0,85606,",
B,T49.3X1,T49.3X2,T49.3X3,T49.3X4,T49.3X5,T49.3X6 ,,Bentonita,0,1,85607,F,0,,111367.0,"0,85607,",
B,T50.4X1,T50.4X2,T50.4X3,T50.4X4,T50.4X5,T50.4X6 ,,Benzabromarona,0,1,85608,F,0,,111368.0,"0,85608,",
B,T45.1X1,T45.1X2,T45.1X3,T45.1X4,T45.1X5,T45.1X6 ,,Benzacarbimina,0,1,85609,F,0,,111369.0,"0,85609,",
B,T50.5X1,T50.5X2,T50.5X3,T50.5X4,T50.5X5,T50.5X6 ,,Benzafetamina,0,1,85610,F,0,,111370.0,"0,85610,",
B,T46.6X1,T46.6X2,T46.6X3,T46.6X4,T46.6X5,T46.6X6 ,,Benzalbutiramida,0,1,85611,F,0,,111371.0,"0,85611,",
B,T49.0X1,T49.0X2,T49.0X3,T49.0X4,T49.0X5,T49.0X6 ,,Benzalconio (cloruro),0,0,85612,F,0,,111372.0,"0,85612,",
B,T37.1X1,T37.1X2,T37.1X3,T37.1X4,T37.1X5,T37.1X6 ,,Benzamidosalicilato (calcio),0,1,85614,F,0,,111374.0,"0,85614,",
B,T41.3X1,T41.3X2,T41.3X3,T41.3X4,T41.3X5,T41.3X6 ,,Benzamina,0,0,85615,F,0,,111375.0,"0,85615,",
B,T46.5X1,T46.5X2,T46.5X3,T46.5X4,T46.5X5,T46.5X6 ,,Benzapril clorhidrato,0,1,85617,F,0,,111377.0,"0,85617,",
B,T36.0X1,T36.0X2,T36.0X3,T36.0X4,T36.0X5,T36.0X6 ,,Benzatina bencilpenicilina,0,1,85618,F,0,,111378.0,"0,85618,",
B,T36.0X1,T36.0X2,T36.0X3,T36.0X4,T36.0X5,T36.0X6 ,,Benzatina penicilina,0,1,85619,F,0,,111379.0,"0,85619,",
B,T42.8X1,T42.8X2,T42.8X3,T42.8X4,T42.8X5,T42.8X6 ,,Benzatropina,0,1,85620,F,0,,111380.0,"0,85620,",
B,T44.991,T44.992,T44.993,T44.994,T44.995,T44.996 ,,Benzedrex,0,1,85621,F,0,,111381.0,"0,85621,",
B,T43.621,T43.622,T43.623,T43.624,T43.625,T43.626 ,,Benzedrina (anfetamina),0,1,85622,F,0,,111382.0,"0,85622,",
B,T65.3X1,T65.3X2,T65.3X3,T65.3X4,-,-- ,,Benzenamina,0,1,85623,F,0,,111383.0,"0,85623,",
B,T50.5X1,T50.5X2,T50.5X3,T50.5X4,T50.5X5,T50.5X6 ,,Benzfetamina,0,1,85624,F,0,,111384.0,"0,85624,",
B,T45.0X1,T45.0X2,T45.0X3,T45.0X4,T45.0X5,T45.0X6 ,,Benzhidramina (cloruro),0,1,85625,F,0,,111385.0,"0,85625,",
B,T44.3X1,T44.3X2,T44.3X3,T44.3X4,T44.3X5,T44.3X6 ,,"Benzilonio, bromuro de",0,1,85626,F,0,,111386.0,"0,85626,",
B,T60.3X1,T60.3X2,T60.3X3,T60.3X4,-,-- ,,Benzimidazol,0,1,85627,F,0,,111387.0,"0,85627,",
B,T46.3X1,T46.3X2,T46.3X3,T46.3X4,T46.3X5,T46.3X6 ,,Benziodarona,0,1,85628,F,0,,111388.0,"0,85628,",
B,T37.3X1,T37.3X2,T37.3X3,T37.3X4,T37.3X5,T37.3X6 ,,Benznidazol,0,1,85629,F,0,,111389.0,"0,85629,",
B,T41.3X1,T41.3X2,T41.3X3,T41.3X4,T41.3X5,T41.3X6 ,,Benzocaína,0,1,85630,F,0,,111390.0,"0,85630,",
B,T42.4X1,T42.4X2,T42.4X3,T42.4X4,T42.4X5,T42.4X6 ,,Benzodiacepina NCOC,0,1,85631,F,0,,111391.0,"0,85631,",
B,T42.4X1,T42.4X2,T42.4X3,T42.4X4,T42.4X5,T42.4X6 ,,Benzodiapina,0,1,85632,F,0,,111392.0,"0,85632,",
B,T49.3X1,T49.3X2,T49.3X3,T49.3X4,T49.3X5,T49.3X6 ,,Benzofenona,0,1,85633,F,0,,111393.0,"0,85633,",
B,T50.5X1,T50.5X2,T50.5X3,T50.5X4,T50.5X5,T50.5X6,,Benzofetamina,0,1,85634,F,0,,111394.0,"0,85634,",
B,T49.0X1,T49.0X2,T49.0X3,T49.0X4,T49.0X5,T49.0X6 ,,"Benzoico, acido",0,0,85635,F,0,,111395.0,"0,85635,",
B,T49.0X1,T49.0X2,T49.0X3,T49.0X4,T49.0X5,T49.0X6 ,,"Benzoilo, peróxido de ",0,1,85637,F,0,,111397.0,"0,85637,",
B,T37.1X1,T37.1X2,T37.1X3,T37.1X4,T37.1X5,T37.1X6 ,,Benzoilpas cálcico,0,1,85638,F,0,,111398.0,"0,85638,",
B,T52.1X1,T52.1X2,T52.1X3,T52.1X4,-,-- ,,Benzol (benceno),0,0,85640,F,0,,111400.0,"0,85640,",
B,T40.2X1,T40.2X2,T40.2X3,T40.2X4,T40.2X5,T40.2X6 ,,Benzomorfano,0,1,85642,F,0,,111402.0,"0,85642,",
B,T48.3X1,T48.3X2,T48.3X3,T48.3X4,T48.3X5,T48.3X6 ,,Benzonatato,0,1,85643,F,0,,111403.0,"0,85643,",
B,T44.1X1,T44.1X2,T44.1X3,T44.1X4,T44.1X5,T44.1X6 ,,"Benzopireno, bromuro de",0,1,85644,F,0,,111404.0,"0,85644,",
B,T46.991,T46.992,T46.993,T46.994,T46.995,T46.996 ,,Benzopirona,0,1,85645,F,0,,111405.0,"0,85645,",
B,T50.2X1,T50.2X2,T50.2X3,T50.2X4,T50.2X5,T50.2X6 ,,Benzotiacida,0,1,85646,F,0,,111406.0,"0,85646,",
B,T50.2X1,T50.2X2,T50.2X3,T50.2X4,T50.2X5,T50.2X6 ,,Benzotiadiazida,0,1,85647,F,0,,111407.0,"0,85647,",
B,,,,,, ,,Benzotropina,0,0,85648,F,0,,111408.0,"0,85648,",
B,T49.0X1,T49.0X2,T49.0X3,T49.0X4,T49.0X5,T49.0X6 ,,"Benzoxonio, cloruro de",0,1,85651,F,0,,111411.0,"0,85651,",
B,T48.5X1,T48.5X2,T48.5X3,T48.5X4,T48.5X5,T48.5X6 ,,Benzoína (tintura),0,1,85639,F,0,,111399.0,"0,85639,",
B,T43.591,T43.592,T43.593,T43.594,T43.595,T43.596 ,,Benzperidina,0,1,85652,F,0,,111412.0,"0,85652,",
B,T43.591,T43.592,T43.593,T43.594,T43.595,T43.596 ,,Benzperidol,0,1,85653,F,0,,111413.0,"0,85653,",
B,T45.0X1,T45.0X2,T45.0X3,T45.0X4,T45.0X5,T45.0X6 ,,Benzquinamida,0,1,85654,F,0,,111414.0,"0,85654,",
B,T46.1X1,T46.1X2,T46.1X3,T46.1X4,T46.1X5,T46.1X6 ,,Bepridil,0,1,85655,F,0,,111415.0,"0,85655,",
B,T65.891,T65.892,T65.893,T65.894,-,-- ,,"Bergamota, aceite",0,1,85656,F,0,,111416.0,"0,85656,",
B,T50.991,T50.992,T50.993,T50.994,T50.995,T50.996 ,,Bergapteno,0,1,85657,F,0,,111417.0,"0,85657,",
B,T56.7X1,T56.7X2,T56.7X3,T56.7X4,-,-- ,,Berilio (compuestos),0,1,85658,F,0,,111418.0,"0,85658,",
B,T44.7X1,T44.7X2,T44.7X3,T44.7X4,T44.7X5,T44.7X6 ,,"Beta adrenérgico, bloqueante, cardiaco",0,1,85659,F,0,,111419.0,"0,85659,",
B,T42.6X1,T42.6X2,T42.6X3,T42.6X4,T42.6X5,T42.6X6 ,,Beta-Clor,0,1,85663,F,0,,111423.0,"0,85663,",
B,T47.5X1,T47.5X2,T47.5X3,T47.5X4,T47.5X5,T47.5X6 ,,Beta-Galactosidasa,0,1,85666,F,0,,111426.0,"0,85666,",
B,T46.0X1,T46.0X2,T46.0X3,T46.0X4,T46.0X5,T46.0X6 ,,Beta-acetildigoxina,0,1,85660,F,0,,111420.0,"0,85660,",
B,T46.6X1,T46.6X2,T46.6X3,T46.6X4,T46.6X5,T46.6X6 ,,Betabenzalbutiramida,0,1,85661,F,0,,111421.0,"0,85661,",
B,T45.2X1,T45.2X2,T45.2X3,T45.2X4,T45.2X5,T45.2X6 ,,Betacaroteno,0,1,85662,F,0,,111422.0,"0,85662,",
B,T49.1X1,T49.1X2,T49.1X3,T49.1X4,T49.1X5,T49.1X6 ,,Betaeucaína,0,1,85664,F,0,,111424.0,"0,85664,",
B,T47.5X1,T47.5X2,T47.5X3,T47.5X4,T47.5X5,T47.5X6 ,,Betagalactosidasa,0,1,85665,F,0,,111425.0,"0,85665,",
B,T46.7X1,T46.7X2,T46.7X3,T46.7X4,T46.7X5,T46.7X6 ,,Betahistina,0,1,85667,F,0,,111427.0,"0,85667,",
B,T47.5X1,T47.5X2,T47.5X3,T47.5X4,T47.5X5,T47.5X6 ,,Betaina,0,1,85668,F,0,,111428.0,"0,85668,",
B,T49.0X1,T49.0X2,T49.0X3,T49.0X4,T49.0X5,T49.0X6 ,,Betametasona,0,0,85669,F,0,,111429.0,"0,85669,",
B,T36.8X1,T36.8X2,T36.8X3,T36.8X4,T36.8X5,T36.8X6 ,,Betamicina,0,1,85671,F,0,,111431.0,"0,85671,",
B,T44.1X1,T44.1X2,T44.1X3,T44.1X4,T44.1X5,T44.1X6 ,,Betanecol,0,0,85672,F,0,,111432.0,"0,85672,",
B,T46.5X1,T46.5X2,T46.5X3,T46.5X4,T46.5X5,T46.5X6 ,,Betanidina,0,1,85675,F,0,,111435.0,"0,85675,",
B,T46.6X1,T46.6X2,T46.6X3,T46.6X4,T46.6X5,T46.6X6 ,,Betasitosterol,0,1,85676,F,0,,111436.0,"0,85676,",
B,T44.7X1,T44.7X2,T44.7X3,T44.7X4,T44.7X5,T44.7X6 ,,Betaxolol,0,1,85677,F,0,,111437.0,"0,85677,",
B,T50.8X1,T50.8X2,T50.8X3,T50.8X4,T50.8X5,T50.8X6 ,,Betazol,0,1,85678,F,0,,111438.0,"0,85678,",
B,T41.3X1,T41.3X2,T41.3X3,T41.3X4,T41.3X5,T41.3X6 ,,Betoxicaína,0,1,85679,F,0,,111439.0,"0,85679,",
B,T49.3X1,T49.3X2,T49.3X3,T49.3X4,T49.3X5,T49.3X6 ,,"Betula, aceite",0,1,85680,F,0,,111440.0,"0,85680,",
B,T44.7X1,T44.7X2,T44.7X3,T44.7X4,T44.7X5,T44.7X6 ,,Bevantolol,0,1,85681,F,0,,111441.0,"0,85681,",
B,T44.3X1,T44.3X2,T44.3X3,T44.3X4,T44.3X5,T44.3X6 ,,"Bevonio, metilsulfato de",0,1,85682,F,0,,111442.0,"0,85682,",
B,T46.6X1,T46.6X2,T46.6X3,T46.6X4,T46.6X5,T46.6X6 ,,Bezafibrato,0,1,85683,F,0,,111443.0,"0,85683,",
B,T40.491,T40.492,T40.493,T40.494,T40.495,T40.496,,Bezitramida,0,1,85684,F,0,,111444.0,"0,85684,",
B,T40.711,T40.712,T40.713,T40.714,T40.715,T40.716,,Bhang,0,1,85686,F,0,,111446.0,"0,85686,",
B,T37.3X1,T37.3X2,T37.3X3,T37.3X4,T37.3X5,T37.3X6 ,,Bialamicol,0,1,85687,F,0,,111447.0,"0,85687,",
B,T48.3X1,T48.3X2,T48.3X3,T48.3X4,T48.3X5,T48.3X6 ,,"Bibenzonio, bromuro de",0,1,85688,F,0,,111448.0,"0,85688,",
B,T49.5X1,T49.5X2,T49.5X3,T49.5X4,T49.5X5,T49.5X6 ,,Bibrocatol,0,1,85689,F,0,,111449.0,"0,85689,",
B,T50.991,T50.992,T50.993,T50.994,T50.995,T50.996 ,,Bicarbonato de soda,0,1,85690,F,0,,111450.0,"0,85690,",
B,,,,,, ,,"Bicloruro de mercurio - véase Mercurio, cloruro",0,1,85691,F,0,,111451.0,"0,85691,",
B,T49.6X1,T49.6X2,T49.6X3,T49.6X4,T49.6X5,T49.6X6 ,,Biclotimol,0,1,85692,F,0,,111452.0,"0,85692,",
B,T57.8X1,T57.8X2,T57.8X3,T57.8X4,-,-- ,,Bicromato (calcio) (potasio) (sodio) (cristales),0,0,85693,F,0,,111453.0,"0,85693,",
B,T50.7X1,T50.7X2,T50.7X3,T50.7X4,T50.7X5,T50.7X6 ,,Bicuculina,0,1,85695,F,0,,111455.0,"0,85695,",
B,T43.291,T43.292,T43.293,T43.294,T43.295,T43.296 ,,Bifemelano,0,1,85696,F,0,,111456.0,"0,85696,",
B,T65.891,T65.892,T65.893,T65.894,-,-- ,,Bifenilo policlorado,0,1,85697,F,0,,111457.0,"0,85697,",
B,T38.3X1,T38.3X2,T38.3X3,T38.3X4,T38.3X5,T38.3X6 ,,"Biguanida, derivados de (oral)",0,1,85698,F,0,,111458.0,"0,85698,",
B,T47.5X1,T47.5X2,T47.5X3,T47.5X4,T47.5X5,T47.5X6 ,,"Biliares, sales",0,1,85699,F,0,,111459.0,"0,85699,",
B,T50.8X1,T50.8X2,T50.8X3,T50.8X4,T50.8X5,T50.8X6 ,,Biligrafina,0,1,85700,F,0,,111460.0,"0,85700,",
B,T50.8X1,T50.8X2,T50.8X3,T50.8X4,T50.8X5,T50.8X6 ,,Bilopaque,0,1,85701,F,0,,111461.0,"0,85701,",
B,T46.6X1,T46.6X2,T46.6X3,T46.6X4,T46.6X5,T46.6X6 ,,Binifibrato,0,1,85702,F,0,,111462.0,"0,85702,",
B,T65.3X1,T65.3X2,T65.3X3,T65.3X4,-,-- ,,Binitrobenzol,0,1,85703,F,0,,111463.0,"0,85703,",
B,T46.991,T46.992,T46.993,T46.994,T46.995,T46.996 ,,Bioflavonoide (-s),0,1,85704,F,0,,111464.0,"0,85704,",
B,T50.901,T50.902,T50.903,T50.904,T50.905,T50.906 ,,"Biológica, sustancia NCOC",0,1,85705,F,0,,111465.0,"0,85705,",
B,T45.2X1,T45.2X2,T45.2X3,T45.2X4,T45.2X5,T45.2X6 ,,Biotina,0,1,85706,F,0,,111466.0,"0,85706,",
B,T44.3X1,T44.3X2,T44.3X3,T44.3X4,T44.3X5,T44.3X6 ,,Biperideno,0,1,85707,F,0,,111467.0,"0,85707,",
B,T47.2X1,T47.2X2,T47.2X3,T47.2X4,T47.2X5,T47.2X6 ,,Bisacodilo,0,1,85708,F,0,,111468.0,"0,85708,",
B,T45.2X1,T45.2X2,T45.2X3,T45.2X4,T45.2X5,T45.2X6 ,,Bisbentiamina,0,1,85709,F,0,,111469.0,"0,85709,",
B,T45.2X1,T45.2X2,T45.2X3,T45.2X4,T45.2X5,T45.2X6 ,,Bisbutiamina,0,1,85710,F,0,,111470.0,"0,85710,",
B,T49.6X1,T49.6X2,T49.6X3,T49.6X4,T49.6X5,T49.6X6 ,,Bisdecalinio (sales) (diacetato),0,1,85711,F,0,,111471.0,"0,85711,",
B,T45.511,T45.512,T45.513,T45.514,T45.515,T45.516 ,,Bishidroxicumarina,0,1,85712,F,0,,111472.0,"0,85712,",
B,T37.8X1,T37.8X2,T37.8X3,T37.8X4,T37.8X5,T37.8X6 ,,Bismarsén,0,1,85713,F,0,,111473.0,"0,85713,",
B,T47.6X1,T47.6X2,T47.6X3,T47.6X4,T47.6X5,T47.6X6 ,,"Bismuto, sales de",0,0,85714,F,0,,111474.0,"0,85714,",
B,T44.7X1,T44.7X2,T44.7X3,T44.7X4,T44.7X5,T44.7X6 ,,Bisoprolol,0,1,85723,F,0,,111483.0,"0,85723,",
B,T47.2X1,T47.2X2,T47.2X3,T47.2X4,T47.2X5,T47.2X6 ,,Bisoxatin,0,1,85724,F,0,,111484.0,"0,85724,",
B,T45.0X1,T45.0X2,T45.0X3,T45.0X4,T45.0X5,T45.0X6 ,,Bisulepina (clorhidrato),0,1,85725,F,0,,111485.0,"0,85725,",
B,T37.8X1,T37.8X2,T37.8X3,T37.8X4,T37.8X5,T37.8X6 ,,Bitionol,0,0,85726,F,0,,111486.0,"0,85726,",
B,T48.6X1,T48.6X2,T48.6X3,T48.6X4,T48.6X5,T48.6X6 ,,Bitolterol,0,1,85727,F,0,,111488.0,"0,85727,",
B,T37.4X1,T37.4X2,T37.4X3,T37.4X4,T37.4X5,T37.4X6 ,,Bitoscanato,0,1,85728,F,0,,111489.0,"0,85728,",
B,,,,,, ,,Blanco,0,0,85729,F,0,,111490.0,"0,85729,",
B,T54.91,T54.92,T54.93,T54.94,-,-- ,,Blanqueador,0,0,85734,F,0,,111495.0,"0,85734,",
B,T45.1X1,T45.1X2,T45.1X3,T45.1X4,T45.1X5,T45.1X6 ,,Bleomicina,0,1,85735,F,0,,111497.0,"0,85735,",
B,T41.3X1,T41.3X2,T41.3X3,T41.3X4,T41.3X5,T41.3X6 ,,Blockain,0,0,85736,F,0,,111498.0,"0,85736,",
B,T46.1X1,T46.1X2,T46.1X3,T46.1X4,T46.1X5,T46.1X6,,"Bloqueador, canal de calcio",0,1,94662,F,0,,111502.0,"0,94662,",
B,T62.2X1,T62.2X2,T62.2X3,T62.2X4,-,-- ,,"Boj africana, madera de ",0,1,85740,F,0,,111503.0,"0,85740,",
B,T45.8X1,T45.8X2,T45.8X3,T45.8X4,T45.8X5,T45.8X6 ,,Bolsa de glóbulos rojos,0,1,85741,F,0,,111504.0,"0,85741,",
B,T45.0X1,T45.0X2,T45.0X3,T45.0X4,T45.0X5,T45.0X6 ,,Bonina,0,1,85742,F,0,,111505.0,"0,85742,",
B,T44.7X1,T44.7X2,T44.7X3,T44.7X4,T44.7X5,T44.7X6 ,,Bopindolol,0,1,85743,F,0,,111506.0,"0,85743,",
B,T57.8X1,T57.8X2,T57.8X3,T57.8X4,-,-- ,,"Borano, complejo",0,1,85744,F,0,,111507.0,"0,85744,",
B,T57.8X1,T57.8X2,T57.8X3,T57.8X4,-,-- ,,Borato (-s),0,0,85745,F,0,,111508.0,"0,85745,",
B,T44.3X1,T44.3X2,T44.3X3,T44.3X4,T44.3X5,T44.3X6 ,,Bornaprina,0,1,85756,F,0,,111519.0,"0,85756,",
B,T57.8X1,T57.8X2,T57.8X3,T57.8X4,-,-- ,,Boro,0,0,85757,F,0,,111520.0,"0,85757,",
B,T48.291,T48.292,T48.293,T48.294,T48.295,T48.296 ,,Botox,0,1,85761,F,0,,111524.0,"0,85761,",
B,T50.Z11,T50.Z12,T50.Z13,T50.Z14,T50.Z15,T50.Z16 ,,"Botulínica, anti-toxina (tipo A, B)",0,1,85762,F,0,,111525.0,"0,85762,",
B,T42.3X1,T42.3X2,T42.3X3,T42.3X4,T42.3X5,T42.3X6 ,,Bralobarbital,0,1,85763,F,0,,111526.0,"0,85763,",
B,T52.0X1,T52.0X2,T52.0X3,T52.0X4,-,-- ,,Brasso,0,1,85764,F,0,,111527.0,"0,85764,",
B,T46.2X1,T46.2X2,T46.2X3,T46.2X4,T46.2X5,T46.2X6 ,,"Bretilio, tosilato",0,1,85765,F,0,,111528.0,"0,85765,",
B,T41.1X1,T41.1X2,T41.1X3,T41.1X4,T41.1X5,T41.1X6 ,,Brevital (sodio),0,1,85766,F,0,,111529.0,"0,85766,",
B,T45.3X1,T45.3X2,T45.3X3,T45.3X4,T45.3X5,T45.3X6 ,,Brinasa,0,1,85767,F,0,,111530.0,"0,85767,",
B,T47.2X1,T47.2X2,T47.2X3,T47.2X4,T47.2X5,T47.2X6 ,,Brionia,0,1,85768,F,0,,111531.0,"0,85768,",
B,T45.8X1,T45.8X2,T45.8X3,T45.8X4,T45.8X5,T45.8X6 ,,"Británica, antilewisita",0,1,85769,F,0,,111532.0,"0,85769,",
B,T60.4X1,T60.4X2,T60.4X3,T60.4X4,-,-- ,,Brodifaco,0,1,85770,F,0,,111533.0,"0,85770,",
B,T45.0X1,T45.0X2,T45.0X3,T45.0X4,T45.0X5,T45.0X6 ,,Bromacina,0,1,85771,F,0,,111534.0,"0,85771,",
B,T42.6X1,T42.6X2,T42.6X3,T42.6X4,T42.6X5,T42.6X6 ,,Bromal (hidrato),0,1,85772,F,0,,111535.0,"0,85772,",
B,T42.4X1,T42.4X2,T42.4X3,T42.4X4,T42.4X5,T42.4X6 ,,Bromazepam,0,1,85773,F,0,,111536.0,"0,85773,",
B,T59.3X1,T59.3X2,T59.3X3,T59.3X4,-,-- ,,Brombencilcianuro,0,1,85774,F,0,,111537.0,"0,85774,",
B,T45.3X1,T45.3X2,T45.3X3,T45.3X4,T45.3X5,T45.3X6 ,,Bromelina,0,1,85775,F,0,,111538.0,"0,85775,",
B,T60.4X1,T60.4X2,T60.4X3,T60.4X4,-,-- ,,Brometalina,0,1,85776,F,0,,111539.0,"0,85776,",
B,T45.0X1,T45.0X2,T45.0X3,T45.0X4,T45.0X5,T45.0X6 ,,Bromfeniramina,0,1,85777,F,0,,111540.0,"0,85777,",
B,T48.4X1,T48.4X2,T48.4X3,T48.4X4,T48.4X5,T48.4X6 ,,Bromhexina,0,1,85778,F,0,,111541.0,"0,85778,",
B,T45.511,T45.512,T45.513,T45.514,T45.515,T45.516 ,,Bromindiona,0,1,85779,F,0,,111542.0,"0,85779,",
B,T42.6X1,T42.6X2,T42.6X3,T42.6X4,T42.6X5,T42.6X6 ,,Bromisoval,0,1,85780,F,0,,111543.0,"0,85780,",
B,T42.6X1,T42.6X2,T42.6X3,T42.6X4,T42.6X5,T42.6X6 ,,Bromisovalum,0,1,85781,F,0,,111544.0,"0,85781,",
B,,,,,, ,,Bromo,0,0,85782,F,0,,111545.0,"0,85782,",
B,T39.1X1,T39.1X2,T39.1X3,T39.1X4,T39.1X5,T39.1X6 ,,Bromo-seltzer,0,1,85795,F,0,,111558.0,"0,85795,",
B,T59.3X1,T59.3X2,T59.3X3,T59.3X4,-,-- ,,Bromobencilcianuro,0,1,85786,F,0,,111549.0,"0,85786,",
B,T49.0X1,T49.0X2,T49.0X3,T49.0X4,T49.0X5,T49.0X6 ,,Bromoclorosalicilanilida,0,1,85787,F,0,,111550.0,"0,85787,",
B,T42.8X1,T42.8X2,T42.8X3,T42.8X4,T42.8X5,T42.8X6 ,,Bromocriptina,0,1,85788,F,0,,111551.0,"0,85788,",
B,T45.0X1,T45.0X2,T45.0X3,T45.0X4,T45.0X5,T45.0X6 ,,Bromodifenhidramina,0,1,85789,F,0,,111552.0,"0,85789,",
B,T50.991,T50.992,T50.993,T50.994,T50.995,T50.996 ,,"Bromofenol, agente azul de",0,1,85790,F,0,,111553.0,"0,85790,",
B,T42.6X1,T42.6X2,T42.6X3,T42.6X4,T42.6X5,T42.6X6 ,,Bromoformo,0,1,85791,F,0,,111554.0,"0,85791,",
B,T47.8X1,T47.8X2,T47.8X3,T47.8X4,T47.8X5,T47.8X6 ,,Bromoprida,0,1,85792,F,0,,111555.0,"0,85792,",
B,T49.0X1,T49.0X2,T49.0X3,T49.0X4,T49.0X5,T49.0X6 ,,Bromosalicilcloranitida,0,1,85793,F,0,,111556.0,"0,85793,",
B,T37.1X1,T37.1X2,T37.1X3,T37.1X4,T37.1X5,T37.1X6 ,,"Bromosalicilhidroxámico, ácido",0,1,85794,F,0,,111557.0,"0,85794,",
B,T50.8X1,T50.8X2,T50.8X3,T50.8X4,T50.8X5,T50.8X6 ,,Bromosulfoftaleína,0,1,85796,F,0,,111559.0,"0,85796,",
B,T60.3X1,T60.3X2,T60.3X3,T60.3X4,-,-- ,,Bromoxinil,0,1,85797,F,0,,111560.0,"0,85797,",
B,T43.4X1,T43.4X2,T43.4X3,T43.4X4,T43.4X5,T43.4X6 ,,Bromperidol,0,1,85798,F,0,,111561.0,"0,85798,",
B,T42.6X1,T42.6X2,T42.6X3,T42.6X4,T42.6X5,T42.6X6 ,,Bromural,0,1,85799,F,0,,111562.0,"0,85799,",
B,T42.6X1,T42.6X2,T42.6X3,T42.6X4,T42.6X5,T42.6X6 ,,Bromuro de sales,0,1,85800,F,0,,111563.0,"0,85800,",
B,T42.6X1,T42.6X2,T42.6X3,T42.6X4,T42.6X5,T42.6X6 ,,Bromvaletona,0,1,85801,F,0,,111564.0,"0,85801,",
B,T48.6X1,T48.6X2,T48.6X3,T48.6X4,T48.6X5,T48.6X6 ,,Broncodilatador NCOC,0,1,85802,F,0,,111565.0,"0,85802,",
B,T42.4X1,T42.4X2,T42.4X3,T42.4X4,T42.4X5,T42.4X6 ,,Brotizolam,0,1,85803,F,0,,111566.0,"0,85803,",
B,T46.7X1,T46.7X2,T46.7X3,T46.7X4,T46.7X5,T46.7X6 ,,Brovincamina,0,1,85804,F,0,,111567.0,"0,85804,",
B,T48.6X1,T48.6X2,T48.6X3,T48.6X4,T48.6X5,T48.6X6 ,,Broxaterol,0,1,85805,F,0,,111568.0,"0,85805,",
B,T37.8X1,T37.8X2,T37.8X3,T37.8X4,T37.8X5,T37.8X6 ,,Broxiquinolina,0,1,85806,F,0,,111569.0,"0,85806,",
B,T45.1X1,T45.1X2,T45.1X3,T45.1X4,T45.1X5,T45.1X6 ,,Broxuridina,0,1,85807,F,0,,111570.0,"0,85807,",
B,T48.291,T48.292,T48.293,T48.294,T48.295,T48.296 ,,Bruceina,0,1,85808,F,0,,111571.0,"0,85808,",
B,T62.2X1,T62.2X2,T62.2X3,T62.2X4,-,-- ,,Brucia,0,1,85809,F,0,,111572.0,"0,85809,",
B,T65.1X1,T65.1X2,T65.1X3,T65.1X4,-,-- ,,Brucina,0,1,85810,F,0,,111573.0,"0,85810,",
B,T49.2X1,T49.2X2,T49.2X3,T49.2X4,T49.2X5,T49.2X6 ,,"Bruja, avellano de",0,1,85811,F,0,,111574.0,"0,85811,",
B,,,,,, ,,"Brunswick, verde de - véase Cobre",0,1,85812,F,0,,111575.0,"0,85812,",
B,,,,,, ,,Bruten - véase Ibuprofeno,0,1,85813,F,0,,111576.0,"0,85813,",
B,T45.0X1,T45.0X2,T45.0X3,T45.0X4,T45.0X5,T45.0X6 ,,Buclicina,0,1,85814,F,0,,111577.0,"0,85814,",
B,T49.0X1,T49.0X2,T49.0X3,T49.0X4,T49.0X5,T49.0X6 ,,Buclosamida,0,1,85815,F,0,,111578.0,"0,85815,",
B,T44.5X1,T44.5X2,T44.5X3,T44.5X4,T44.5X5,T44.5X6 ,,Budesonida,0,1,85816,F,0,,111579.0,"0,85816,",
B,T46.5X1,T46.5X2,T46.5X3,T46.5X4,T46.5X5,T46.5X6 ,,Budralacina,0,1,85817,F,0,,111580.0,"0,85817,",
B,T47.5X1,T47.5X2,T47.5X3,T47.5X4,T47.5X5,T47.5X6 ,,"Buey, extracto de bilis de",0,1,85818,F,0,,111581.0,"0,85818,",
B,T46.7X1,T46.7X2,T46.7X3,T46.7X4,T46.7X5,T46.7X6 ,,Bufenina,0,1,85819,F,0,,111582.0,"0,85819,",
B,T39.011,T39.012,T39.013,T39.014,T39.015,T39.016 ,,Buferina,0,1,85820,F,0,,111583.0,"0,85820,",
B,T48.6X1,T48.6X2,T48.6X3,T48.6X4,T48.6X5,T48.6X6 ,,Bufilina,0,1,85821,F,0,,111584.0,"0,85821,",
B,T46.7X1,T46.7X2,T46.7X3,T46.7X4,T46.7X5,T46.7X6 ,,Buflomedil,0,1,85822,F,0,,111585.0,"0,85822,",
B,T38.3X1,T38.3X2,T38.3X3,T38.3X4,T38.3X5,T38.3X6 ,,Buformina,0,1,85823,F,0,,111586.0,"0,85823,",
B,T40.991,T40.992,T40.993,T40.994,T40.995,T40.996 ,,Bufotenina,0,1,85824,F,0,,111587.0,"0,85824,",
B,T48.6X1,T48.6X2,T48.6X3,T48.6X4,T48.6X5,T48.6X6 ,,Bufrolino,0,1,85825,F,0,,111588.0,"0,85825,",
B,T50.1X1,T50.1X2,T50.1X3,T50.1X4,T50.1X5,T50.1X6 ,,Bumetanida,0,1,85826,F,0,,111589.0,"0,85826,",
B,T46.2X1,T46.2X2,T46.2X3,T46.2X4,T46.2X5,T46.2X6 ,,Bunaftina,0,1,85827,F,0,,111590.0,"0,85827,",
B,T50.8X1,T50.8X2,T50.8X3,T50.8X4,T50.8X5,T50.8X6 ,,Bunamiodilo,0,1,85828,F,0,,111591.0,"0,85828,",
B,T44.6X1,T44.6X2,T44.6X3,T44.6X4,T44.6X5,T44.6X6 ,,Bunazosina,0,1,85829,F,0,,111592.0,"0,85829,",
B,T44.7X1,T44.7X2,T44.7X3,T44.7X4,T44.7X5,T44.7X6 ,,Bunitrolol,0,1,85830,F,0,,111593.0,"0,85830,",
B,T41.3X1,T41.3X2,T41.3X3,T41.3X4,T41.3X5,T41.3X6 ,,Bupivacaína,0,0,85831,F,0,,111594.0,"0,85831,",
B,T44.7X1,T44.7X2,T44.7X3,T44.7X4,T44.7X5,T44.7X6 ,,Bupranolol,0,1,85835,F,0,,111598.0,"0,85835,",
B,T40.491,T40.492,T40.493,T40.494,T40.495,T40.496,,Buprenorfina,0,1,85836,F,0,,111599.0,"0,85836,",
B,T43.291,T43.292,T43.293,T43.294,T43.295,T43.296 ,,Bupropión,0,1,85837,F,0,,111600.0,"0,85837,",
B,T60.3X1,T60.3X2,T60.3X3,T60.3X4,-,-- ,,"Burdeos, mezcla",0,1,85838,F,0,,111601.0,"0,85838,",
B,T47.1X1,T47.1X2,T47.1X3,T47.1X4,T47.1X5,T47.1X6 ,,Burimamida,0,1,85839,F,0,,111602.0,"0,85839,",
B,T38.891,T38.892,T38.893,T38.894,T38.895,T38.896 ,,Buserelina,0,1,85840,F,0,,111603.0,"0,85840,",
B,T43.591,T43.592,T43.593,T43.594,T43.595,T43.596 ,,Buspirona,0,1,85841,F,0,,111604.0,"0,85841,",
B,T45.1X1,T45.1X2,T45.1X3,T45.1X4,T45.1X5,T45.1X6 ,,Busulfano,0,1,85842,F,0,,111605.0,"0,85842,",
B,T42.3X1,T42.3X2,T42.3X3,T42.3X4,T42.3X5,T42.3X6 ,,Butabarbital (sódico),0,1,85843,F,0,,111606.0,"0,85843,",
B,T42.3X1,T42.3X2,T42.3X3,T42.3X4,T42.3X5,T42.3X6 ,,Butabarbitona,0,1,85844,F,0,,111607.0,"0,85844,",
B,T42.3X1,T42.3X2,T42.3X3,T42.3X4,T42.3X5,T42.3X6 ,,Butabarpal,0,1,85845,F,0,,111608.0,"0,85845,",
B,T41.3X1,T41.3X2,T41.3X3,T41.3X4,T41.3X5,T41.3X6 ,,Butacaína,0,1,85846,F,0,,111609.0,"0,85846,",
B,T46.7X1,T46.7X2,T46.7X3,T46.7X4,T46.7X5,T46.7X6 ,,Butalamina,0,1,85847,F,0,,111610.0,"0,85847,",
B,T42.3X1,T42.3X2,T42.3X3,T42.3X4,T42.3X5,T42.3X6 ,,Butalbital,0,1,85848,F,0,,111611.0,"0,85848,",
B,T42.3X1,T42.3X2,T42.3X3,T42.3X4,T42.3X5,T42.3X6 ,,Butalilonal,0,1,85849,F,0,,111612.0,"0,85849,",
B,T41.1X1,T41.1X2,T41.1X3,T41.1X4,T41.1X5,T41.1X6 ,,Butalitona (sodio),0,1,85850,F,0,,111613.0,"0,85850,",
B,T41.3X1,T41.3X2,T41.3X3,T41.3X4,T41.3X5,T41.3X6 ,,Butambeno,0,1,85851,F,0,,111614.0,"0,85851,",
B,T48.3X1,T48.3X2,T48.3X3,T48.3X4,T48.3X5,T48.3X6 ,,Butamirato,0,1,85852,F,0,,111615.0,"0,85852,",
B,T41.3X1,T41.3X2,T41.3X3,T41.3X4,T41.3X5,T41.3X6 ,,Butanilicaína,0,1,85853,F,0,,111616.0,"0,85853,",
B,T59.891,T59.892,T59.893,T59.894,-,-- ,,Butano (distribuido en un contenedor móvil),0,0,85854,F,0,,111617.0,"0,85854,",
B,T51.3X1,T51.3X2,T51.3X3,T51.3X4,-,-- ,,Butanol,0,1,85857,F,0,,111620.0,"0,85857,",
B,T52.4X1,T52.4X2,T52.4X3,T52.4X4,-,-- ,,"Butanona, 2-butanona",0,1,85858,F,0,,111621.0,"0,85858,",
B,T49.4X1,T49.4X2,T49.4X3,T49.4X4,T49.4X5,T49.4X6 ,,Butantrona,0,1,85859,F,0,,111622.0,"0,85859,",
B,T43.3X1,T43.3X2,T43.3X3,T43.3X4,T43.3X5,T43.3X6 ,,Butaperacina,0,1,85860,F,0,,111623.0,"0,85860,",
B,T39.2X1,T39.2X2,T39.2X3,T39.2X4,T39.2X5,T39.2X6 ,,Butazolidina,0,1,85861,F,0,,111624.0,"0,85861,",
B,T42.3X1,T42.3X2,T42.3X3,T42.3X4,T42.3X5,T42.3X6 ,,Butetal,0,1,85862,F,0,,111625.0,"0,85862,",
B,T44.3X1,T44.3X2,T44.3X3,T44.3X4,T44.3X5,T44.3X6,,Butetamato,0,1,85864,F,0,,111627.0,"0,85864,",
B,,,,,, ,,Butil,0,0,85865,F,0,,111628.0,"0,85865,",
B,T42.6X1,T42.6X2,T42.6X3,T42.6X4,T42.6X5,T42.6X6 ,,"Butilcloral, hidrato de",0,1,85879,F,0,,111642.0,"0,85879,",
B,T52.2X1,T52.2X2,T52.2X3,T52.2X4,-,-- ,,Butiltolueno,0,1,85880,F,0,,111643.0,"0,85880,",
B,T43.4X1,T43.4X2,T43.4X3,T43.4X4,T43.4X5,T43.4X6 ,,Butirofenona (tranquilizante con base de butirofenona),0,1,85882,F,0,,111645.0,"0,85882,",
B,T42.3X1,T42.3X2,T42.3X3,T42.3X4,T42.3X5,T42.3X6 ,,Butisol (sodio),0,1,85883,F,0,,111646.0,"0,85883,",
B,T50.2X1,T50.2X2,T50.2X3,T50.2X4,T50.2X5,T50.2X6 ,,Butizida,0,1,85884,F,0,,111647.0,"0,85884,",
B,T42.3X1,T42.3X2,T42.3X3,T42.3X4,T42.3X5,T42.3X6 ,,Butobarbital,0,0,85885,F,0,,111648.0,"0,85885,",
B,T42.3X1,T42.3X2,T42.3X3,T42.3X4,T42.3X5,T42.3X6 ,,Butobarbitona,0,1,85887,F,0,,111650.0,"0,85887,",
B,T49.0X1,T49.0X2,T49.0X3,T49.0X4,T49.0X5,T49.0X6 ,,Butoconazol (nitrato),0,1,85888,F,0,,111651.0,"0,85888,",
B,T40.491,T40.492,T40.493,T40.494,T40.495,T40.496,,Butorfanol,0,1,85889,F,0,,111652.0,"0,85889,",
B,T43.011,T43.012,T43.013,T43.014,T43.015,T43.016 ,,Butriptilina,0,1,85890,F,0,,111653.0,"0,85890,",
B,T44.3X1,T44.3X2,T44.3X3,T44.3X4,T44.3X5,T44.3X6 ,,"Butropio, bromuro de",0,1,85891,F,0,,111654.0,"0,85891,",
B,T41.3X1,T41.3X2,T41.3X3,T41.3X4,T41.3X5,T41.3X6 ,,Butín,0,1,85881,F,0,,111644.0,"0,85881,",
B,T54.91,T54.92,T54.93,T54.94,-,-- ,,Bórax (limpiador),0,1,85749,F,0,,111512.0,"0,85749,",
B,T49.0X1,T49.0X2,T49.0X3,T49.0X4,T49.0X5,T49.0X6 ,,"Bórico, ácido",0,0,85753,F,0,,111516.0,"0,85753,",
C,T50.Z11,T50.Z12,T50.Z13,T50.Z14,T50.Z15,T50.Z16 ,,"Caballo, suero antilinfocítico humano",0,1,85892,F,0,,111655.0,"0,85892,",
C,,,,,, ,,Cabello,0,0,85893,F,0,,111656.0,"0,85893,",
C,T42.8X1,T42.8X2,T42.8X3,T42.8X4,T42.8X5,T42.8X6 ,,Cabergolina,0,1,85896,F,0,,111659.0,"0,85896,",
C,T63.061,T63.062,T63.063,T63.064,-,-- ,,"Cabeza de cobre, serpiente (mordedura) (veneno)",0,1,85897,F,0,,111660.0,"0,85897,",
C,T49.3X1,T49.3X2,T49.3X3,T49.3X4,T49.3X5,T49.3X6 ,,"Cacahuete, aceite de",0,0,85898,F,0,,111661.0,"0,85898,",
C,T57.0X1,T57.0X2,T57.0X3,T57.0X4,-,-- ,,"Cacodilo, ácido cacodílico",0,1,85902,F,0,,111667.0,"0,85902,",
C,T45.1X1,T45.1X2,T45.1X3,T45.1X4,T45.1X5,T45.1X6 ,,Cactinomicina,0,1,85903,F,0,,111668.0,"0,85903,",
C,T49.4X1,T49.4X2,T49.4X3,T49.4X4,T49.4X5,T49.4X6 ,,"Cade, aceite de",0,1,85904,F,0,,111669.0,"0,85904,",
C,T49.0X1,T49.0X2,T49.0X3,T49.0X4,T49.0X5,T49.0X6 ,,"Cadexómero, yoduro de",0,1,85905,F,0,,111670.0,"0,85905,",
C,T56.3X1,T56.3X2,T56.3X3,T56.3X4,-,-- ,,Cadmio (cloruro) (humo) (óxido),0,0,85906,F,0,,111671.0,"0,85906,",
C,T46.5X1,T46.5X2,T46.5X3,T46.5X4,T46.5X5,T46.5X6 ,,Cadralacina,0,1,85908,F,0,,111673.0,"0,85908,",
C,T43.611,T43.612,T43.613,T43.614,T43.615,T43.616 ,,Cafeína,0,1,85910,F,0,,111675.0,"0,85910,",
C,T62.8X1,T62.8X2,T62.8X3,T62.8X4,-,-- ,,Café,0,1,85909,F,0,,111674.0,"0,85909,",
C,T54.3X1,T54.3X2,T54.3X3,T54.3X4,-,-- ,,Cal (cloruro),0,1,85911,F,0,,111676.0,"0,85911,",
C,T54.3X1,T54.3X2,T54.3X3,T54.3X4,-,-- ,,Cal viva,0,1,85912,F,0,,111677.0,"0,85912,",
C,T54.3X1,T54.3X2,T54.3X3,T54.3X4,-,-- ,,"Cal, cloruro de (lejía)",0,1,85913,F,0,,111678.0,"0,85913,",
C,T62.2X1,T62.2X2,T62.2X3,T62.2X4,-,-- ,,"Calabar, haba de",0,1,85914,F,0,,111679.0,"0,85914,",
C,T37.4X1,T37.4X2,T37.4X3,T37.4X4,T37.4X5,T37.4X6 ,,"Calabaza, extracto de semilla de ",0,1,85915,F,0,,111680.0,"0,85915,",
C,T62.2X1,T62.2X2,T62.2X3,T62.2X4,-,-- ,,Caladium seguinum,0,1,85916,F,0,,111681.0,"0,85916,",
C,T49.3X1,T49.3X2,T49.3X3,T49.3X4,T49.3X5,T49.3X6 ,,Calamina (loción),0,1,85917,F,0,,111682.0,"0,85917,",
C,T45.2X1,T45.2X2,T45.2X3,T45.2X4,T45.2X5,T45.2X6 ,,Calcifediol,0,1,85918,F,0,,111683.0,"0,85918,",
C,T45.2X1,T45.2X2,T45.2X3,T45.2X4,T45.2X5,T45.2X6 ,,Calciferol,0,1,85919,F,0,,111684.0,"0,85919,",
C,T50.3X1,T50.3X2,T50.3X3,T50.3X4,T50.3X5,T50.3X6 ,,Calcio,0,0,85920,F,0,,111685.0,"0,85920,",
C,T50.991,T50.992,T50.993,T50.994,T50.995,T50.996 ,,Calcitonina,0,1,85953,F,0,,111718.0,"0,85953,",
C,T45.2X1,T45.2X2,T45.2X3,T45.2X4,T45.2X5,T45.2X6 ,,Calcitriol,0,1,85954,F,0,,111719.0,"0,85954,",
C,T46.7X1,T46.7X2,T46.7X3,T46.7X4,T46.7X5,T46.7X6 ,,Calicreína,0,1,85957,F,0,,111722.0,"0,85957,",
C,T50.901,T50.902,T50.903,T50.904,T50.905,T50.906 ,,"Calmante, jarabe",0,1,85958,F,0,,111723.0,"0,85958,",
C,T49.0X1,T49.0X2,T49.0X3,T49.0X4,T49.0X5,T49.0X6 ,,Calomelano,0,1,85959,F,0,,111724.0,"0,85959,",
C,T38.7X1,T38.7X2,T38.7X3,T38.7X4,T38.7X5,T38.7X6 ,,Calusterona,0,1,85961,F,0,,111726.0,"0,85961,",
C,T50.3X1,T50.3X2,T50.3X3,T50.3X4,T50.3X5,T50.3X6 ,,"Calórico, agente",0,1,85960,F,0,,111725.0,"0,85960,",
C,T42.4X1,T42.4X2,T42.4X3,T42.4X4,T42.4X5,T42.4X6 ,,Camazepam,0,1,85962,F,0,,111727.0,"0,85962,",
C,T47.2X1,T47.2X2,T47.2X3,T47.2X4,T47.2X5,T47.2X6 ,,Cambogia,0,1,85963,F,0,,111728.0,"0,85963,",
C,T44.3X1,T44.3X2,T44.3X3,T44.3X4,T44.3X5,T44.3X6 ,,Camilofina,0,1,85964,F,0,,111729.0,"0,85964,",
C,T49.0X1,T49.0X2,T49.0X3,T49.0X4,T49.0X5,T49.0X6 ,,Camomila,0,1,85965,F,0,,111730.0,"0,85965,",
C,T37.2X1,T37.2X2,T37.2X3,T37.2X4,T37.2X5,T37.2X6 ,,Camoquina,0,1,85966,F,0,,111731.0,"0,85966,",
C,T49.0X1,T49.0X2,T49.0X3,T49.0X4,T49.0X5,T49.0X6 ,,Candeptin,0,1,85967,F,0,,111732.0,"0,85967,",
C,T49.0X1,T49.0X2,T49.0X3,T49.0X4,T49.0X5,T49.0X6 ,,Candicidina,0,1,85968,F,0,,111733.0,"0,85968,",
C,T40.721,T40.722,T40.723,T40.724,T40.725,T40.726,T40.721,"Cannabinoides, sintéticos",0,1,116067,F,0,,111734.0,"0,116067,",
C,T40.711,T40.712,T40.713,T40.714,T40.715,T40.716,,Cannabinol,0,1,85969,F,0,,111735.0,"0,85969,",
C,T40.711,T40.712,T40.713,T40.714,T40.715,T40.716,,Cannabis (derivados),0,1,85970,F,0,,111736.0,"0,85970,",
C,T50.0X1,T50.0X2,T50.0X3,T50.0X4,T50.0X5,T50.0X6 ,,"Canrenoico, ácido",0,1,85971,F,0,,111737.0,"0,85971,",
C,T50.0X1,T50.0X2,T50.0X3,T50.0X4,T50.0X5,T50.0X6 ,,Canrenona,0,1,85972,F,0,,111738.0,"0,85972,",
C,T50.991,T50.992,T50.993,T50.994,T50.995,T50.996 ,,Cantaxantina,0,1,85974,F,0,,111740.0,"0,85974,",
C,T49.8X1,T49.8X2,T49.8X3,T49.8X4,T49.8X5,T49.8X6 ,,"Cantárida, cantaridina, cantaris",0,1,85973,F,0,,111739.0,"0,85973,",
C,T47.6X1,T47.6X2,T47.6X3,T47.6X4,T47.6X5,T47.6X6 ,,Caolín,0,0,85975,F,0,,111741.0,"0,85975,",
C,T46.901,T46.902,T46.903,T46.904,T46.905,T46.906 ,,"Capilar, medicamento activo NCOC",0,1,85977,F,0,,111743.0,"0,85977,",
C,T36.8X1,T36.8X2,T36.8X3,T36.8X4,T36.8X5,T36.8X6 ,,Capreomicina,0,1,85978,F,0,,111744.0,"0,85978,",
C,T49.4X1,T49.4X2,T49.4X3,T49.4X4,T49.4X5,T49.4X6 ,,Capsicum,0,1,85979,F,0,,111745.0,"0,85979,",
C,T60.3X1,T60.3X2,T60.3X3,T60.3X4,-,-- ,,Captafol,0,1,85980,F,0,,111746.0,"0,85980,",
C,T60.3X1,T60.3X2,T60.3X3,T60.3X4,-,-- ,,Captan,0,1,85981,F,0,,111747.0,"0,85981,",
C,T43.591,T43.592,T43.593,T43.594,T43.595,T43.596 ,,"Captodiamo, captodiamina",0,1,85982,F,0,,111748.0,"0,85982,",
C,T46.4X1,T46.4X2,T46.4X3,T46.4X4,T46.4X5,T46.4X6 ,,Captopril,0,1,85983,F,0,,111749.0,"0,85983,",
C,T60.8X1,T60.8X2,T60.8X3,T60.8X4,-,-- ,,Caracol asesino NCOC,0,1,85984,F,0,,111750.0,"0,85984,",
C,T44.3X1,T44.3X2,T44.3X3,T44.3X4,T44.3X5,T44.3X6 ,,Caramifeno,0,1,85985,F,0,,111751.0,"0,85985,",
C,T44.7X1,T44.7X2,T44.7X3,T44.7X4,T44.7X5,T44.7X6 ,,Carazolol,0,1,85986,F,0,,111752.0,"0,85986,",
C,T44.1X1,T44.1X2,T44.1X3,T44.1X4,T44.1X5,T44.1X6 ,,Carbacol,0,1,85987,F,0,,111753.0,"0,85987,",
C,T50.3X1,T50.3X2,T50.3X3,T50.3X4,T50.3X5,T50.3X6 ,,Carbacrilamine (resina),0,1,85988,F,0,,111754.0,"0,85988,",
C,T60.0X1,T60.0X2,T60.0X3,T60.0X4,-,-- ,,Carbamato (insecticida),0,1,85989,F,0,,111755.0,"0,85989,",
C,T42.6X1,T42.6X2,T42.6X3,T42.6X4,T42.6X5,T42.6X6 ,,Carbamato (sedante),0,0,85990,F,0,,111756.0,"0,85990,",
C,T42.1X1,T42.1X2,T42.1X3,T42.1X4,T42.1X5,T42.1X6 ,,Carbamazepina,0,1,85993,F,0,,111759.0,"0,85993,",
C,T47.3X1,T47.3X2,T47.3X3,T47.3X4,T47.3X5,T47.3X6 ,,Carbamida,0,0,85994,F,0,,111760.0,"0,85994,",
C,T44.1X1,T44.1X2,T44.1X3,T44.1X4,T44.1X5,T44.1X6 ,,Carbamilcolina cloruro,0,1,85997,F,0,,111763.0,"0,85997,",
C,T49.0X1,T49.0X2,T49.0X3,T49.0X4,T49.0X5,T49.0X6 ,,Carbaril,0,1,85998,F,0,,111764.0,"0,85998,",
C,T37.3X1,T37.3X2,T37.3X3,T37.3X4,T37.3X5,T37.3X6 ,,Carbarsona,0,1,86000,F,0,,111766.0,"0,86000,",
C,T39.011,T39.012,T39.013,T39.014,T39.015,T39.016 ,,Carbaspirina,0,1,86001,F,0,,111767.0,"0,86001,",
C,T49.4X1,T49.4X2,T49.4X3,T49.4X4,T49.4X5,T49.4X6 ,,Carbazocromo (salicilato) (sulfonato de sodio),0,1,86002,F,0,,111768.0,"0,86002,",
C,T36.0X1,T36.0X2,T36.0X3,T36.0X4,T36.0X5,T36.0X6 ,,Carbenicilina,0,1,86003,F,0,,111769.0,"0,86003,",
C,T47.1X1,T47.1X2,T47.1X3,T47.1X4,T47.1X5,T47.1X6 ,,Carbenoxolona,0,1,86004,F,0,,111770.0,"0,86004,",
C,T48.3X1,T48.3X2,T48.3X3,T48.3X4,T48.3X5,T48.3X6 ,,Carbetapentano,0,1,86005,F,0,,111771.0,"0,86005,",
C,T39.091,T39.092,T39.093,T39.094,T39.095,T39.096 ,,Carbetil salicilato,0,1,86006,F,0,,111772.0,"0,86006,",
C,T42.8X1,T42.8X2,T42.8X3,T42.8X4,T42.8X5,T42.8X6 ,,Carbidopa (con levodopa),0,1,86007,F,0,,111773.0,"0,86007,",
C,T39.8X1,T39.8X2,T39.8X3,T39.8X4,T39.8X5,T39.8X6 ,,Carbifeno,0,1,86008,F,0,,111774.0,"0,86008,",
C,T38.2X1,T38.2X2,T38.2X3,T38.2X4,T38.2X5,T38.2X6 ,,Carbimazol,0,1,86009,F,0,,111775.0,"0,86009,",
C,T51.1X1,T51.1X2,T51.1X3,T51.1X4,-,-- ,,Carbinol,0,1,86010,F,0,,111776.0,"0,86010,",
C,T45.0X1,T45.0X2,T45.0X3,T45.0X4,T45.0X5,T45.0X6 ,,Carbinoxamina,0,1,86011,F,0,,111777.0,"0,86011,",
C,T52.3X1,T52.3X2,T52.3X3,T52.3X4,-,-- ,,Carbitol,0,1,86012,F,0,,111778.0,"0,86012,",
C,T47.6X1,T47.6X2,T47.6X3,T47.6X4,T47.6X5,T47.6X6 ,,Carbo medicinalis,0,1,86013,F,0,,111779.0,"0,86013,",
C,T41.3X1,T41.3X2,T41.3X3,T41.3X4,T41.3X5,T41.3X6 ,,Carbocaína,0,0,86014,F,0,,111780.0,"0,86014,",
C,T48.4X1,T48.4X2,T48.4X3,T48.4X4,T48.4X5,T48.4X6 ,,Carbocisteína,0,1,86018,F,0,,111784.0,"0,86018,",
C,T46.3X1,T46.3X2,T46.3X3,T46.3X4,T46.3X5,T46.3X6 ,,Carbocromeno,0,1,86019,F,0,,111785.0,"0,86019,",
C,T45.1X1,T45.1X2,T45.1X3,T45.1X4,T45.1X5,T45.1X6 ,,Carbocuona,0,1,86020,F,0,,111786.0,"0,86020,",
C,T60.0X1,T60.0X2,T60.0X3,T60.0X4,-,-- ,,Carbofenotion,0,1,86021,F,0,,111787.0,"0,86021,",
C,T49.0X1,T49.0X2,T49.0X3,T49.0X4,T49.0X5,T49.0X6 ,,Carbolfucsina,0,1,86022,F,0,,111788.0,"0,86022,",
C,T48.1X1,T48.1X2,T48.1X3,T48.1X4,T48.1X5,T48.1X6 ,,Carbolonio (bromuro),0,1,86024,F,0,,111790.0,"0,86024,",
C,T36.8X1,T36.8X2,T36.8X3,T36.8X4,T36.8X5,T36.8X6 ,,Carbomicina,0,1,86025,F,0,,111791.0,"0,86025,",
C,,,,,, ,,Carbono,0,0,86040,F,0,,111806.0,"0,86040,",
C,T45.1X1,T45.1X2,T45.1X3,T45.1X4,T45.1X5,T45.1X6 ,,Carboplatino,0,1,86090,F,0,,111856.0,"0,86090,",
C,T48.0X1,T48.0X2,T48.0X3,T48.0X4,T48.0X5,T48.0X6 ,,Carboprost,0,1,86091,F,0,,111857.0,"0,86091,",
C,T49.3X1,T49.3X2,T49.3X3,T49.3X4,T49.3X5,T49.3X6 ,,Carbowax,0,1,86092,F,0,,111858.0,"0,86092,",
C,T47.4X1,T47.4X2,T47.4X3,T47.4X4,T47.4X5,T47.4X6 ,,Carboximetil-celulosa,0,1,86093,F,0,,111859.0,"0,86093,",
C,T42.3X1,T42.3X2,T42.3X3,T42.3X4,T42.3X5,T42.3X6 ,,Carbrital,0,1,86094,F,0,,111860.0,"0,86094,",
C,T42.6X1,T42.6X2,T42.6X3,T42.6X4,T42.6X5,T42.6X6 ,,Carbromal,0,1,86095,F,0,,111861.0,"0,86095,",
C,T38.3X1,T38.3X2,T38.3X3,T38.3X4,T38.3X5,T38.3X6 ,,Carbutamida,0,1,86096,F,0,,111862.0,"0,86096,",
C,T48.6X1,T48.6X2,T48.6X3,T48.6X4,T48.6X5,T48.6X6 ,,Carbuterol,0,1,86097,F,0,,111863.0,"0,86097,",
C,T54.0X1,T54.0X2,T54.0X3,T54.0X4,-,-- ,,"Carbólico, ácido - véase además Fenol",0,1,86023,F,0,,111789.0,"0,86023,",
C,T58.2X1,T58.2X2,T58.2X3,T58.2X4,-,-- ,,"Carbón (monóxido de carbono), véase además Carbono, monóxido, carbón",0,0,86026,F,0,,111792.0,"0,86026,",
C,T47.6X1,T47.6X2,T47.6X3,T47.6X4,T47.6X5,T47.6X6 ,,Carbón vegetal,0,0,86033,F,0,,111799.0,"0,86033,",
C,T59.7X1,T59.7X2,T59.7X3,T59.7X4,-,-- ,,"Carbónico, gas ácido ",0,0,86038,F,0,,111804.0,"0,86038,",
C,,,,,, ,,Cardiaco,0,0,86098,F,0,,111864.0,"0,86098,",
C,T50.8X1,T50.8X2,T50.8X3,T50.8X4,T50.8X5,T50.8X6 ,,Cardio-green,0,1,86104,F,0,,111871.0,"0,86104,",
C,T50.8X1,T50.8X2,T50.8X3,T50.8X4,T50.8X5,T50.8X6 ,,Cardiografina,0,1,86103,F,0,,111870.0,"0,86103,",
C,T46.0X1,T46.0X2,T46.0X3,T46.0X4,T46.0X5,T46.0X6 ,,Cardiotónico (glucósido) NCOC,0,1,86105,F,0,,111872.0,"0,86105,",
C,T46.901,T46.902,T46.903,T46.904,T46.905,T46.906 ,,"Cardiovascular, medicamento NCOC",0,1,86106,F,0,,111873.0,"0,86106,",
C,T50.2X1,T50.2X2,T50.2X3,T50.2X4,T50.2X5,T50.2X6 ,,Cardrasa,0,1,86107,F,0,,111874.0,"0,86107,",
C,T36.0X1,T36.0X2,T36.0X3,T36.0X4,T36.0X5,T36.0X6 ,,Carfecilina,0,1,86108,F,0,,111875.0,"0,86108,",
C,T43.3X1,T43.3X2,T43.3X3,T43.3X4,T43.3X5,T43.3X6 ,,Carfenacina,0,1,86109,F,0,,111876.0,"0,86109,",
C,T49.0X1,T49.0X2,T49.0X3,T49.0X4,T49.0X5,T49.0X6 ,,Carfusina,0,1,86111,F,0,,111878.0,"0,86111,",
C,T36.0X1,T36.0X2,T36.0X3,T36.0X4,T36.0X5,T36.0X6 ,,Carindacilina,0,1,86112,F,0,,111879.0,"0,86112,",
C,T42.8X1,T42.8X2,T42.8X3,T42.8X4,T42.8X5,T42.8X6 ,,Carisoprodol,0,1,86113,F,0,,111880.0,"0,86113,",
C,T47.4X1,T47.4X2,T47.4X3,T47.4X4,T47.4X5,T47.4X6 ,,Carmelosa,0,1,86114,F,0,,111881.0,"0,86114,",
C,T47.5X1,T47.5X2,T47.5X3,T47.5X4,T47.5X5,T47.5X6 ,,Carminativo,0,1,86115,F,0,,111882.0,"0,86115,",
C,T45.1X1,T45.1X2,T45.1X3,T45.1X4,T45.1X5,T45.1X6 ,,Carmofur,0,1,86116,F,0,,111883.0,"0,86116,",
C,T45.1X1,T45.1X2,T45.1X3,T45.1X4,T45.1X5,T45.1X6 ,,Carmustina,0,1,86117,F,0,,111884.0,"0,86117,",
C,T62.8X1,T62.8X2,T62.8X3,T62.8X4,-,-- ,,"Carne, nociva",0,1,86118,F,0,,111885.0,"0,86118,",
C,T45.2X1,T45.2X2,T45.2X3,T45.2X4,T45.2X5,T45.2X6 ,,Caroteno,0,1,86119,F,0,,111886.0,"0,86119,",
C,T42.4X1,T42.4X2,T42.4X3,T42.4X4,T42.4X5,T42.4X6 ,,Carpipramina,0,1,86120,F,0,,111887.0,"0,86120,",
C,T39.311,T39.312,T39.313,T39.314,T39.315,T39.316 ,,Carprofeno,0,1,86121,F,0,,111888.0,"0,86121,",
C,T44.3X1,T44.3X2,T44.3X3,T44.3X4,T44.3X5,T44.3X6 ,,"Carpronio, cloruro",0,1,86122,F,0,,111889.0,"0,86122,",
C,T47.8X1,T47.8X2,T47.8X3,T47.8X4,T47.8X5,T47.8X6 ,,Carrageenan,0,1,86123,F,0,,111890.0,"0,86123,",
C,T44.7X1,T44.7X2,T44.7X3,T44.7X4,T44.7X5,T44.7X6 ,,Carteolol,0,1,86125,F,0,,111892.0,"0,86125,",
C,T47.2X1,T47.2X2,T47.2X3,T47.2X4,T47.2X5,T47.2X6 ,,"Carter, pastillitas pequeñas de",0,1,86126,F,0,,111893.0,"0,86126,",
C,T63.011,T63.012,T63.013,T63.014,-,-- ,,"Cascabel, serpiente de (veneno)",0,1,86127,F,0,,111894.0,"0,86127,",
C,T49.0X1,T49.0X2,T49.0X3,T49.0X4,T49.0X5,T49.0X6 ,,"Castellani, tintura de ",0,1,86129,F,0,,111896.0,"0,86129,",
C,T45.3X1,T45.3X2,T45.3X3,T45.3X4,T45.3X5,T45.3X6 ,,Catalasa,0,1,86130,F,0,,111897.0,"0,86130,",
C,T63.431,T63.432,T63.433,T63.434,-,-- ,,Caterpilar (picadura),0,1,86131,F,0,,111908.0,"0,86131,",
C,T43.691,T43.692,T43.693,T43.694,-,-- ,,Catha (té),0,1,86132,F,0,,111909.0,"0,86132,",
C,T50.5X1,T50.5X2,T50.5X3,T50.5X4,T50.5X5,T50.5X6 ,,Catina,0,1,86133,F,0,,111910.0,"0,86133,",
C,T50.3X1,T50.3X2,T50.3X3,T50.3X4,T50.3X5,T50.3X6 ,,"Catiónica, resina de intercambio ",0,1,86134,F,0,,111911.0,"0,86134,",
C,T36.8X1,T36.8X2,T36.8X3,T36.8X4,T36.8X5,T36.8X6 ,,Catomicina,0,1,86135,F,0,,111912.0,"0,86135,",
C,T47.4X1,T47.4X2,T47.4X3,T47.4X4,T47.4X5,T47.4X6,T47.4X1,Catártico NCOC,0,0,105708,F,0,,111898.0,"0,105708,",
C,T49.0X1,T49.0X2,T49.0X3,T49.0X4,T49.0X5,T49.0X6 ,,Ceepryn,0,0,86142,F,0,,111919.0,"0,86142,",
C,T36.1X1,T36.1X2,T36.1X3,T36.1X4,T36.1X5,T36.1X6 ,,Cefacetrilo,0,1,86145,F,0,,111922.0,"0,86145,",
C,T36.1X1,T36.1X2,T36.1X3,T36.1X4,T36.1X5,T36.1X6 ,,Cefaclor,0,1,86146,F,0,,111923.0,"0,86146,",
C,T36.1X1,T36.1X2,T36.1X3,T36.1X4,T36.1X5,T36.1X6 ,,Cefadroxilo,0,1,86147,F,0,,111924.0,"0,86147,",
C,T50.901,T50.902,T50.903,T50.904,T50.905,T50.906 ,,"Cefalea, medicamentos, polvos NCOC",0,1,86148,F,0,,111925.0,"0,86148,",
C,T36.1X1,T36.1X2,T36.1X3,T36.1X4,T36.1X5,T36.1X6 ,,Cefalexina,0,1,86150,F,0,,111927.0,"0,86150,",
C,T36.1X1,T36.1X2,T36.1X3,T36.1X4,T36.1X5,T36.1X6 ,,Cefaloglicina,0,1,86152,F,0,,111929.0,"0,86152,",
C,T36.1X1,T36.1X2,T36.1X3,T36.1X4,T36.1X5,T36.1X6 ,,Cefaloridina,0,1,86154,F,0,,111931.0,"0,86154,",
C,T36.1X1,T36.1X2,T36.1X3,T36.1X4,T36.1X5,T36.1X6 ,,Cefalosporinas,0,0,86156,F,0,,111933.0,"0,86156,",
C,T36.1X1,T36.1X2,T36.1X3,T36.1X4,T36.1X5,T36.1X6 ,,Cefalotin,0,1,86158,F,0,,111935.0,"0,86158,",
C,T36.1X1,T36.1X2,T36.1X3,T36.1X4,T36.1X5,T36.1X6 ,,Cefalotina,0,1,86160,F,0,,111937.0,"0,86160,",
C,T36.1X1,T36.1X2,T36.1X3,T36.1X4,T36.1X5,T36.1X6 ,,Cefamandol,0,1,86161,F,0,,111938.0,"0,86161,",
C,T36.1X1,T36.1X2,T36.1X3,T36.1X4,T36.1X5,T36.1X6 ,,"Cefamicina, antibiótico",0,1,86162,F,0,,111939.0,"0,86162,",
C,T36.1X1,T36.1X2,T36.1X3,T36.1X4,T36.1X5,T36.1X6 ,,Cefapirin,0,1,86163,F,0,,111940.0,"0,86163,",
C,T36.1X1,T36.1X2,T36.1X3,T36.1X4,T36.1X5,T36.1X6 ,,Cefatricina,0,1,86164,F,0,,111941.0,"0,86164,",
C,T36.1X1,T36.1X2,T36.1X3,T36.1X4,T36.1X5,T36.1X6 ,,Cefazedona,0,1,86165,F,0,,111942.0,"0,86165,",
C,T36.1X1,T36.1X2,T36.1X3,T36.1X4,T36.1X5,T36.1X6 ,,Cefazolina,0,1,86166,F,0,,111943.0,"0,86166,",
C,T36.1X1,T36.1X2,T36.1X3,T36.1X4,T36.1X5,T36.1X6 ,,Cefbuperazona,0,1,86167,F,0,,111944.0,"0,86167,",
C,T36.1X1,T36.1X2,T36.1X3,T36.1X4,T36.1X5,T36.1X6 ,,Cefetamet,0,1,86168,F,0,,111945.0,"0,86168,",
C,T36.1X1,T36.1X2,T36.1X3,T36.1X4,T36.1X5,T36.1X6 ,,Cefixima,0,1,86169,F,0,,111946.0,"0,86169,",
C,T36.1X1,T36.1X2,T36.1X3,T36.1X4,T36.1X5,T36.1X6 ,,Cefmenoxima,0,1,86170,F,0,,111947.0,"0,86170,",
C,T36.1X1,T36.1X2,T36.1X3,T36.1X4,T36.1X5,T36.1X6 ,,Cefmetazol,0,1,86171,F,0,,111948.0,"0,86171,",
C,T36.1X1,T36.1X2,T36.1X3,T36.1X4,T36.1X5,T36.1X6 ,,Cefminox,0,1,86172,F,0,,111949.0,"0,86172,",
C,T36.1X1,T36.1X2,T36.1X3,T36.1X4,T36.1X5,T36.1X6 ,,Cefonicid,0,1,86173,F,0,,111950.0,"0,86173,",
C,T36.1X1,T36.1X2,T36.1X3,T36.1X4,T36.1X5,T36.1X6 ,,Cefoperazona,0,1,86174,F,0,,111951.0,"0,86174,",
C,T36.1X1,T36.1X2,T36.1X3,T36.1X4,T36.1X5,T36.1X6 ,,Ceforanida,0,1,86175,F,0,,111952.0,"0,86175,",
C,T36.1X1,T36.1X2,T36.1X3,T36.1X4,T36.1X5,T36.1X6 ,,Cefotaxima,0,1,86176,F,0,,111953.0,"0,86176,",
C,T36.1X1,T36.1X2,T36.1X3,T36.1X4,T36.1X5,T36.1X6 ,,Cefotetán,0,1,86177,F,0,,111954.0,"0,86177,",
C,T36.1X1,T36.1X2,T36.1X3,T36.1X4,T36.1X5,T36.1X6 ,,Cefotiam,0,1,86178,F,0,,111955.0,"0,86178,",
C,T36.1X1,T36.1X2,T36.1X3,T36.1X4,T36.1X5,T36.1X6 ,,Cefoxitina,0,1,86179,F,0,,111956.0,"0,86179,",
C,T36.1X1,T36.1X2,T36.1X3,T36.1X4,T36.1X5,T36.1X6 ,,Cefpimizol,0,1,86180,F,0,,111957.0,"0,86180,",
C,T36.1X1,T36.1X2,T36.1X3,T36.1X4,T36.1X5,T36.1X6 ,,Cefpiramida,0,1,86181,F,0,,111958.0,"0,86181,",
C,T36.1X1,T36.1X2,T36.1X3,T36.1X4,T36.1X5,T36.1X6 ,,Cefradina,0,1,86183,F,0,,111960.0,"0,86183,",
C,T36.1X1,T36.1X2,T36.1X3,T36.1X4,T36.1X5,T36.1X6 ,,Cefroxadina,0,1,86184,F,0,,111961.0,"0,86184,",
C,T36.1X1,T36.1X2,T36.1X3,T36.1X4,T36.1X5,T36.1X6 ,,Cefsulodina,0,1,86185,F,0,,111962.0,"0,86185,",
C,T36.1X1,T36.1X2,T36.1X3,T36.1X4,T36.1X5,T36.1X6 ,,Ceftazidima,0,1,86186,F,0,,111963.0,"0,86186,",
C,T36.1X1,T36.1X2,T36.1X3,T36.1X4,T36.1X5,T36.1X6 ,,Cefteram,0,1,86187,F,0,,111964.0,"0,86187,",
C,T36.1X1,T36.1X2,T36.1X3,T36.1X4,T36.1X5,T36.1X6 ,,Ceftezol,0,1,86188,F,0,,111965.0,"0,86188,",
C,T36.1X1,T36.1X2,T36.1X3,T36.1X4,T36.1X5,T36.1X6 ,,Ceftizoxima,0,1,86189,F,0,,111966.0,"0,86189,",
C,T36.1X1,T36.1X2,T36.1X3,T36.1X4,T36.1X5,T36.1X6 ,,Ceftriaxona,0,1,86190,F,0,,111967.0,"0,86190,",
C,T36.1X1,T36.1X2,T36.1X3,T36.1X4,T36.1X5,T36.1X6 ,,Cefuroxima,0,1,86191,F,0,,111968.0,"0,86191,",
C,T36.1X1,T36.1X2,T36.1X3,T36.1X4,T36.1X5,T36.1X6 ,,Cefuzonam,0,1,86192,F,0,,111969.0,"0,86192,",
C,T38.0X1,T38.0X2,T38.0X3,T38.0X4,T38.0X5,T38.0X6 ,,Celestone,0,0,86193,F,0,,111970.0,"0,86193,",
C,T44.7X1,T44.7X2,T44.7X3,T44.7X4,T44.7X5,T44.7X6 ,,Celiprolol,0,1,86195,F,0,,111972.0,"0,86195,",
C,T52.91,T52.92,T52.93,T52.94,-,-- ,,Cellosolve,0,1,86196,F,0,,111973.0,"0,86196,",
C,T49.8X1,T49.8X2,T49.8X3,T49.8X4,T49.8X5,T49.8X6 ,,"Celulares, estimulantes y proliferantes",0,1,86197,F,0,,111974.0,"0,86197,",
C,,,,,, ,,Celulosa,0,0,86198,F,0,,111975.0,"0,86198,",
C,T52.0X1,T52.0X2,T52.0X3,T52.0X4,-,-- ,,Cera (parafina) (petróleo),0,0,86203,F,0,,111980.0,"0,86203,",
C,T62.2X1,T62.2X2,T62.2X3,T62.2X4,-,-- ,,Cerbera (odallam),0,1,86206,F,0,,111983.0,"0,86206,",
C,T46.0X1,T46.0X2,T46.0X3,T46.0X4,T46.0X5,T46.0X6 ,,Cerberina,0,1,86207,F,0,,111984.0,"0,86207,",
C,T43.601,T43.602,T43.603,T43.604,T43.605,T43.606 ,,"Cerebro, estimulantes del",0,0,86208,F,0,,111985.0,"0,86208,",
C,T62.2X1,T62.2X2,T62.2X3,T62.2X4,-,-- ,,"Cerezo silvestre, esencia de",0,1,86211,F,0,,111988.0,"0,86211,",
C,T45.0X1,T45.0X2,T45.0X3,T45.0X4,T45.0X5,T45.0X6 ,,"Cerio, oxalato de ",0,1,86212,F,0,,111989.0,"0,86212,",
C,T45.0X1,T45.0X2,T45.0X3,T45.0X4,T45.0X5,T45.0X6 ,,"Ceroso, oxalato ",0,1,86213,F,0,,111990.0,"0,86213,",
C,T50.8X1,T50.8X2,T50.8X3,T50.8X4,T50.8X5,T50.8X6 ,,Cerulótido,0,1,86214,F,0,,111991.0,"0,86214,",
C,T49.0X1,T49.0X2,T49.0X3,T49.0X4,T49.0X5,T49.0X6 ,,Cetalconio (cloruro),0,1,86215,F,0,,111992.0,"0,86215,",
C,T49.0X1,T49.0X2,T49.0X3,T49.0X4,T49.0X5,T49.0X6 ,,"Cetexonio, cloruro de",0,1,86216,F,0,,111993.0,"0,86216,",
C,T46.7X1,T46.7X2,T46.7X3,T46.7X4,T46.7X5,T46.7X6 ,,Cetiedilo,0,1,86217,F,0,,111994.0,"0,86217,",
C,T49.0X1,T49.0X2,T49.0X3,T49.0X4,T49.0X5,T49.0X6 ,,"Cetilpiridinio, cloruro de ",0,0,86218,F,0,,111995.0,"0,86218,",
C,T45.0X1,T45.0X2,T45.0X3,T45.0X4,T45.0X5,T45.0X6 ,,Cetiricina,0,1,86221,F,0,,111998.0,"0,86221,",
C,T40.491,T40.492,T40.493,T40.494,,,,Cetobemidona,0,1,86222,F,0,,111999.0,"0,86222,",
C,T50.991,T50.992,T50.993,T50.994,T50.995,T50.996 ,,Cetomacrogol,0,1,86223,F,0,,112000.0,"0,86223,",
C,T52.4X1,T52.4X2,T52.4X3,T52.4X4,-,-- ,,"Cetona, aceites de",0,1,86224,F,0,,112001.0,"0,86224,",
C,T45.2X1,T45.2X2,T45.2X3,T45.2X4,T45.2X5,T45.2X6 ,,Cetotiamina,0,1,86225,F,0,,112002.0,"0,86225,",
C,T45.0X1,T45.0X2,T45.0X3,T45.0X4,T45.0X5,T45.0X6 ,,Cetoxima,0,1,86226,F,0,,112003.0,"0,86226,",
C,T47.1X1,T47.1X2,T47.1X3,T47.1X4,T47.1X5,T47.1X6 ,,Cetraxato,0,1,86227,F,0,,112004.0,"0,86227,",
C,T49.0X1,T49.0X2,T49.0X3,T49.0X4,T49.0X5,T49.0X6 ,,Cetrimida,0,1,86228,F,0,,112005.0,"0,86228,",
C,,,,,,,,Cevadilla - véase Sabadilla,0,1,86229,F,0,,112006.0,"0,86229,",
C,T45.2X1,T45.2X2,T45.2X3,T45.2X4,T45.2X5,T45.2X6 ,,"Cevitámico, ácido ",0,1,86230,F,0,,112007.0,"0,86230,",
C,T55.0X1,T55.0X2,T55.0X3,T55.0X4,-,-,,Champú,0,1,86231,F,0,,112008.0,"0,86231,",
C,T46.0X1,T46.0X2,T46.0X3,T46.0X4,T46.0X5,T46.0X6 ,,Chan su,0,1,86232,F,0,,112009.0,"0,86232,",
C,T37.1X1,T37.1X2,T37.1X3,T37.1X4,T37.1X5,T37.1X6 ,,Chaulmosulfona,0,1,86233,F,0,,112010.0,"0,86233,",
C,T62.2X1,T62.2X2,T62.2X3,T62.2X4,-,-- ,,Chelidonium majus,0,1,86234,F,0,,112011.0,"0,86234,",
C,T45.0X1,T45.0X2,T45.0X3,T45.0X4,T45.0X5,T45.0X6 ,,Chlor-trimetón,0,1,86239,F,0,,112016.0,"0,86239,",
C,T60.0X1,T60.0X2,T60.0X3,T60.0X4,-,-- ,,Chlormephos,0,1,86235,F,0,,112012.0,"0,86235,",
C,T53.7X1,T53.7X2,T53.7X3,T53.7X4,-,-- ,,Chlorodinitrobenzeno,0,0,86236,F,0,,112013.0,"0,86236,",
C,T60.0X1,T60.0X2,T60.0X3,T60.0X4,-,-- ,,Chlortion,0,1,86238,F,0,,112015.0,"0,86238,",
C,T60.1X1,T60.1X2,T60.1X3,T60.1X4,-,-- ,,Cialotrina,0,1,86240,F,0,,112017.0,"0,86240,",
C,T43.3X1,T43.3X2,T43.3X3,T43.3X4,T43.3X5,T43.3X6 ,,Ciamemacina,0,1,86241,F,0,,112018.0,"0,86241,",
C,T37.1X1,T37.1X2,T37.1X3,T37.1X4,T37.1X5,T37.1X6 ,,Cianacetil hidrazida,0,1,86242,F,0,,112019.0,"0,86242,",
C,T59.891,T59.892,T59.893,T59.894,-,-- ,,"Cianhídrico, ácido (gas)",0,1,86243,F,0,,112020.0,"0,86243,",
C,T57.3X1,T57.3X2,T57.3X3,T57.3X4,-,-- ,,"Cianhídrico, ácido (líquido)",0,0,86244,F,0,,112021.0,"0,86244,",
C,T50.991,T50.992,T50.993,T50.994,T50.995,T50.996 ,,Cianidanol,0,1,86246,F,0,,112023.0,"0,86246,",
C,T49.3X1,T49.3X2,T49.3X3,T49.3X4,T49.3X5,T49.3X6 ,,Cianoacrilato adhesivo,0,1,86247,F,0,,112024.0,"0,86247,",
C,T45.8X1,T45.8X2,T45.8X3,T45.8X4,T45.8X5,T45.8X6 ,,Cianocobalamina,0,1,86248,F,0,,112025.0,"0,86248,",
C,T43.011,T43.012,T43.013,T43.014,T43.015,T43.016 ,,Cianopramine,0,1,86250,F,0,,112027.0,"0,86250,",
C,T65.0X1,T65.0X2,T65.0X3,T65.0X4,-,-- ,,Cianuro (-s) (compuestos) (potasio) (sodio) NCOC,0,0,86251,F,0,,112028.0,"0,86251,",
C,T59.891,T59.892,T59.893,T59.894,-,-- ,,Cianógeno (cloruro) (gas) NCOC,0,1,86249,F,0,,112026.0,"0,86249,",
C,T46.2X1,T46.2X2,T46.2X3,T46.2X4,T46.2X5,T46.2X6 ,,Cibenzolina,0,1,86257,F,0,,112034.0,"0,86257,",
C,T36.0X1,T36.0X2,T36.0X3,T36.0X4,T36.0X5,T36.0X6 ,,Ciclacilina,0,1,86259,F,0,,112036.0,"0,86259,",
C,T41.3X1,T41.3X2,T41.3X3,T41.3X4,T41.3X5,T41.3X6 ,,Ciclaina,0,1,86260,F,0,,112037.0,"0,86260,",
C,T50.991,T50.992,T50.993,T50.994,T50.995,T50.996 ,,Ciclamato,0,1,86261,F,0,,112038.0,"0,86261,",
C,T62.2X1,T62.2X2,T62.2X3,T62.2X4,-,-- ,,Ciclamen europaeum,0,1,86262,F,0,,112039.0,"0,86262,",
C,T46.7X1,T46.7X2,T46.7X3,T46.7X4,T46.7X5,T46.7X6 ,,Ciclandelato,0,1,86263,F,0,,112040.0,"0,86263,",
C,T50.7X1,T50.7X2,T50.7X3,T50.7X4,T50.7X5,T50.7X6 ,,Ciclazocina,0,1,86264,F,0,,112041.0,"0,86264,",
C,T45.0X1,T45.0X2,T45.0X3,T45.0X4,T45.0X5,T45.0X6 ,,Ciclicina,0,1,86265,F,0,,112042.0,"0,86265,",
C,T42.3X1,T42.3X2,T42.3X3,T42.3X4,T42.3X5,T42.3X6,,Ciclobarbital - véase Hexobarbital,0,1,86266,F,0,,112043.0,"0,86266,",
C,T42.3X1,T42.3X2,T42.3X3,T42.3X4,T42.3X5,T42.3X6 ,,Ciclobarbitone,0,1,86268,F,0,,112045.0,"0,86268,",
C,T48.1X1,T48.1X2,T48.1X3,T48.1X4,T48.1X5,T48.1X6 ,,Ciclobenzaprina,0,1,86269,F,0,,112046.0,"0,86269,",
C,T44.3X1,T44.3X2,T44.3X3,T44.3X4,T44.3X5,T44.3X6 ,,Ciclodrina,0,1,86270,F,0,,112047.0,"0,86270,",
C,T45.1X1,T45.1X2,T45.1X3,T45.1X4,T45.1X5,T45.1X6 ,,Ciclofosfamida,0,1,86271,F,0,,112048.0,"0,86271,",
C,T37.2X1,T37.2X2,T37.2X3,T37.2X4,T37.2X5,T37.2X6 ,,"Cicloguanil, embonato",0,1,86272,F,0,,112049.0,"0,86272,",
C,T52.8X1,T52.8X2,T52.8X3,T52.8X4,-,-- ,,Ciclohexano,0,1,86273,F,0,,112050.0,"0,86273,",
C,T51.8X1,T51.8X2,T51.8X3,T51.8X4,-,-- ,,Ciclohexanol,0,1,86274,F,0,,112051.0,"0,86274,",
C,T52.4X1,T52.4X2,T52.4X3,T52.4X4,-,-- ,,Ciclohexanona,0,1,86275,F,0,,112052.0,"0,86275,",
C,T52.8X1,T52.8X2,T52.8X3,T52.8X4,-,-- ,,"Ciclohexilo, acetato de ",0,1,86276,F,0,,112053.0,"0,86276,",
C,T60.3X1,T60.3X2,T60.3X3,T60.3X4,-,-- ,,Cicloheximida,0,1,86277,F,0,,112054.0,"0,86277,",
C,T45.1X1,T45.1X2,T45.1X3,T45.1X4,T45.1X5,T45.1X6 ,,Cicloleucina,0,1,86278,F,0,,112055.0,"0,86278,",
C,T41.3X1,T41.3X2,T41.3X3,T41.3X4,T41.3X5,T41.3X6 ,,Ciclometicaína,0,1,86279,F,0,,112056.0,"0,86279,",
C,T46.7X1,T46.7X2,T46.7X3,T46.7X4,T46.7X5,T46.7X6 ,,Ciclonicato,0,1,86280,F,0,,112057.0,"0,86280,",
C,T44.4X1,T44.4X2,T44.4X3,T44.4X4,T44.4X5,T44.4X6 ,,Ciclopentamina,0,1,86281,F,0,,112058.0,"0,86281,",
C,T50.2X1,T50.2X2,T50.2X3,T50.2X4,T50.2X5,T50.2X6 ,,Ciclopentiazida,0,1,86282,F,0,,112059.0,"0,86282,",
C,T44.3X1,T44.3X2,T44.3X3,T44.3X4,T44.3X5,T44.3X6 ,,Ciclopentolato,0,1,86283,F,0,,112060.0,"0,86283,",
C,T39.8X1,T39.8X2,T39.8X3,T39.8X4,T39.8X5,T39.8X6 ,,Ciclopirabital,0,1,86284,F,0,,112061.0,"0,86284,",
C,T49.0X1,T49.0X2,T49.0X3,T49.0X4,T49.0X5,T49.0X6 ,,Ciclopirox (olamina),0,1,86285,F,0,,112062.0,"0,86285,",
C,T49.5X1,T49.5X2,T49.5X3,T49.5X4,T49.5X5,T49.5X6 ,,"Ciclopléjico, medicamento",0,1,86286,F,0,,112063.0,"0,86286,",
C,T41.291,T41.292,T41.293,T41.294,T41.295,T41.296 ,,Ciclopropano,0,1,86287,F,0,,112064.0,"0,86287,",
C,T37.1X1,T37.1X2,T37.1X3,T37.1X4,T37.1X5,T37.1X6 ,,Cicloserina,0,1,86288,F,0,,112065.0,"0,86288,",
C,T45.1X1,T45.1X2,T45.1X3,T45.1X4,T45.1X5,T45.1X6 ,,Ciclosporina,0,1,86290,F,0,,112067.0,"0,86290,",
C,T50.2X1,T50.2X2,T50.2X3,T50.2X4,T50.2X5,T50.2X6 ,,Ciclotiazida,0,1,86291,F,0,,112068.0,"0,86291,",
C,T44.3X1,T44.3X2,T44.3X3,T44.3X4,T44.3X5,T44.3X6 ,,Cicrimina,0,1,86292,F,0,,112069.0,"0,86292,",
C,T62.2X1,T62.2X2,T62.2X3,T62.2X4,-,-- ,,Cicuta maculata o virosa,0,1,86295,F,0,,112072.0,"0,86295,",
C,T62.2X1,T62.2X2,T62.2X3,T62.2X4,-,-- ,,Cicutoxina,0,1,86296,F,0,,112073.0,"0,86296,",
C,T63.411,T63.412,T63.413,T63.414,-,-- ,,Ciempiés (picadura),0,1,86297,F,0,,112074.0,"0,86297,",
C,T60.2X1,T60.2X2,T60.2X3,T60.2X4,-,-- ,,Cifenotrina,0,1,86298,F,0,,112075.0,"0,86298,",
C,T65.221,T65.222,T65.223,T65.224,-,-- ,,Cigarrillos (tabaco),0,1,86299,F,0,,112076.0,"0,86299,",
C,T61.01,T61.02,T61.03,T61.04,-,-- ,,Ciguatoxina,0,1,86300,F,0,,112077.0,"0,86300,",
C,T46.4X1,T46.4X2,T46.4X3,T46.4X4,T46.4X5,T46.4X6 ,,Cilazapril,0,1,86301,F,0,,112078.0,"0,86301,",
C,T46.0X1,T46.0X2,T46.0X3,T46.0X4,T46.0X5,T46.0X6 ,,Cimarina,0,1,86302,F,0,,112079.0,"0,86302,",
C,T43.221,T43.222,T43.223,T43.224,T43.225,T43.226 ,,Cimeldina,0,1,86303,F,0,,112080.0,"0,86303,",
C,T47.0X1,T47.0X2,T47.0X3,T47.0X4,T47.0X5,T47.0X6 ,,Cimetidina,0,1,86304,F,0,,112081.0,"0,86304,",
C,T44.3X1,T44.3X2,T44.3X3,T44.3X4,T44.3X5,T44.3X6 ,,"Cimetropio, bromuro de",0,1,86305,F,0,,112082.0,"0,86305,",
C,T48.5X1,T48.5X2,T48.5X3,T48.5X4,T48.5X5,T48.5X6 ,,Cinamedrina,0,1,86306,F,0,,112083.0,"0,86306,",
C,T45.0X1,T45.0X2,T45.0X3,T45.0X4,T45.0X5,T45.0X6 ,,Cinaricina,0,1,86307,F,0,,112084.0,"0,86307,",
C,T37.2X1,T37.2X2,T37.2X3,T37.2X4,T37.2X5,T37.2X6 ,,Cinchona,0,1,86308,F,0,,112085.0,"0,86308,",
C,T37.2X1,T37.2X2,T37.2X3,T37.2X4,T37.2X5,T37.2X6 ,,Cinchonine alcaloides,0,1,86309,F,0,,112086.0,"0,86309,",
C,T41.3X1,T41.3X2,T41.3X3,T41.3X4,T41.3X5,T41.3X6 ,,Cincocaína,0,0,86310,F,0,,112087.0,"0,86310,",
C,T50.4X1,T50.4X2,T50.4X3,T50.4X4,T50.4X5,T50.4X6 ,,Cincofeno,0,1,86312,F,0,,112089.0,"0,86312,",
C,T46.7X1,T46.7X2,T46.7X3,T46.7X4,T46.7X5,T46.7X6 ,,Cinepazida,0,1,86313,F,0,,112090.0,"0,86313,",
C,T37.8X1,T37.8X2,T37.8X3,T37.8X4,T37.8X5,T37.8X6 ,,Cinoxacina,0,1,86314,F,0,,112091.0,"0,86314,",
C,T60.1X1,T60.1X2,T60.1X3,T60.1X4,-,-- ,,Cipermetrina,0,1,86315,F,0,,112092.0,"0,86315,",
C,T46.6X1,T46.6X2,T46.6X3,T46.6X4,T46.6X5,T46.6X6 ,,Ciprofibrato,0,1,86316,F,0,,112093.0,"0,86316,",
C,T36.8X1,T36.8X2,T36.8X3,T36.8X4,T36.8X5,T36.8X6 ,,Ciprofloxacino,0,1,86317,F,0,,112094.0,"0,86317,",
C,T45.0X1,T45.0X2,T45.0X3,T45.0X4,T45.0X5,T45.0X6 ,,Ciproheptadina,0,1,86318,F,0,,112095.0,"0,86318,",
C,T38.6X1,T38.6X2,T38.6X3,T38.6X4,T38.6X5,T38.6X6 ,,Ciproterona,0,1,86319,F,0,,112096.0,"0,86319,",
C,T47.8X1,T47.8X2,T47.8X3,T47.8X4,T47.8X5,T47.8X6 ,,Cisaprida,0,1,86320,F,0,,112097.0,"0,86320,",
C,T45.1X1,T45.1X2,T45.1X3,T45.1X4,T45.1X5,T45.1X6 ,,Cisplatino,0,1,86321,F,0,,112098.0,"0,86321,",
C,T50.6X1,T50.6X2,T50.6X3,T50.6X4,T50.6X5,T50.6X6 ,,Cisteamina,0,1,86322,F,0,,112099.0,"0,86322,",
C,T43.221,T43.222,T43.223,T43.224,T43.225,T43.226 ,,Citalopram,0,1,86323,F,0,,112100.0,"0,86323,",
C,T41.3X1,T41.3X2,T41.3X3,T41.3X4,T41.3X5,T41.3X6 ,,Citanest,0,0,86324,F,0,,112101.0,"0,86324,",
C,T45.1X1,T45.1X2,T45.1X3,T45.1X4,T45.1X5,T45.1X6 ,,Citarabina,0,1,86327,F,0,,112104.0,"0,86327,",
C,T45.7X1,T45.7X2,T45.7X3,T45.7X4,T45.7X5,T45.7X6 ,,Citocima,0,1,86328,F,0,,112105.0,"0,86328,",
C,T47.5X1,T47.5X2,T47.5X3,T47.5X4,T47.5X5,T47.5X6 ,,Citocromo C,0,1,86329,F,0,,112106.0,"0,86329,",
C,T38.1X1,T38.1X2,T38.1X3,T38.1X4,T38.1X5,T38.1X6 ,,Citomel,0,1,86330,F,0,,112107.0,"0,86330,",
C,T45.1X1,T45.1X2,T45.1X3,T45.1X4,T45.1X5,T45.1X6 ,,Citosina (antineoplásico),0,1,86331,F,0,,112108.0,"0,86331,",
C,T45.1X1,T45.1X2,T45.1X3,T45.1X4,T45.1X5,T45.1X6 ,,"Citosina, arabinósido",0,1,86332,F,0,,112109.0,"0,86332,",
C,T45.1X1,T45.1X2,T45.1X3,T45.1X4,T45.1X5,T45.1X6 ,,Citoxan,0,1,86333,F,0,,112110.0,"0,86333,",
C,T45.8X1,T45.8X2,T45.8X3,T45.8X4,T45.8X5,T45.8X6 ,,Citrovorum (factor),0,1,86335,F,0,,112112.0,"0,86335,",
C,T62.2X1,T62.2X2,T62.2X3,T62.2X4,-,-- ,,Claviceps purpurea,0,1,86336,F,0,,112113.0,"0,86336,",
C,T36.1X1,T36.1X2,T36.1X3,T36.1X4,T36.1X5,T36.1X6 ,,"Clavulánico, ácido ",0,1,86337,F,0,,112114.0,"0,86337,",
C,T47.8X1,T47.8X2,T47.8X3,T47.8X4,T47.8X5,T47.8X6 ,,Cleboprida,0,1,86338,F,0,,112115.0,"0,86338,",
C,T37.3X1,T37.3X2,T37.3X3,T37.3X4,T37.3X5,T37.3X6 ,,Clefamida,0,1,86339,F,0,,112116.0,"0,86339,",
C,T45.0X1,T45.0X2,T45.0X3,T45.0X4,T45.0X5,T45.0X6 ,,Clemastina,0,1,86340,F,0,,112117.0,"0,86340,",
C,T62.2X1,T62.2X2,T62.2X3,T62.2X4,-,-- ,,Clematis vitalba,0,1,86341,F,0,,112118.0,"0,86341,",
C,T45.0X1,T45.0X2,T45.0X3,T45.0X4,T45.0X5,T45.0X6 ,,Clemizol,0,0,86342,F,0,,112119.0,"0,86342,",
C,T48.6X1,T48.6X2,T48.6X3,T48.6X4,T48.6X5,T48.6X6 ,,Clenbuterol,0,1,86344,F,0,,112121.0,"0,86344,",
C,T44.3X1,T44.3X2,T44.3X3,T44.3X4,T44.3X5,T44.3X6 ,,"Clidinio, bromuro de",0,1,86345,F,0,,112122.0,"0,86345,",
C,T36.8X1,T36.8X2,T36.8X3,T36.8X4,T36.8X5,T36.8X6 ,,Clindamicina,0,1,86346,F,0,,112123.0,"0,86346,",
C,T46.6X1,T46.6X2,T46.6X3,T46.6X4,T46.6X5,T46.6X6 ,,Clinofibrato,0,1,86347,F,0,,112124.0,"0,86347,",
C,T37.8X1,T37.8X2,T37.8X3,T37.8X4,T37.8X5,T37.8X6 ,,Clioquinol,0,1,86348,F,0,,112125.0,"0,86348,",
C,T40.2X1,T40.2X2,T40.2X3,T40.2X4,T40.2X5,T40.2X6 ,,Cliradón,0,1,86349,F,0,,112126.0,"0,86349,",
C,T42.4X1,T42.4X2,T42.4X3,T42.4X4,T42.4X5,T42.4X6 ,,Clobazam,0,1,86350,F,0,,112127.0,"0,86350,",
C,T50.5X1,T50.5X2,T50.5X3,T50.5X4,T50.5X5,T50.5X6 ,,Clobenzorex,0,1,86351,F,0,,112128.0,"0,86351,",
C,T49.0X1,T49.0X2,T49.0X3,T49.0X4,T49.0X5,T49.0X6 ,,Clobetasol,0,1,86352,F,0,,112129.0,"0,86352,",
C,T49.0X1,T49.0X2,T49.0X3,T49.0X4,T49.0X5,T49.0X6 ,,Clobetasona,0,1,86353,F,0,,112130.0,"0,86353,",
C,T48.3X1,T48.3X2,T48.3X3,T48.3X4,T48.3X5,T48.3X6 ,,Clobutinol,0,1,86354,F,0,,112131.0,"0,86354,",
C,T38.0X1,T38.0X2,T38.0X3,T38.0X4,T38.0X5,T38.0X6 ,,Clocortolona,0,1,86355,F,0,,112132.0,"0,86355,",
C,T49.0X1,T49.0X2,T49.0X3,T49.0X4,T49.0X5,T49.0X6 ,,Clodantoína,0,1,86356,F,0,,112133.0,"0,86356,",
C,T50.991,T50.992,T50.993,T50.994,T50.995,T50.996 ,,"Clodrónico, ácido",0,1,86357,F,0,,112134.0,"0,86357,",
C,T37.1X1,T37.1X2,T37.1X3,T37.1X4,T37.1X5,T37.1X6 ,,Clofazimina,0,1,86358,F,0,,112135.0,"0,86358,",
C,T48.3X1,T48.3X2,T48.3X3,T48.3X4,T48.3X5,T48.3X6 ,,Clofedanol,0,1,86359,F,0,,112136.0,"0,86359,",
C,T48.3X1,T48.3X2,T48.3X3,T48.3X4,T48.3X5,T48.3X6 ,,Clofedianol,0,1,86361,F,0,,112138.0,"0,86361,",
C,T50.2X1,T50.2X2,T50.2X3,T50.2X4,T50.2X5,T50.2X6 ,,Clofenamida,0,1,86362,F,0,,112139.0,"0,86362,",
C,T49.0X1,T49.0X2,T49.0X3,T49.0X4,T49.0X5,T49.0X6 ,,Clofenotana,0,1,86363,F,0,,112140.0,"0,86363,",
C,T39.2X1,T39.2X2,T39.2X3,T39.2X4,T39.2X5,T39.2X6 ,,Clofezona,0,1,86364,F,0,,112141.0,"0,86364,",
C,T46.6X1,T46.6X2,T46.6X3,T46.6X4,T46.6X5,T46.6X6 ,,Clofibrato,0,1,86365,F,0,,112142.0,"0,86365,",
C,T46.6X1,T46.6X2,T46.6X3,T46.6X4,T46.6X5,T46.6X6 ,,Clofibride,0,1,86366,F,0,,112143.0,"0,86366,",
C,T50.5X1,T50.5X2,T50.5X3,T50.5X4,T50.5X5,T50.5X6 ,,Cloforex,0,1,86367,F,0,,112144.0,"0,86367,",
C,T42.6X1,T42.6X2,T42.6X3,T42.6X4,T42.6X5,T42.6X6 ,,Clometiazol,0,1,86368,F,0,,112145.0,"0,86368,",
C,T36.0X1,T36.0X2,T36.0X3,T36.0X4,T36.0X5,T36.0X6 ,,Clometocilina,0,1,86369,F,0,,112146.0,"0,86369,",
C,T38.5X1,T38.5X2,T38.5X3,T38.5X4,T38.5X5,T38.5X6 ,,Clomifeno,0,1,86371,F,0,,112148.0,"0,86371,",
C,T43.011,T43.012,T43.013,T43.014,T43.015,T43.016 ,,Clomipramina,0,1,86372,F,0,,112149.0,"0,86372,",
C,T36.4X1,T36.4X2,T36.4X3,T36.4X4,T36.4X5,T36.4X6 ,,Clomociclina,0,1,86373,F,0,,112150.0,"0,86373,",
C,T42.4X1,T42.4X2,T42.4X3,T42.4X4,T42.4X5,T42.4X6 ,,Clonazepam,0,1,86374,F,0,,112151.0,"0,86374,",
C,T46.5X1,T46.5X2,T46.5X3,T46.5X4,T46.5X5,T46.5X6 ,,Clonidina,0,1,86375,F,0,,112152.0,"0,86375,",
C,T39.8X1,T39.8X2,T39.8X3,T39.8X4,T39.8X5,T39.8X6 ,,Clonixina,0,1,86376,F,0,,112153.0,"0,86376,",
C,T50.2X1,T50.2X2,T50.2X3,T50.2X4,T50.2X5,T50.2X6 ,,Clopamida,0,1,86377,F,0,,112154.0,"0,86377,",
C,T43.4X1,T43.4X2,T43.4X3,T43.4X4,T43.4X5,T43.4X6 ,,Clopentixol,0,1,86378,F,0,,112155.0,"0,86378,",
C,T48.3X1,T48.3X2,T48.3X3,T48.3X4,T48.3X5,T48.3X6 ,,Cloperastina,0,1,86379,F,0,,112156.0,"0,86379,",
C,T36.2X1,T36.2X2,T36.2X3,T36.2X4,T36.2X5,T36.2X6 ,,Cloponona,0,1,86380,F,0,,112157.0,"0,86380,",
C,T38.0X1,T38.0X2,T38.0X3,T38.0X4,T38.0X5,T38.0X6 ,,Cloprednol,0,1,86381,F,0,,112158.0,"0,86381,",
C,,,,,, ,,Clorado,0,0,86382,F,0,,112159.0,"0,86382,",
C,T42.6X1,T42.6X2,T42.6X3,T42.6X4,T42.6X5,T42.6X6 ,,Cloral,0,0,86394,F,0,,112171.0,"0,86394,",
C,T42.6X1,T42.6X2,T42.6X3,T42.6X4,T42.6X5,T42.6X6 ,,Cloral (betaína) (formamida) (hidrato),0,1,86397,F,0,,112174.0,"0,86397,",
C,T42.6X1,T42.6X2,T42.6X3,T42.6X4,T42.6X5,T42.6X6 ,,Cloralamida,0,1,86399,F,0,,112176.0,"0,86399,",
C,T42.6X1,T42.6X2,T42.6X3,T42.6X4,T42.6X5,T42.6X6 ,,Cloralodol,0,1,86400,F,0,,112177.0,"0,86400,",
C,T60.4X1,T60.4X2,T60.4X3,T60.4X4,-,-- ,,Cloralosa,0,1,86401,F,0,,112178.0,"0,86401,",
C,T45.1X1,T45.1X2,T45.1X3,T45.1X4,T45.1X5,T45.1X6 ,,Clorambucil,0,1,86402,F,0,,112179.0,"0,86402,",
C,T57.8X1,T57.8X2,T57.8X3,T57.8X4,-,--,,Cloramina,0,0,86404,F,0,,112181.0,"0,86404,",
C,T36.2X1,T36.2X2,T36.2X3,T36.2X4,T36.2X5,T36.2X6 ,,Cloranfenicol,0,0,86405,F,0,,112184.0,"0,86405,",
C,T60.3X1,T60.3X2,T60.3X3,T60.3X4,-,-- ,,Clorato (potasio) (sodio) NCOC,0,0,86410,F,0,,112189.0,"0,86410,",
C,T50.2X1,T50.2X2,T50.2X3,T50.2X4,T50.2X5,T50.2X6 ,,Clorazanil,0,1,86412,F,0,,112191.0,"0,86412,",
C,T42.4X1,T42.4X2,T42.4X3,T42.4X4,T42.4X5,T42.4X6 ,,Clorazepato (dipotásico),0,1,86413,F,0,,112192.0,"0,86413,",
C,T53.7X1,T53.7X2,T53.7X3,T53.7X4,-,-- ,,"Clorbenzeno, clorbenzol",0,1,86414,F,0,,112193.0,"0,86414,",
C,T44.3X1,T44.3X2,T44.3X3,T44.3X4,T44.3X5,T44.3X6 ,,Clorbenzoxamina,0,1,86415,F,0,,112194.0,"0,86415,",
C,T42.6X1,T42.6X2,T42.6X3,T42.6X4,T42.6X5,T42.6X6 ,,Clorbutol,0,1,86416,F,0,,112195.0,"0,86416,",
C,T45.0X1,T45.0X2,T45.0X3,T45.0X4,T45.0X5,T45.0X6 ,,Clorciclicina,0,1,86417,F,0,,112196.0,"0,86417,",
C,T60.1X1,T60.1X2,T60.1X3,T60.1X4,-,-- ,,Clordano (polvo),0,1,86418,F,0,,112197.0,"0,86418,",
C,T49.0X1,T49.0X2,T49.0X3,T49.0X4,T49.0X5,T49.0X6 ,,Clordantoína,0,1,86419,F,0,,112198.0,"0,86419,",
C,T42.4X1,T42.4X2,T42.4X3,T42.4X4,T42.4X5,T42.4X6 ,,Clordiazepóxido,0,1,86420,F,0,,112199.0,"0,86420,",
C,T49.3X1,T49.3X2,T49.3X3,T49.3X4,T49.3X5,T49.3X6 ,,Clordietil benzamida,0,1,86421,F,0,,112200.0,"0,86421,",
C,T49.8X1,T49.8X2,T49.8X3,T49.8X4,T49.8X5,T49.8X6 ,,Cloresio,0,1,86422,F,0,,112201.0,"0,86422,",
C,T42.6X1,T42.6X2,T42.6X3,T42.6X4,T42.6X5,T42.6X6 ,,Cloretiazol,0,1,86423,F,0,,112202.0,"0,86423,",
C,,,,,,,,"Cloretil - véase Etílico, cloruro",0,1,86424,F,0,,112203.0,"0,86424,",
C,T42.6X1,T42.6X2,T42.6X3,T42.6X4,T42.6X5,T42.6X6 ,,Cloretona,0,1,86425,F,0,,112204.0,"0,86425,",
C,T53.6X1,T53.6X2,T53.6X3,T53.6X4,-,-- ,,Clorex,0,0,86426,F,0,,112205.0,"0,86426,",
C,T50.2X1,T50.2X2,T50.2X3,T50.2X4,T50.2X5,T50.2X6 ,,Clorexolona,0,1,86428,F,0,,112207.0,"0,86428,",
C,T45.0X1,T45.0X2,T45.0X3,T45.0X4,T45.0X5,T45.0X6 ,,Clorfenamina,0,1,86430,F,0,,112209.0,"0,86430,",
C,T42.8X1,T42.8X2,T42.8X3,T42.8X4,T42.8X5,T42.8X6 ,,Clorfenesina,0,0,86431,F,0,,112210.0,"0,86431,",
C,T45.0X1,T45.0X2,T45.0X3,T45.0X4,T45.0X5,T45.0X6 ,,Clorfeniramina,0,1,86433,F,0,,112212.0,"0,86433,",
C,T45.0X1,T45.0X2,T45.0X3,T45.0X4,T45.0X5,T45.0X6 ,,Clorfenoxamina,0,1,86434,F,0,,112213.0,"0,86434,",
C,T50.5X1,T50.5X2,T50.5X3,T50.5X4,T50.5X5,T50.5X6 ,,Clorfentermina,0,1,86435,F,0,,112214.0,"0,86435,",
C,T60.0X1,T60.0X2,T60.0X3,T60.0X4,-,-- ,,Clorfenvinfos,0,1,86436,F,0,,112215.0,"0,86436,",
C,T43.1X1,T43.1X2,T43.1X3,T43.1X4,T43.1X5,T43.1X6 ,,Clorgilina,0,1,86437,F,0,,112216.0,"0,86437,",
C,T42.6X1,T42.6X2,T42.6X3,T42.6X4,T42.6X5,T42.6X6 ,,Clorhexadol,0,1,86438,F,0,,112217.0,"0,86438,",
C,T45.1X1,T45.1X2,T45.1X3,T45.1X4,T45.1X5,T45.1X6 ,,Clorhexamida,0,1,86439,F,0,,112218.0,"0,86439,",
C,T49.0X1,T49.0X2,T49.0X3,T49.0X4,T49.0X5,T49.0X6 ,,Clorhexidina,0,1,86440,F,0,,112219.0,"0,86440,",
C,T49.0X1,T49.0X2,T49.0X3,T49.0X4,T49.0X5,T49.0X6 ,,Clorhidroxiquinolina,0,1,86444,F,0,,112223.0,"0,86444,",
C,T54.2X1,T54.2X2,T54.2X3,T54.2X4,-,-- ,,"Clorhídrico, ácido (líquido)",0,0,86441,F,0,,112220.0,"0,86441,",
C,T43.011,T43.012,T43.013,T43.014,T43.015,T43.016 ,,Clorimipramina,0,1,86445,F,0,,112224.0,"0,86445,",
C,T46.991,T46.992,T46.993,T46.994,T46.995,T46.996 ,,"Clorisondamina, cloruro de",0,1,86446,F,0,,112225.0,"0,86446,",
C,T38.5X1,T38.5X2,T38.5X3,T38.5X4,T38.5X5,T38.5X6 ,,Clormadinona,0,1,86447,F,0,,112226.0,"0,86447,",
C,T50.2X1,T50.2X2,T50.2X3,T50.2X4,T50.2X5,T50.2X6 ,,Clormerodrín,0,1,86448,F,0,,112227.0,"0,86448,",
C,T42.6X1,T42.6X2,T42.6X3,T42.6X4,T42.6X5,T42.6X6 ,,Clormetiazol,0,1,86449,F,0,,112228.0,"0,86449,",
C,T36.4X1,T36.4X2,T36.4X3,T36.4X4,T36.4X5,T36.4X6 ,,Clormetileneciclina,0,1,86450,F,0,,112229.0,"0,86450,",
C,T45.1X1,T45.1X2,T45.1X3,T45.1X4,T45.1X5,T45.1X6 ,,Clormetina,0,1,86451,F,0,,112230.0,"0,86451,",
C,T42.6X1,T42.6X2,T42.6X3,T42.6X4,T42.6X5,T42.6X6 ,,Clormezanona,0,1,86452,F,0,,112231.0,"0,86452,",
C,T59.4X1,T59.4X2,T59.4X3,T59.4X4,-,-- ,,Cloro (gas),0,0,86453,F,0,,112232.0,"0,86453,",
C,T59.3X1,T59.3X2,T59.3X3,T59.3X4,-,-- ,,Cloroacetofenona,0,1,86459,F,0,,112238.0,"0,86459,",
C,T59.3X1,T59.3X2,T59.3X3,T59.3X4,-,-- ,,Cloroacetona,0,1,86460,F,0,,112239.0,"0,86460,",
C,T60.3X1,T60.3X2,T60.3X3,T60.3X4,-,-- ,,"Cloroacético, ácido ",0,1,86458,F,0,,112237.0,"0,86458,",
C,T53.7X1,T53.7X2,T53.7X3,T53.7X4,-,-- ,,Cloroanilina,0,1,86461,F,0,,112240.0,"0,86461,",
C,T53.7X1,T53.7X2,T53.7X3,T53.7X4,-,-- ,,"Clorobenceno, clorobenzol",0,1,86462,F,0,,112241.0,"0,86462,",
C,T53.6X1,T53.6X2,T53.6X3,T53.6X4,-,-- ,,Clorobromometano (extintor),0,1,86463,F,0,,112242.0,"0,86463,",
C,T49.0X1,T49.0X2,T49.0X3,T49.0X4,T49.0X5,T49.0X6 ,,Clorobutanol,0,1,86464,F,0,,112243.0,"0,86464,",
C,T49.0X1,T49.0X2,T49.0X3,T49.0X4,T49.0X5,T49.0X6 ,,Clorocresol,0,1,86465,F,0,,112244.0,"0,86465,",
C,T38.7X1,T38.7X2,T38.7X3,T38.7X4,T38.7X5,T38.7X6 ,,Clorodehidro-metiltestosterona,0,1,86466,F,0,,112245.0,"0,86466,",
C,T53.7X1,T53.7X2,T53.7X3,T53.7X4,-,-- ,,Clorodifenilo,0,1,86467,F,0,,112246.0,"0,86467,",
C,,,,,,,,"Cloroetano - véase Etílico, cloruro",0,1,86468,F,0,,112247.0,"0,86468,",
C,T53.6X1,T53.6X2,T53.6X3,T53.6X4,-,-- ,,Cloroetileno,0,1,86469,F,0,,112248.0,"0,86469,",
C,T60.4X1,T60.4X2,T60.4X3,T60.4X4,-,-- ,,Clorofacinona,0,1,86470,F,0,,112249.0,"0,86470,",
C,T53.7X1,T53.7X2,T53.7X3,T53.7X4,-,-- ,,Clorofenol,0,1,86471,F,0,,112250.0,"0,86471,",
C,T60.1X1,T60.1X2,T60.1X3,T60.1X4,-,-- ,,Clorofenotano,0,1,86472,F,0,,112251.0,"0,86472,",
C,T50.991,T50.992,T50.993,T50.994,T50.995,T50.996 ,,Clorofila,0,1,86473,F,0,,112252.0,"0,86473,",
C,T53.5X1,T53.5X2,T53.5X3,T53.5X4,-,-- ,,Clorofluorocarbonos,0,1,86474,F,0,,112253.0,"0,86474,",
C,T53.1X1,T53.1X2,T53.1X3,T53.1X4,-,-- ,,Cloroformo (humos) (emanaciones),0,0,86475,F,0,,112254.0,"0,86475,",
C,T37.2X1,T37.2X2,T37.2X3,T37.2X4,T37.2X5,T37.2X6 ,,Cloroguanida,0,1,86479,F,0,,112258.0,"0,86479,",
C,T36.2X1,T36.2X2,T36.2X3,T36.2X4,T36.2X5,T36.2X6 ,,Cloromicetina,0,0,86480,F,0,,112259.0,"0,86480,",
C,T53.7X1,T53.7X2,T53.7X3,T53.7X4,-,-- ,,Cloronitrobenceno,0,0,86485,F,0,,112264.0,"0,86485,",
C,T53.6X1,T53.6X2,T53.6X3,T53.6X4,-,-- ,,Cloropicrina (gases),0,0,86487,F,0,,112266.0,"0,86487,",
C,T45.0X1,T45.0X2,T45.0X3,T45.0X4,T45.0X5,T45.0X6 ,,Cloropiramina,0,1,86491,F,0,,112270.0,"0,86491,",
C,T60.0X1,T60.0X2,T60.0X3,T60.0X4,-,-- ,,Cloropirifos,0,1,86492,F,0,,112271.0,"0,86492,",
C,T45.0X1,T45.0X2,T45.0X3,T45.0X4,T45.0X5,T45.0X6 ,,Cloropirileno,0,1,86493,F,0,,112272.0,"0,86493,",
C,T41.3X1,T41.3X2,T41.3X3,T41.3X4,T41.3X5,T41.3X6 ,,Cloroprocaína,0,0,86494,F,0,,112273.0,"0,86494,",
C,T49.5X1,T49.5X2,T49.5X3,T49.5X4,T49.5X5,T49.5X6 ,,Cloroptic,0,1,86498,F,0,,112277.0,"0,86498,",
C,T45.1X1,T45.1X2,T45.1X3,T45.1X4,T45.1X5,T45.1X6 ,,Cloropurina,0,1,86499,F,0,,112278.0,"0,86499,",
C,T37.2X1,T37.2X2,T37.2X3,T37.2X4,T37.2X5,T37.2X6 ,,Cloroquina,0,1,86500,F,0,,112279.0,"0,86500,",
C,T45.0X1,T45.0X2,T45.0X3,T45.0X4,T45.0X5,T45.0X6 ,,Cloroteno,0,1,86501,F,0,,112280.0,"0,86501,",
C,T44.3X1,T44.3X2,T44.3X3,T44.3X4,T44.3X5,T44.3X6 ,,Clorotepina,0,1,86502,F,0,,112281.0,"0,86502,",
C,T50.2X1,T50.2X2,T50.2X3,T50.2X4,T50.2X5,T50.2X6 ,,Clorotiazida,0,1,86503,F,0,,112282.0,"0,86503,",
C,T49.4X1,T49.4X2,T49.4X3,T49.4X4,T49.4X5,T49.4X6 ,,Clorotimol,0,1,86504,F,0,,112283.0,"0,86504,",
C,T38.5X1,T38.5X2,T38.5X3,T38.5X4,T38.5X5,T38.5X6 ,,Clorotrianiseno,0,1,86506,F,0,,112285.0,"0,86506,",
C,T57.0X1,T57.0X2,T57.0X3,T57.0X4,-,-- ,,"Clorovinildicloro-arsina, no en guerra",0,1,86507,F,0,,112286.0,"0,86507,",
C,T54.91,T54.92,T54.93,T54.94,-,-- ,,Clorox (lejía),0,1,86508,F,0,,112287.0,"0,86508,",
C,T49.0X1,T49.0X2,T49.0X3,T49.0X4,T49.0X5,T49.0X6 ,,Cloroxilenol,0,1,86509,F,0,,112288.0,"0,86509,",
C,T49.4X1,T49.4X2,T49.4X3,T49.4X4,T49.4X5,T49.4X6 ,,Cloroxina,0,1,86510,F,0,,112289.0,"0,86510,",
C,T48.6X1,T48.6X2,T48.6X3,T48.6X4,T48.6X5,T48.6X6 ,,Clorprenalina,0,1,86511,F,0,,112290.0,"0,86511,",
C,,,,,, ,,Clorprocaína - véase Cloroprocaína,0,1,86512,F,0,,112291.0,"0,86512,",
C,T37.2X1,T37.2X2,T37.2X3,T37.2X4,T37.2X5,T37.2X6 ,,Clorproguanil,0,1,86513,F,0,,112292.0,"0,86513,",
C,T43.3X1,T43.3X2,T43.3X3,T43.3X4,T43.3X5,T43.3X6 ,,Clorpromacina,0,1,86514,F,0,,112293.0,"0,86514,",
C,T38.3X1,T38.3X2,T38.3X3,T38.3X4,T38.3X5,T38.3X6 ,,Clorpropamida,0,1,86515,F,0,,112294.0,"0,86515,",
C,T43.4X1,T43.4X2,T43.4X3,T43.4X4,T43.4X5,T43.4X6 ,,Clorprotixeno,0,1,86516,F,0,,112295.0,"0,86516,",
C,T49.0X1,T49.0X2,T49.0X3,T49.0X4,T49.0X5,T49.0X6 ,,Clorquinaldol,0,1,86517,F,0,,112296.0,"0,86517,",
C,T49.0X1,T49.0X2,T49.0X3,T49.0X4,T49.0X5,T49.0X6 ,,Clorquinol,0,1,86518,F,0,,112297.0,"0,86518,",
C,T50.2X1,T50.2X2,T50.2X3,T50.2X4,T50.2X5,T50.2X6 ,,Clortalidona,0,1,86520,F,0,,112299.0,"0,86520,",
C,T60.3X1,T60.3X2,T60.3X3,T60.3X4,-,-- ,,Clortalonilo,0,1,86521,F,0,,112300.0,"0,86521,",
C,T50.5X1,T50.5X2,T50.5X3,T50.5X4,T50.5X5,T50.5X6 ,,Clortermina,0,1,86522,F,0,,112301.0,"0,86522,",
C,T36.4X1,T36.4X2,T36.4X3,T36.4X4,T36.4X5,T36.4X6 ,,Clortetraciclina,0,1,86523,F,0,,112302.0,"0,86523,",
C,T60.0X1,T60.0X2,T60.0X3,T60.0X4,-,-- ,,Clortiofos,0,1,86524,F,0,,112303.0,"0,86524,",
C,T42.8X1,T42.8X2,T42.8X3,T42.8X4,T42.8X5,T42.8X6 ,,Clorzoxazona,0,1,86525,F,0,,112304.0,"0,86525,",
C,T43.591,T43.592,T43.593,T43.594,T43.595,T43.596 ,,Clotiapina,0,1,86526,F,0,,112305.0,"0,86526,",
C,T42.4X1,T42.4X2,T42.4X3,T42.4X4,T42.4X5,T42.4X6 ,,Clotiazepam,0,1,86527,F,0,,112306.0,"0,86527,",
C,T46.6X1,T46.6X2,T46.6X3,T46.6X4,T46.6X5,T46.6X6 ,,Clotibric ácido,0,1,86528,F,0,,112307.0,"0,86528,",
C,T49.0X1,T49.0X2,T49.0X3,T49.0X4,T49.0X5,T49.0X6 ,,Clotrimazol,0,1,86529,F,0,,112308.0,"0,86529,",
C,T36.0X1,T36.0X2,T36.0X3,T36.0X4,T36.0X5,T36.0X6 ,,Cloxacilina,0,1,86530,F,0,,112309.0,"0,86530,",
C,T42.4X1,T42.4X2,T42.4X3,T42.4X4,T42.4X5,T42.4X6 ,,Cloxazolam,0,1,86531,F,0,,112310.0,"0,86531,",
C,T49.0X1,T49.0X2,T49.0X3,T49.0X4,T49.0X5,T49.0X6 ,,Cloxiquina,0,1,86532,F,0,,112311.0,"0,86532,",
C,T42.4X1,T42.4X2,T42.4X3,T42.4X4,T42.4X5,T42.4X6 ,,Clozapina,0,1,86533,F,0,,112312.0,"0,86533,",
C,T45.7X1,T45.7X2,T45.7X3,T45.7X4,T45.7X5,T45.7X6 ,,Coagulante NCOC,0,1,86534,F,0,,112313.0,"0,86534,",
C,T45.2X1,T45.2X2,T45.2X3,T45.2X4,T45.2X5,T45.2X6 ,,Cobalamina,0,1,86535,F,0,,112314.0,"0,86535,",
C,T56.891,T56.892,T56.893,T56.894,-,-- ,,Cobalto (no medicinal) (humo) (industrial),0,0,86536,F,0,,112315.0,"0,86536,",
C,T63.041,T63.042,T63.043,T63.044,-,-- ,,Cobra (veneno),0,1,86538,F,0,,112317.0,"0,86538,",
C,T56.4X1,T56.4X2,T56.4X3,T56.4X4,-,-- ,,Cobre (polvo) (emanaciones) (no medicinal) NCOC,0,0,86539,F,0,,112318.0,"0,86539,",
C,T40.5X1,T40.5X2,T40.5X3,T40.5X4,T40.5X5,T40.5X6,,Coca (hoja),0,1,86562,F,0,,112341.0,"0,86562,",
C,T58.2X1,T58.2X2,T58.2X3,T58.2X4,-,-- ,,"Coca, humos o gases (monóxido de carbono)",0,0,86563,F,0,,112342.0,"0,86563,",
C,T45.3X1,T45.3X2,T45.3X3,T45.3X4,T45.3X5,T45.3X6 ,,Cocarboxilasa,0,1,86567,F,0,,112346.0,"0,86567,",
C,T40.5X1,T40.5X2,T40.5X3,T40.5X4,T40.5X5,T40.5X6 ,,Cocaína,0,0,86565,F,0,,112344.0,"0,86565,",
C,T50.8X1,T50.8X2,T50.8X3,T50.8X4,T50.8X5,T50.8X6 ,,Coccidioidina,0,1,86568,F,0,,112347.0,"0,86568,",
C,T62.1X1,T62.1X2,T62.1X3,T62.1X4,-,-- ,,Cocculus indicus,0,1,86569,F,0,,112348.0,"0,86569,",
C,T65.6X1,T65.6X2,T65.6X3,T65.6X4,-,-- ,,Cochinilla,0,0,86570,F,0,,112349.0,"0,86570,",
C,T45.2X1,T45.2X2,T45.2X3,T45.2X4,T45.2X5,T45.2X6 ,,Cocima,0,1,86572,F,0,,112351.0,"0,86572,",
C,T40.2X1,T40.2X2,T40.2X3,T40.2X4,T40.2X5,T40.2X6 ,,Codeína,0,1,86573,F,0,,112352.0,"0,86573,",
C,T50.991,T50.992,T50.993,T50.994,T50.995,T50.996 ,,Coenzima A,0,1,86574,F,0,,112353.0,"0,86574,",
C,T50.991,T50.992,T50.993,T50.994,T50.995,T50.996 ,,Cogalactoiso-polimerasa,0,1,86575,F,0,,112354.0,"0,86575,",
C,T44.3X1,T44.3X2,T44.3X3,T44.3X4,T44.3X5,T44.3X6 ,,Cogentina,0,1,86576,F,0,,112355.0,"0,86576,",
C,T47.4X1,T47.4X2,T47.4X3,T47.4X4,T47.4X5,T47.4X6 ,,Colace,0,1,86577,F,0,,112356.0,"0,86577,",
C,T49.4X1,T49.4X2,T49.4X3,T49.4X4,T49.4X5,T49.4X6 ,,Colagenasa,0,1,86578,F,0,,112357.0,"0,86578,",
C,T47.5X1,T47.5X2,T47.5X3,T47.5X4,T47.5X5,T47.5X6 ,,Colagogos,0,1,86580,F,0,,112359.0,"0,86580,",
C,T45.1X1,T45.1X2,T45.1X3,T45.1X4,T45.1X5,T45.1X6 ,,Colaspasa,0,1,86581,F,0,,112360.0,"0,86581,",
C,T50.4X1,T50.4X2,T50.4X3,T50.4X4,T50.4X5,T50.4X6 ,,Colchicina,0,1,86582,F,0,,112361.0,"0,86582,",
C,T62.2X1,T62.2X2,T62.2X3,T62.2X4,-,-- ,,Colchicum,0,1,86583,F,0,,112362.0,"0,86583,",
C,T50.8X1,T50.8X2,T50.8X3,T50.8X4,T50.8X5,T50.8X6 ,,Colebrina,0,1,86584,F,0,,112363.0,"0,86584,",
C,T45.2X1,T45.2X2,T45.2X3,T45.2X4,T45.2X5,T45.2X6 ,,Colecalciferol,0,1,86586,F,0,,112365.0,"0,86586,",
C,T50.8X1,T50.8X2,T50.8X3,T50.8X4,T50.8X5,T50.8X6 ,,Colecistoquinina,0,1,86587,F,0,,112366.0,"0,86587,",
C,T47.5X1,T47.5X2,T47.5X3,T47.5X4,T47.5X5,T47.5X6 ,,Colerético,0,1,86589,F,0,,112368.0,"0,86589,",
C,T46.6X1,T46.6X2,T46.6X3,T46.6X4,T46.6X5,T46.6X6 ,,"Colesterol, agentes que reducen el ",0,1,86590,F,0,,112369.0,"0,86590,",
C,T46.6X1,T46.6X2,T46.6X3,T46.6X4,T46.6X5,T46.6X6 ,,Colestipol,0,1,86591,F,0,,112370.0,"0,86591,",
C,T46.6X1,T46.6X2,T46.6X3,T46.6X4,T46.6X5,T46.6X6 ,,Colestiramina (resina),0,1,86593,F,0,,112372.0,"0,86593,",
C,T36.8X1,T36.8X2,T36.8X3,T36.8X4,T36.8X5,T36.8X6 ,,Colimicina,0,1,86595,F,0,,112374.0,"0,86595,",
C,T48.6X1,T48.6X2,T48.6X3,T48.6X4,T48.6X5,T48.6X6 ,,Colina,0,0,86596,F,0,,112375.0,"0,86596,",
C,T50.6X1,T50.6X2,T50.6X3,T50.6X4,T50.6X5,T50.6X6 ,,"Colinesterasa, reactivador de",0,1,86607,F,0,,112386.0,"0,86607,",
C,T44.1X1,T44.1X2,T44.1X3,T44.1X4,T44.1X5,T44.1X6 ,,Colinérgico (fármaco) NCOC,0,0,86601,F,0,,112380.0,"0,86601,",
C,T36.8X1,T36.8X2,T36.8X3,T36.8X4,T36.8X5,T36.8X6 ,,Colistimetato,0,1,86608,F,0,,112387.0,"0,86608,",
C,T36.8X1,T36.8X2,T36.8X3,T36.8X4,T36.8X5,T36.8X6 ,,Colistina,0,0,86609,F,0,,112388.0,"0,86609,",
C,T49.3X1,T49.3X2,T49.3X3,T49.3X4,T49.3X5,T49.3X6 ,,Colodión,0,1,86611,F,0,,112390.0,"0,86611,",
C,T49.3X1,T49.3X2,T49.3X3,T49.3X4,T49.3X5,T49.3X6 ,,Colofonia adhesiva,0,1,86612,F,0,,112391.0,"0,86612,",
C,T50.8X1,T50.8X2,T50.8X3,T50.8X4,T50.8X5,T50.8X6 ,,Colografina,0,1,86613,F,0,,112392.0,"0,86613,",
C,T47.2X1,T47.2X2,T47.2X3,T47.2X4,T47.2X5,T47.2X6 ,,Coloquíntida,0,1,86614,F,0,,112393.0,"0,86614,",
C,T50.991,T50.992,T50.993,T50.994,T50.995,T50.996 ,,Colorante - véase además Tinte,0,1,86615,F,0,,112394.0,"0,86615,",
C,,,,,,,,"Colorear, sustancias para - véase Tinte",0,1,86661,F,0,,112441.0,"0,86661,",
C,T50.991,T50.992,T50.993,T50.994,T50.995,T50.996 ,,Colágeno,0,1,86579,F,0,,112358.0,"0,86579,",
C,,,,,, ,,Combustible,0,0,86616,F,0,,112395.0,"0,86616,",
C,,,,,, ,,"Combustión, gas de (después de combustión) - véase Carbono, monóxido",0,0,86626,F,0,,112405.0,"0,86626,",
C,T43.3X1,T43.3X2,T43.3X3,T43.3X4,T43.3X5,T43.3X6 ,,Compacina,0,1,86628,F,0,,112407.0,"0,86628,",
C,,,,,, ,,Compuesto,0,0,86629,F,0,,112408.0,"0,86629,",
C,T50.8X1,T50.8X2,T50.8X3,T50.8X4,T50.8X5,T50.8X6 ,,"Congo, rojo",0,1,86642,F,0,,112421.0,"0,86642,",
C,T62.2X1,T62.2X2,T62.2X3,T62.2X4,-,-- ,,"Coniína, Conina",0,1,86643,F,0,,112422.0,"0,86643,",
C,T38.5X1,T38.5X2,T38.5X3,T38.5X4,T38.5X5,T38.5X6 ,,"Conjugadas estrogénicas, sustancias",0,1,86644,F,0,,112423.0,"0,86644,",
C,T65.891,T65.892,T65.893,T65.894,-,-- ,,Conservante (no medicinal),0,0,86645,F,0,,112424.0,"0,86645,",
C,T62.2X1,T62.2X2,T62.2X3,T62.2X4,-,-- ,,Consuelda,0,1,86647,F,0,,112427.0,"0,86647,",
C,T48.5X1,T48.5X2,T48.5X3,T48.5X4,T48.5X5,T48.5X6 ,,Contacto,0,1,86648,F,0,,112428.0,"0,86648,",
C,T65.91,T65.92,T65.93,T65.94,-,-- ,,"Contaminante (-s) del aire, fuente/tipo NEOM",0,1,86649,F,0,,112429.0,"0,86649,",
C,T50.8X1,T50.8X2,T50.8X3,T50.8X4,T50.8X5,T50.8X6 ,,"Contraste, medio de, para radiografía",0,1,86650,F,0,,112430.0,"0,86650,",
C,T62.2X1,T62.2X2,T62.2X3,T62.2X4,-,-- ,,Convallaria majalis,0,0,86651,F,0,,112431.0,"0,86651,",
C,T46.0X1,T46.0X2,T46.0X3,T46.0X4,T46.0X5,T46.0X6 ,,"Convallaria, glucósidos",0,1,86653,F,0,,112433.0,"0,86653,",
C,T63.691,T63.692,T63.693,T63.694,-,-- ,,Coral (picadura),0,0,86654,F,0,,112434.0,"0,86654,",
C,T49.6X1,T49.6X2,T49.6X3,T49.6X4,T49.6X5,T49.6X6 ,,Corbadrine,0,1,86656,F,0,,112436.0,"0,86656,",
C,T65.891,T65.892,T65.893,T65.894,-,-- ,,Cordita,0,0,86657,F,0,,112437.0,"0,86657,",
C,T49.0X1,T49.0X2,T49.0X3,T49.0X4,T49.0X5,T49.0X6 ,,Cordran,0,1,86659,F,0,,112439.0,"0,86659,",
C,T38.891,T38.892,T38.893,T38.894,T38.895,T38.896 ,,"Coriónica, gonadotropina ",0,1,86660,F,0,,112440.0,"0,86660,",
C,T64.81,T64.82,T64.83,T64.84,-,-- ,,Cornezuelo de centeno NCOC,0,0,86662,F,0,,112442.0,"0,86662,",
C,T46.3X1,T46.3X2,T46.3X3,T46.3X4,T46.3X5,T46.3X6 ,,"Coronario, vasodilatador NCOC",0,1,86666,F,0,,112446.0,"0,86666,",
C,T54.91,T54.92,T54.93,T54.94,-,-- ,,Corrosivo NCOC,0,0,86667,F,0,,112447.0,"0,86667,",
C,T38.0X1,T38.0X2,T38.0X3,T38.0X4,T38.0X5,T38.0X6 ,,Cort-Dome,0,0,86675,F,0,,112455.0,"0,86675,",
C,T38.0X1,T38.0X2,T38.0X3,T38.0X4,T38.0X5,T38.0X6 ,,Cortato,0,1,86674,F,0,,112454.0,"0,86674,",
C,T38.0X1,T38.0X2,T38.0X3,T38.0X4,T38.0X5,T38.0X6 ,,Cortef,0,0,86679,F,0,,112459.0,"0,86679,",
C,T38.0X1,T38.0X2,T38.0X3,T38.0X4,T38.0X5,T38.0X6 ,,Corticosteroide,0,0,86683,F,0,,112463.0,"0,86683,",
C,T38.0X1,T38.0X2,T38.0X3,T38.0X4,T38.0X5,T38.0X6 ,,Corticosteroides fluorados,0,1,86688,F,0,,112468.0,"0,86688,",
C,T38.811,T38.812,T38.813,T38.814,T38.815,T38.816 ,,Corticotropina,0,1,86689,F,0,,112469.0,"0,86689,",
C,T49.0X1,T49.0X2,T49.0X3,T49.0X4,T49.0X5,T49.0X6 ,,Cortisol,0,0,86690,F,0,,112470.0,"0,86690,",
C,T38.0X1,T38.0X2,T38.0X3,T38.0X4,T38.0X5,T38.0X6 ,,Cortisona (acetato),0,0,86694,F,0,,112474.0,"0,86694,",
C,T38.0X1,T38.0X2,T38.0X3,T38.0X4,T38.0X5,T38.0X6 ,,Cortivazol,0,1,86698,F,0,,112478.0,"0,86698,",
C,T38.0X1,T38.0X2,T38.0X3,T38.0X4,T38.0X5,T38.0X6 ,,Cortogen,0,0,86699,F,0,,112479.0,"0,86699,",
C,T38.0X1,T38.0X2,T38.0X3,T38.0X4,T38.0X5,T38.0X6 ,,Cortona,0,0,86702,F,0,,112482.0,"0,86702,",
C,T38.0X1,T38.0X2,T38.0X3,T38.0X4,T38.0X5,T38.0X6 ,,Cortril,0,0,86705,F,0,,112485.0,"0,86705,",
C,T45.1X1,T45.1X2,T45.1X3,T45.1X4,T45.1X5,T45.1X6 ,,Corynebacterium parvum,0,1,86709,F,0,,112489.0,"0,86709,",
C,T38.811,T38.812,T38.813,T38.814,T38.815,T38.816 ,,Cosintropina,0,1,86710,F,0,,112490.0,"0,86710,",
C,T49.8X1,T49.8X2,T49.8X3,T49.8X4,T49.8X5,T49.8X6 ,,"Cosmética, preparación",0,1,86711,F,0,,112491.0,"0,86711,",
C,T49.8X1,T49.8X2,T49.8X3,T49.8X4,T49.8X5,T49.8X6 ,,"Cosméticos, productos ",0,1,86712,F,0,,112492.0,"0,86712,",
C,T45.7X1,T45.7X2,T45.7X3,T45.7X4,T45.7X5,T45.7X6 ,,Cotarnina,0,1,86713,F,0,,112493.0,"0,86713,",
C,T36.8X1,T36.8X2,T36.8X3,T36.8X4,T36.8X5,T36.8X6 ,,Cotrimoxazol,0,1,86714,F,0,,112494.0,"0,86714,",
C,T45.511,T45.512,T45.513,T45.514,T45.515,T45.516 ,,Coumetarol,0,1,86715,F,0,,112495.0,"0,86715,",
C,T62.2X1,T62.2X2,T62.2X3,T62.2X4,-,-- ,,Cowbane,0,1,86716,F,0,,112496.0,"0,86716,",
C,T40.5X1,T40.5X2,T40.5X3,T40.5X4,T40.5X5,T40.5X6 ,,Crack,0,1,86717,F,0,,112497.0,"0,86717,",
C,T46.0X1,T46.0X2,T46.0X3,T46.0X4,T46.0X5,T46.0X6 ,,"Crataego, extracto",0,1,86718,F,0,,112498.0,"0,86718,",
C,T49.3X1,T49.3X2,T49.3X3,T49.3X4,T49.3X5,T49.3X6 ,,Crema fría,0,1,86719,F,0,,112499.0,"0,86719,",
C,T49.3X1,T49.3X2,T49.3X3,T49.3X4,T49.3X5,T49.3X6 ,,Crema protectora de piel,0,1,86720,F,0,,112500.0,"0,86720,",
C,T54.1X1,T54.1X2,T54.1X3,T54.1X4,-,-- ,,Creolina,0,0,86721,F,0,,112501.0,"0,86721,",
C,T49.0X1,T49.0X2,T49.0X3,T49.0X4,T49.0X5,T49.0X6 ,,Creosol (compuesto),0,1,86723,F,0,,112503.0,"0,86723,",
C,T49.0X1,T49.0X2,T49.0X3,T49.0X4,T49.0X5,T49.0X6 ,,Creosota (alquitrán de hulla) (madera de haya),0,0,86724,F,0,,112504.0,"0,86724,",
C,T49.0X1,T49.0X2,T49.0X3,T49.0X4,T49.0X5,T49.0X6 ,,"Cresilo, acetato",0,1,86728,F,0,,112508.0,"0,86728,",
C,T49.0X1,T49.0X2,T49.0X3,T49.0X4,T49.0X5,T49.0X6 ,,Cresol (-es),0,0,86729,F,0,,112509.0,"0,86729,",
C,T49.0X1,T49.0X2,T49.0X3,T49.0X4,T49.0X5,T49.0X6 ,,"Cresílico, ácido ",0,1,86727,F,0,,112507.0,"0,86727,",
C,T47.1X1,T47.1X2,T47.1X3,T47.1X4,T47.1X5,T47.1X6 ,,"Creta, precipitado",0,1,86731,F,0,,112511.0,"0,86731,",
C,T60.4X1,T60.4X2,T60.4X3,T60.4X4,-,-- ,,Crimidina,0,1,86732,F,0,,112512.0,"0,86732,",
C,T39.8X1,T39.8X2,T39.8X3,T39.8X4,T39.8X5,T39.8X6 ,,Criogenina,0,1,86733,F,0,,112513.0,"0,86733,",
C,T60.1X1,T60.1X2,T60.1X3,T60.1X4,-,-- ,,Criolita (emanaciones),0,0,86734,F,0,,112514.0,"0,86734,",
C,T46.5X1,T46.5X2,T46.5X3,T46.5X4,T46.5X5,T46.5X6 ,,Criptenamina (tanatos),0,1,86736,F,0,,112516.0,"0,86736,",
C,T49.4X1,T49.4X2,T49.4X3,T49.4X4,T49.4X5,T49.4X6 ,,Crisarobina,0,1,86737,F,0,,112517.0,"0,86737,",
C,T47.2X1,T47.2X2,T47.2X3,T47.2X4,T47.2X5,T47.2X6 ,,Crisazina,0,1,86738,F,0,,112518.0,"0,86738,",
C,T65.891,T65.892,T65.893,T65.894,-,-- ,,"Cristal, líquido limpiador de",0,1,86739,F,0,,112519.0,"0,86739,",
C,T49.0X1,T49.0X2,T49.0X3,T49.0X4,T49.0X5,T49.0X6 ,,"Cristal, violeta",0,1,86740,F,0,,112520.0,"0,86740,",
C,T37.8X1,T37.8X2,T37.8X3,T37.8X4,T37.8X5,T37.8X6 ,,Croconazol,0,1,86741,F,0,,112521.0,"0,86741,",
C,T56.2X1,T56.2X2,T56.2X3,T56.2X4,-,-- ,,Cromato,0,0,86742,F,0,,112522.0,"0,86742,",
C,T56.2X1,T56.2X2,T56.2X3,T56.2X4,-,-- ,,Cromil cloruro,0,1,86750,F,0,,112530.0,"0,86750,",
C,T56.2X1,T56.2X2,T56.2X3,T56.2X4,-,-- ,,Cromo,0,0,86751,F,0,,112531.0,"0,86751,",
C,T48.6X1,T48.6X2,T48.6X3,T48.6X4,T48.6X5,T48.6X6 ,,Cromoglicato,0,1,86754,F,0,,112534.0,"0,86754,",
C,T48.6X1,T48.6X2,T48.6X3,T48.6X4,T48.6X5,T48.6X6 ,,"Cromoglícico, ácido",0,1,86755,F,0,,112535.0,"0,86755,",
C,T45.1X1,T45.1X2,T45.1X3,T45.1X4,T45.1X5,T45.1X6 ,,Cromomicina A3,0,1,86756,F,0,,112536.0,"0,86756,",
C,T46.3X1,T46.3X2,T46.3X3,T46.3X4,T46.3X5,T46.3X6 ,,Cromonar,0,1,86758,F,0,,112538.0,"0,86758,",
C,T39.8X1,T39.8X2,T39.8X3,T39.8X4,T39.8X5,T39.8X6 ,,Cropropamida,0,0,86759,F,0,,112539.0,"0,86759,",
C,T49.0X1,T49.0X2,T49.0X3,T49.0X4,T49.0X5,T49.0X6 ,,Crotamitón,0,1,86761,F,0,,112541.0,"0,86761,",
C,T39.8X1,T39.8X2,T39.8X3,T39.8X4,T39.8X5,T39.8X6 ,,Crotetamida,0,0,86762,F,0,,112542.0,"0,86762,",
C,T47.2X1,T47.2X2,T47.2X3,T47.2X4,T47.2X5,T47.2X6 ,,Croton (aceite),0,0,86764,F,0,,112544.0,"0,86764,",
C,T52.0X1,T52.0X2,T52.0X3,T52.0X4,-,-- ,,"Crudo, petróleo ",0,1,86766,F,0,,112546.0,"0,86766,",
C,,,,,, ,,Crómico,0,0,86746,F,0,,112526.0,"0,86746,",
C,,,,,, ,,"Cuaternario, amonio ",0,0,86767,F,0,,112547.0,"0,86767,",
C,T62.2X1,T62.2X2,T62.2X3,T62.2X4,-,-- ,,Cuckoopint,0,1,86771,F,0,,112551.0,"0,86771,",
C,T45.511,T45.512,T45.513,T45.514,T45.515,T45.516 ,,Cumadina,0,0,86772,F,0,,112552.0,"0,86772,",
C,T60.0X1,T60.0X2,T60.0X3,T60.0X4,-,-- ,,Cumafós,0,1,86774,F,0,,112554.0,"0,86774,",
C,T45.511,T45.512,T45.513,T45.514,T45.515,T45.516 ,,Cumarina,0,1,86775,F,0,,112555.0,"0,86775,",
C,T45.511,T45.512,T45.513,T45.514,T45.515,T45.516 ,,Cumetarol,0,1,86776,F,0,,112556.0,"0,86776,",
C,T56.4X1,T56.4X2,T56.4X3,T56.4X4,-,--,,"Cuproso, sulfato - véase además Cobre, sulfato",0,1,117036,F,0,,112564.0,"0,117036,",
C,T48.1X1,T48.1X2,T48.1X3,T48.1X4,T48.1X5,T48.1X6 ,,"Curare, curarine",0,1,86784,F,0,,112565.0,"0,86784,",
C,T46.6X1,T46.6X2,T46.6X3,T46.6X4,T46.6X5,T46.6X6 ,,Cyamopsis tetragonoloba,0,1,86785,F,0,,112566.0,"0,86785,",
C,,,,,, ,,Cytisus,0,0,86786,F,0,,112567.0,"0,86786,",
C,T50.991,T50.992,T50.993,T50.994,T50.995,T50.996 ,,"Cálculo, medicamento disolvente de",0,1,85955,F,0,,111720.0,"0,85955,",
C,T50.901,T50.902,T50.903,T50.904,T50.905,T50.906 ,,"Cálculos, fármacos disolventes de",0,1,85956,F,0,,111721.0,"0,85956,",
C,T46.6X1,T46.6X2,T46.6X3,T46.6X4,T46.6X5,T46.6X6 ,,"Cártamo, aceite de",0,1,86124,F,0,,111891.0,"0,86124,",
C,T47.2X1,T47.2X2,T47.2X3,T47.2X4,T47.2X5,T47.2X6 ,,Cáscara (sagrada),0,1,86128,F,0,,111895.0,"0,86128,",
C,T54.91,T54.92,T54.93,T54.94,-,-- ,,Cáustico NCOC,0,0,86136,F,0,,111913.0,"0,86136,",
C,T47.5X1,T47.5X2,T47.5X3,T47.5X4,T47.5X5,T47.5X6 ,,"Cítrico, ácido ",0,1,86334,F,0,,112111.0,"0,86334,",
C,T50.A91,T50.A92,T50.A93,T50.A94,T50.A95,T50.A96 ,,"Cólera, vacuna del ",0,1,86588,F,0,,112367.0,"0,86588,",
C,T47.5X1,T47.5X2,T47.5X3,T47.5X4,T47.5X5,T47.5X6 ,,"Cólico, ácido",0,1,86594,F,0,,112373.0,"0,86594,",
C,,,,,, ,,Cúprico,0,0,86777,F,0,,112557.0,"0,86777,",
D,T60.91,T60.92,T60.93,T60.94,-,-- ,,D-Con,0,0,86809,F,0,,112590.0,"0,86809,",
D,T37.1X1,T37.1X2,T37.1X3,T37.1X4,T37.1X5,T37.1X6 ,,DADPS,0,1,86791,F,0,,112572.0,"0,86791,",
D,T38.3X1,T38.3X2,T38.3X3,T38.3X4,T38.3X5,T38.3X6 ,,DBI,0,1,86808,F,0,,112589.0,"0,86808,",
D,T38.891,T38.892,T38.893,T38.894,T38.895,T38.896 ,,DDAVP,0,1,86812,F,0,,112593.0,"0,86812,",
D,T60.2X1,T60.2X2,T60.2X3,T60.2X4,-,-- ,,DDE (bis (clorofenil)-dicloroetileno),0,1,86813,F,0,,112594.0,"0,86813,",
D,T37.1X1,T37.1X2,T37.1X3,T37.1X4,T37.1X5,T37.1X6 ,,DDS,0,1,86814,F,0,,112595.0,"0,86814,",
D,T60.1X1,T60.1X2,T60.1X3,T60.1X4,-,-- ,,DDT (polvo),0,1,86815,F,0,,112596.0,"0,86815,",
D,T44.0X1,T44.0X2,T44.0X3,T44.0X4,T44.0X5,T44.0X6 ,,DFP,0,1,86936,F,0,,112722.0,"0,86936,",
D,T37.3X1,T37.3X2,T37.3X3,T37.3X4,T37.3X5,T37.3X6 ,,DHE,0,0,86937,F,0,,112723.0,"0,86937,",
D,T36.4X1,T36.4X2,T36.4X3,T36.4X4,T36.4X5,T36.4X6 ,,DMCT,0,1,87242,F,0,,113028.0,"0,87242,",
D,,,,,,,,"DMSO - véase Dimetil, sulfóxido",0,1,87243,F,0,,113029.0,"0,87243,",
D,T60.3X1,T60.3X2,T60.3X3,T60.3X4,-,-- ,,DNBP,0,1,87244,F,0,,113030.0,"0,87244,",
D,T65.3X1,T65.3X2,T65.3X3,T65.3X4,-,-- ,,DNOC,0,1,87245,F,0,,113031.0,"0,87245,",
D,T38.0X1,T38.0X2,T38.0X3,T38.0X4,T38.0X5,T38.0X6 ,,DOCA,0,1,87247,F,0,,113033.0,"0,87247,",
D,T45.1X1,T45.1X2,T45.1X3,T45.1X4,T45.1X5,T45.1X6 ,,DTIC,0,1,87285,F,0,,113071.0,"0,87285,",
D,T45.1X1,T45.1X2,T45.1X3,T45.1X4,T45.1X5,T45.1X6 ,,Dacarbacina,0,1,86789,F,0,,112570.0,"0,86789,",
D,T45.1X1,T45.1X2,T45.1X3,T45.1X4,T45.1X5,T45.1X6 ,,Dactinomicina,0,1,86790,F,0,,112571.0,"0,86790,",
D,T49.0X1,T49.0X2,T49.0X3,T49.0X4,T49.0X5,T49.0X6 ,,"Dakin, solución de ",0,1,86792,F,0,,112573.0,"0,86792,",
D,T60.3X1,T60.3X2,T60.3X3,T60.3X4,-,-- ,,Dalapon (sodio),0,1,86793,F,0,,112574.0,"0,86793,",
D,T42.4X1,T42.4X2,T42.4X3,T42.4X4,T42.4X5,T42.4X6 ,,Dalmane,0,1,86794,F,0,,112575.0,"0,86794,",
D,T38.6X1,T38.6X2,T38.6X3,T38.6X4,T38.6X5,T38.6X6 ,,Danazol,0,1,86795,F,0,,112576.0,"0,86795,",
D,T45.511,T45.512,T45.513,T45.514,T45.515,T45.516 ,,Danilona,0,1,86796,F,0,,112577.0,"0,86796,",
D,T42.8X1,T42.8X2,T42.8X3,T42.8X4,T42.8X5,T42.8X6 ,,Dantroleno,0,1,86797,F,0,,112578.0,"0,86797,",
D,T47.2X1,T47.2X2,T47.2X3,T47.2X4,T47.2X5,T47.2X6 ,,Dantrón,0,1,86799,F,0,,112580.0,"0,86799,",
D,T62.2X1,T62.2X2,T62.2X3,T62.2X4,-,-- ,,Daphne (gnidium) (mezereum),0,0,86800,F,0,,112581.0,"0,86800,",
D,T37.1X1,T37.1X2,T37.1X3,T37.1X4,T37.1X5,T37.1X6 ,,Dapsona,0,1,86802,F,0,,112583.0,"0,86802,",
D,T37.2X1,T37.2X2,T37.2X3,T37.2X4,T37.2X5,T37.2X6 ,,Daraprim,0,1,86803,F,0,,112584.0,"0,86803,",
D,T62.2X1,T62.2X2,T62.2X3,T62.2X4,-,-- ,,Darnel,0,1,86804,F,0,,112585.0,"0,86804,",
D,T39.8X1,T39.8X2,T39.8X3,T39.8X4,T39.8X5,T39.8X6 ,,Darvón,0,1,86805,F,0,,112586.0,"0,86805,",
D,T45.1X1,T45.1X2,T45.1X3,T45.1X4,T45.1X5,T45.1X6 ,,Daunomicina,0,1,86806,F,0,,112587.0,"0,86806,",
D,T45.1X1,T45.1X2,T45.1X3,T45.1X4,T45.1X5,T45.1X6 ,,Daunorrubicina,0,1,86807,F,0,,112588.0,"0,86807,",
D,T62.2X1,T62.2X2,T62.2X3,T62.2X4,-,-- ,,Deadly nightshade - véase además Belladonna,0,0,86816,F,0,,112597.0,"0,86816,",
D,T38.891,T38.892,T38.893,T38.894,T38.895,T38.896 ,,"Deamino-D-arginina, vasopresina ",0,1,86818,F,0,,112599.0,"0,86818,",
D,T50.991,T50.992,T50.993,T50.994,T50.995,T50.996 ,,Deanol (aceglumato),0,1,86819,F,0,,112600.0,"0,86819,",
D,T46.5X1,T46.5X2,T46.5X3,T46.5X4,T46.5X5,T46.5X6 ,,Debrisoquina,0,1,86820,F,0,,112601.0,"0,86820,",
D,T57.8X1,T57.8X2,T57.8X3,T57.8X4,-,-- ,,Decaborano,0,0,86821,F,0,,112602.0,"0,86821,",
D,T38.0X1,T38.0X2,T38.0X3,T38.0X4,T38.0X5,T38.0X6 ,,Decadrón,0,0,86823,F,0,,112604.0,"0,86823,",
D,T52.8X1,T52.8X2,T52.8X3,T52.8X4,-,-- ,,Decahidronaftaleno,0,1,86827,F,0,,112608.0,"0,86827,",
D,T52.8X1,T52.8X2,T52.8X3,T52.8X4,-,-- ,,Decalina,0,1,86829,F,0,,112610.0,"0,86829,",
D,T48.1X1,T48.1X2,T48.1X3,T48.1X4,T48.1X5,T48.1X6 ,,Decametonio (bromuro),0,1,86830,F,0,,112611.0,"0,86830,",
D,T58.8X1,T58.8X2,T58.8X3,T58.8X4,,,,Decapante (pintura)(disolvente),0,1,94767,F,0,,112612.0,"0,94767,",
D,T47.5X1,T47.5X2,T47.5X3,T47.5X4,T47.5X5,T47.5X6 ,,Decholin,0,1,86831,F,0,,112613.0,"0,86831,",
D,T36.4X1,T36.4X2,T36.4X3,T36.4X4,T36.4X5,T36.4X6 ,,Declomicina,0,1,86832,F,0,,112614.0,"0,86832,",
D,T49.0X1,T49.0X2,T49.0X3,T49.0X4,T49.0X5,T49.0X6 ,,Decualinio (cloruro),0,1,86833,F,0,,112615.0,"0,86833,",
D,T62.2X1,T62.2X2,T62.2X3,T62.2X4,-,-- ,,Dedalera,0,1,86834,F,0,,112616.0,"0,86834,",
D,T60.8X1,T60.8X2,T60.8X3,T60.8X4,-,-- ,,Deet,0,1,86835,F,0,,112617.0,"0,86835,",
D,T45.8X1,T45.8X2,T45.8X3,T45.8X4,T45.8X5,T45.8X6 ,,Deferoxamina,0,1,86836,F,0,,112618.0,"0,86836,",
D,T38.0X1,T38.0X2,T38.0X3,T38.0X4,T38.0X5,T38.0X6 ,,Deflazacort,0,1,86837,F,0,,112619.0,"0,86837,",
D,T48.4X1,T48.4X2,T48.4X3,T48.4X4,T48.4X5,T48.4X6 ,,"Deglicirrizinizado, extracto de regaliz",0,1,86838,F,0,,112620.0,"0,86838,",
D,T47.5X1,T47.5X2,T47.5X3,T47.5X4,T47.5X5,T47.5X6 ,,"Dehidrocólico, ácido ",0,1,86839,F,0,,112621.0,"0,86839,",
D,T37.3X1,T37.3X2,T37.3X3,T37.3X4,T37.3X5,T37.3X6 ,,Dehidroemetina,0,1,86840,F,0,,112622.0,"0,86840,",
D,T38.5X1,T38.5X2,T38.5X3,T38.5X4,T38.5X5,T38.5X6 ,,Delalutina,0,1,86841,F,0,,112623.0,"0,86841,",
D,T62.2X1,T62.2X2,T62.2X3,T62.2X4,-,-- ,,Delfinio,0,1,86842,F,0,,112624.0,"0,86842,",
D,T42.4X1,T42.4X2,T42.4X3,T42.4X4,T42.4X5,T42.4X6 ,,Delorazepam,0,1,86843,F,0,,112625.0,"0,86843,",
D,T60.1X1,T60.1X2,T60.1X3,T60.1X4,-,-- ,,Deltametrina,0,1,86844,F,0,,112626.0,"0,86844,",
D,T38.0X1,T38.0X2,T38.0X3,T38.0X4,T38.0X5,T38.0X6 ,,Deltasona,0,1,86845,F,0,,112627.0,"0,86845,",
D,T38.0X1,T38.0X2,T38.0X3,T38.0X4,T38.0X5,T38.0X6 ,,Deltra,0,1,86846,F,0,,112628.0,"0,86846,",
D,T42.3X1,T42.3X2,T42.3X3,T42.3X4,T42.3X5,T42.3X6 ,,Delvinal,0,1,86847,F,0,,112629.0,"0,86847,",
D,T49.5X1,T49.5X2,T49.5X3,T49.5X4,T49.5X5,T49.5X6 ,,Demecario (bromuro),0,1,86848,F,0,,112630.0,"0,86848,",
D,T36.4X1,T36.4X2,T36.4X3,T36.4X4,T36.4X5,T36.4X6 ,,Demeclociclina,0,1,86849,F,0,,112631.0,"0,86849,",
D,T45.1X1,T45.1X2,T45.1X3,T45.1X4,T45.1X5,T45.1X6 ,,Demecolcina,0,1,86850,F,0,,112632.0,"0,86850,",
D,T60.0X1,T60.0X2,T60.0X3,T60.0X4,-,-- ,,Demefión-O y-S,0,1,86851,F,0,,112633.0,"0,86851,",
D,T38.5X1,T38.5X2,T38.5X3,T38.5X4,T38.5X5,T38.5X6 ,,Demegestona,0,1,86852,F,0,,112634.0,"0,86852,",
D,T49.8X1,T49.8X2,T49.8X3,T49.8X4,T49.8X5,T49.8X6 ,,"Demelanizantes, agentes",0,1,86853,F,0,,112635.0,"0,86853,",
D,T40.2X1,T40.2X2,T40.2X3,T40.2X4,T40.2X5,T40.2X6 ,,Demerol,0,1,86854,F,0,,112636.0,"0,86854,",
D,T36.4X1,T36.4X2,T36.4X3,T36.4X4,T36.4X5,T36.4X6 ,,Demetilclortetraciclina,0,1,86855,F,0,,112637.0,"0,86855,",
D,T36.4X1,T36.4X2,T36.4X3,T36.4X4,T36.4X5,T36.4X6 ,,Demetiltetraciclina,0,1,86856,F,0,,112638.0,"0,86856,",
D,T60.0X1,T60.0X2,T60.0X3,T60.0X4,-,-- ,,Demetón -O y-S,0,1,86857,F,0,,112639.0,"0,86857,",
D,T49.3X1,T49.3X2,T49.3X3,T49.3X4,T49.3X5,T49.3X6 ,,Demulcente (externo),0,0,86858,F,0,,112640.0,"0,86858,",
D,T38.4X1,T38.4X2,T38.4X3,T38.4X4,T38.4X5,T38.4X6 ,,Demulén,0,1,86860,F,0,,112642.0,"0,86860,",
D,T49.5X1,T49.5X2,T49.5X3,T49.5X4,T49.5X5,T49.5X6 ,,Dendride,0,1,86861,F,0,,112643.0,"0,86861,",
D,T49.7X1,T49.7X2,T49.7X3,T49.7X4,T49.7X5,T49.7X6 ,,"Dental (medicamento), aplicación tópica NCOC",0,1,86862,F,0,,112644.0,"0,86862,",
D,T49.7X1,T49.7X2,T49.7X3,T49.7X4,T49.7X5,T49.7X6 ,,Dentífrico,0,1,86863,F,0,,112645.0,"0,86863,",
D,T50.0X1,T50.0X2,T50.0X3,T50.0X4,T50.0X5,T50.0X6 ,,Deoxicortona,0,1,86864,F,0,,112646.0,"0,86864,",
D,T49.4X1,T49.4X2,T49.4X3,T49.4X4,T49.4X5,T49.4X6 ,,Depilatorio,0,1,86865,F,0,,112647.0,"0,86865,",
D,T42.8X1,T42.8X2,T42.8X3,T42.8X4,T42.8X5,T42.8X6 ,,Deprenalina,0,1,86866,F,0,,112648.0,"0,86866,",
D,T42.8X1,T42.8X2,T42.8X3,T42.8X4,T42.8X5,T42.8X6 ,,Deprenilo,0,1,86867,F,0,,112649.0,"0,86867,",
D,,,,,, ,,Depresor,0,0,86868,F,0,,112650.0,"0,86868,",
D,T50.5X1,T50.5X2,T50.5X3,T50.5X4,T50.5X5,T50.5X6 ,,Depresor del apetito,0,1,86874,F,0,,112657.0,"0,86874,",
D,T45.0X1,T45.0X2,T45.0X3,T45.0X4,T45.0X5,T45.0X6 ,,Deptropina,0,1,86875,F,0,,112658.0,"0,86875,",
D,T49.3X1,T49.3X2,T49.3X3,T49.3X4,T49.3X5,T49.3X6 ,,"Desbrozador de maíz, loción de ",0,1,86876,F,0,,112659.0,"0,86876,",
D,T48.5X1,T48.5X2,T48.5X3,T48.5X4,T48.5X5,T48.5X6 ,,"Descongestionantes, nasal (mucosa)",0,0,86877,F,0,,112660.0,"0,86877,",
D,T46.5X1,T46.5X2,T46.5X3,T46.5X4,T46.5X5,T46.5X6 ,,Deserpidina,0,1,86879,F,0,,112662.0,"0,86879,",
D,T49.4X1,T49.4X2,T49.4X3,T49.4X4,T49.4X5,T49.4X6 ,,"Desfacelante, agente",0,1,86880,F,0,,112663.0,"0,86880,",
D,T45.8X1,T45.8X2,T45.8X3,T45.8X4,T45.8X5,T45.8X6 ,,Desferrioxamina,0,1,86881,F,0,,112664.0,"0,86881,",
D,T46.0X1,T46.0X2,T46.0X3,T46.0X4,T46.0X5,T46.0X6 ,,Desianosida,0,1,86882,F,0,,112665.0,"0,86882,",
D,T65.891,T65.892,T65.893,T65.894,-,-- ,,Desinfectante,0,0,86883,F,0,,112666.0,"0,86883,",
D,T50.6X1,T50.6X2,T50.6X3,T50.6X4,T50.6X5,T50.6X6 ,,"Desintoxicación, agente de ",0,1,86887,F,0,,112670.0,"0,86887,",
D,T43.011,T43.012,T43.013,T43.014,T43.015,T43.016 ,,Desipramina,0,1,86888,F,0,,112671.0,"0,86888,",
D,T46.0X1,T46.0X2,T46.0X3,T46.0X4,T46.0X5,T46.0X6 ,,Deslanosida,0,1,86889,F,0,,112672.0,"0,86889,",
D,T43.011,T43.012,T43.013,T43.014,T43.015,T43.016 ,,Desmetilimipramina,0,1,86890,F,0,,112673.0,"0,86890,",
D,T38.891,T38.892,T38.893,T38.894,T38.895,T38.896 ,,Desmopresina,0,1,86891,F,0,,112674.0,"0,86891,",
D,T40.2X1,T40.2X2,T40.2X3,T40.2X4,T40.2X5,T40.2X6 ,,Desocodeína,0,1,86892,F,0,,112675.0,"0,86892,",
D,T49.8X1,T49.8X2,T49.8X3,T49.8X4,T49.8X5,T49.8X6 ,,Desodorante en aerosol (de higiene femenina),0,1,86893,F,0,,112676.0,"0,86893,",
D,T38.5X1,T38.5X2,T38.5X3,T38.5X4,T38.5X5,T38.5X6 ,,Desogestrel,0,1,86894,F,0,,112677.0,"0,86894,",
D,T40.2X1,T40.2X2,T40.2X3,T40.2X4,T40.2X5,T40.2X6 ,,Desomorfina,0,1,86895,F,0,,112678.0,"0,86895,",
D,T49.0X1,T49.0X2,T49.0X3,T49.0X4,T49.0X5,T49.0X6 ,,Desonida,0,1,86896,F,0,,112679.0,"0,86896,",
D,T50.0X1,T50.0X2,T50.0X3,T50.0X4,T50.0X5,T50.0X6 ,,Desoxicorticosteroide,0,1,86897,F,0,,112680.0,"0,86897,",
D,T50.0X1,T50.0X2,T50.0X3,T50.0X4,T50.0X5,T50.0X6 ,,Desoxicortona,0,1,86898,F,0,,112681.0,"0,86898,",
D,T43.651,T43.652,T43.653,T43.654,T43.655,T43.656,,Desoxiefedrina,0,1,86899,F,0,,112682.0,"0,86899,",
D,T49.0X1,T49.0X2,T49.0X3,T49.0X4,T49.0X5,T49.0X6 ,,Desoximetasona,0,1,86900,F,0,,112683.0,"0,86900,",
D,T45.3X1,T45.3X2,T45.3X3,T45.3X4,T45.3X5,T45.3X6 ,,Desoxirribonucleasa (páncreas),0,1,86901,F,0,,112684.0,"0,86901,",
D,T46.6X1,T46.6X2,T46.6X3,T46.6X4,T46.6X5,T46.6X6 ,,Detaxtrán,0,1,86902,F,0,,112685.0,"0,86902,",
D,T49.2X1,T49.2X2,T49.2X3,T49.2X4,-,-,,Detergente,0,0,86903,F,0,,112686.0,"0,86903,",
D,T65.891,T65.892,T65.893,T65.894,-,-- ,,Detergente en polvo,0,1,86907,F,0,,112692.0,"0,86907,",
D,T38.1X1,T38.1X2,T38.1X3,T38.1X4,T38.1X5,T38.1X6 ,,Detrotironina,0,1,86908,F,0,,112693.0,"0,86908,",
D,T49.0X1,T49.0X2,T49.0X3,T49.0X4,T49.0X5,T49.0X6 ,,Dettol (medicación externa),0,1,86909,F,0,,112694.0,"0,86909,",
D,T38.0X1,T38.0X2,T38.0X3,T38.0X4,T38.0X5,T38.0X6 ,,Dexametasona,0,0,86910,F,0,,112695.0,"0,86910,",
D,T43.621,T43.622,T43.623,T43.624,T43.625,T43.626 ,,Dexanfetamina,0,1,86915,F,0,,112700.0,"0,86915,",
D,T45.0X1,T45.0X2,T45.0X3,T45.0X4,T45.0X5,T45.0X6 ,,Dexbronfeniramina,0,1,86916,F,0,,112701.0,"0,86916,",
D,T45.0X1,T45.0X2,T45.0X3,T45.0X4,T45.0X5,T45.0X6 ,,Dexclorfeniramina,0,1,86917,F,0,,112702.0,"0,86917,",
D,T43.621,T43.622,T43.623,T43.624,T43.625,T43.626 ,,Dexedrina,0,1,86918,F,0,,112703.0,"0,86918,",
D,T44.3X1,T44.3X2,T44.3X3,T44.3X4,T44.3X5,T44.3X6 ,,Dexetimida,0,1,86919,F,0,,112704.0,"0,86919,",
D,T50.5X1,T50.5X2,T50.5X3,T50.5X4,T50.5X5,T50.5X6 ,,Dexfenfluramina,0,1,86920,F,0,,112705.0,"0,86920,",
D,T45.2X1,T45.2X2,T45.2X3,T45.2X4,T45.2X5,T45.2X6 ,,Dexpantenol,0,1,86921,F,0,,112706.0,"0,86921,",
D,T45.4X1,T45.4X2,T45.4X3,T45.4X4,T45.4X5,T45.4X6 ,,Dextriferrona,0,1,86923,F,0,,112708.0,"0,86923,",
D,T45.2X1,T45.2X2,T45.2X3,T45.2X4,T45.2X5,T45.2X6 ,,Dextro alcohol pantotenil ,0,1,86924,F,0,,112709.0,"0,86924,",
D,T45.2X1,T45.2X2,T45.2X3,T45.2X4,T45.2X5,T45.2X6 ,,Dextro pantotenato de calcio,0,1,86926,F,0,,112711.0,"0,86926,",
D,T43.621,T43.622,T43.623,T43.624,T43.625,T43.626 ,,Dextroanfetamina,0,1,86927,F,0,,112712.0,"0,86927,",
D,T48.3X1,T48.3X2,T48.3X3,T48.3X4,T48.3X5,T48.3X6 ,,Dextrometorfano,0,1,86928,F,0,,112713.0,"0,86928,",
D,T40.491,T40.492,T40.493,T40.494,,,,Dextromoramida,0,0,86929,F,0,,112714.0,"0,86929,",
D,T40.491,T40.492,T40.493,T40.494,T40.495,T40.496,,Dextropropoxifeno,0,1,86930,F,0,,112716.0,"0,86930,",
D,T40.2X1,T40.2X2,T40.2X3,T40.2X4,T40.2X5,T40.2X6 ,,Dextrorfano,0,1,86931,F,0,,112717.0,"0,86931,",
D,T50.3X1,T50.3X2,T50.3X3,T50.3X4,T50.3X5,T50.3X6 ,,Dextrosa,0,0,86932,F,0,,112718.0,"0,86932,",
D,T38.1X1,T38.1X2,T38.1X3,T38.1X4,T38.1X5,T38.1X6 ,,Dextrotiroxina,0,1,86934,F,0,,112720.0,"0,86934,",
D,T38.1X1,T38.1X2,T38.1X3,T38.1X4,T38.1X5,T38.1X6 ,,Dextrotiroxina de sodio,0,1,86935,F,0,,112721.0,"0,86935,",
D,T45.8X1,T45.8X2,T45.8X3,T45.8X4,T45.8X5,T45.8X6 ,,Dextrán (40) (70) (150),0,1,86922,F,0,,112707.0,"0,86922,",
D,T38.3X1,T38.3X2,T38.3X3,T38.3X4,T38.3X5,T38.3X6 ,,Diabinesa,0,1,86939,F,0,,112725.0,"0,86939,",
D,T50.991,T50.992,T50.993,T50.994,-,-- ,,Diacetil monoxima,0,1,86940,F,0,,112726.0,"0,86940,",
D,T40.1X1,T40.1X2,T40.1X3,T40.1X4,-,--,,Diacetilmorfina,0,1,86941,F,0,,112727.0,"0,86941,",
D,T52.4X1,T52.4X2,T52.4X3,T52.4X4,-,-- ,,"Diacetona, alcohol",0,1,86942,F,0,,112728.0,"0,86942,",
D,T37.0X1,T37.0X2,T37.0X3,T37.0X4,T37.0X5,T37.0X6 ,,Diafenilsulfona,0,1,86943,F,0,,112729.0,"0,86943,",
D,T50.8X1,T50.8X2,T50.8X3,T50.8X4,T50.8X5,T50.8X6 ,,"Diagnóstico, agente de, NCOC",0,1,86944,F,0,,112730.0,"0,86944,",
D,T49.2X1,T49.2X2,T49.2X3,T49.2X4,T49.2X5,T49.2X6 ,,Dial (jabón),0,0,86945,F,0,,112731.0,"0,86945,",
D,T42.3X1,T42.3X2,T42.3X3,T42.3X4,T42.3X5,T42.3X6 ,,"Dialbarbitúrico, ácido",0,1,86947,F,0,,112733.0,"0,86947,",
D,T42.3X1,T42.3X2,T42.3X3,T42.3X4,T42.3X5,T42.3X6 ,,Dialimal,0,1,86948,F,0,,112734.0,"0,86948,",
D,T52.91,T52.92,T52.93,T52.94,-,-- ,,Dialquilo carbonato,0,1,86950,F,0,,112736.0,"0,86950,",
D,T37.1X1,T37.1X2,T37.1X3,T37.1X4,T37.1X5,T37.1X6 ,,Diaminodifenilsulfona,0,1,86951,F,0,,112737.0,"0,86951,",
D,T40.1X1,T40.1X2,T40.1X3,T40.1X4,-,--,,Diamorfina,0,1,86952,F,0,,112738.0,"0,86952,",
D,T50.2X1,T50.2X2,T50.2X3,T50.2X4,T50.2X5,T50.2X6 ,,Diamox,0,1,86953,F,0,,112739.0,"0,86953,",
D,T49.0X1,T49.0X2,T49.0X3,T49.0X4,T49.0X5,T49.0X6 ,,Diamtazol,0,1,86954,F,0,,112740.0,"0,86954,",
D,T47.2X1,T47.2X2,T47.2X3,T47.2X4,T47.2X5,T47.2X6 ,,Diantona,0,1,86955,F,0,,112741.0,"0,86955,",
D,T49.4X1,T49.4X2,T49.4X3,T49.4X4,T49.4X5,T49.4X6 ,,"Diaquilon, yeso",0,1,86956,F,0,,112742.0,"0,86956,",
D,T37.1X1,T37.1X2,T37.1X3,T37.1X4,T37.1X5,T37.1X6 ,,Diasona (sodio),0,1,86957,F,0,,112743.0,"0,86957,",
D,T47.5X1,T47.5X2,T47.5X3,T47.5X4,T47.5X5,T47.5X6 ,,Diastasa,0,1,86958,F,0,,112744.0,"0,86958,",
D,T50.8X1,T50.8X2,T50.8X3,T50.8X4,T50.8X5,T50.8X6 ,,Diatrizoato,0,1,86959,F,0,,112745.0,"0,86959,",
D,T42.4X1,T42.4X2,T42.4X3,T42.4X4,T42.4X5,T42.4X6 ,,Diazepam,0,1,86960,F,0,,112746.0,"0,86960,",
D,T60.0X1,T60.0X2,T60.0X3,T60.0X4,-,-- ,,Diazinón,0,1,86961,F,0,,112747.0,"0,86961,",
D,T59.891,T59.892,T59.893,T59.894,-,-- ,,Diazometano (gas),0,1,86962,F,0,,112748.0,"0,86962,",
D,T46.5X1,T46.5X2,T46.5X3,T46.5X4,T46.5X5,T46.5X6 ,,Diazóxido,0,1,86963,F,0,,112749.0,"0,86963,",
D,T36.5X1,T36.5X2,T36.5X3,T36.5X4,T36.5X5,T36.5X6 ,,Dibekacina,0,1,86964,F,0,,112750.0,"0,86964,",
D,T44.6X1,T44.6X2,T44.6X3,T44.6X4,T44.6X5,T44.6X6 ,,Dibenamina,0,1,86965,F,0,,112751.0,"0,86965,",
D,T44.6X1,T44.6X2,T44.6X3,T44.6X4,T44.6X5,T44.6X6 ,,Dibencilina,0,1,86966,F,0,,112752.0,"0,86966,",
D,T43.011,T43.012,T43.013,T43.014,T43.015,T43.016 ,,Dibenzepina,0,1,86967,F,0,,112753.0,"0,86967,",
D,T45.0X1,T45.0X2,T45.0X3,T45.0X4,T45.0X5,T45.0X6 ,,Dibenzeptropina,0,1,86968,F,0,,112754.0,"0,86968,",
D,T59.891,T59.892,T59.893,T59.894,-,-- ,,Diborano (gas),0,1,86969,F,0,,112755.0,"0,86969,",
D,T60.8X1,T60.8X2,T60.8X3,T60.8X4,-,-- ,,Dibromocloropropano,0,1,86970,F,0,,112756.0,"0,86970,",
D,T45.1X1,T45.1X2,T45.1X3,T45.1X4,T45.1X5,T45.1X6 ,,Dibromodulcitol,0,1,86971,F,0,,112757.0,"0,86971,",
D,T53.6X1,T53.6X2,T53.6X3,T53.6X4,-,-- ,,Dibromoetano,0,1,86972,F,0,,112758.0,"0,86972,",
D,T45.1X1,T45.1X2,T45.1X3,T45.1X4,T45.1X5,T45.1X6 ,,Dibromomanitol,0,1,86973,F,0,,112759.0,"0,86973,",
D,T49.0X1,T49.0X2,T49.0X3,T49.0X4,T49.0X5,T49.0X6 ,,"Dibromopropamidina, isetionato",0,1,86974,F,0,,112760.0,"0,86974,",
D,T49.0X1,T49.0X2,T49.0X3,T49.0X4,T49.0X5,T49.0X6 ,,Dibrompropamidine,0,1,86975,F,0,,112761.0,"0,86975,",
D,T41.3X1,T41.3X2,T41.3X3,T41.3X4,T41.3X5,T41.3X6 ,,Dibucaína,0,0,86976,F,0,,112762.0,"0,86976,",
D,T48.3X1,T48.3X2,T48.3X3,T48.3X4,T48.3X5,T48.3X6 ,,Dibunato de sodio,0,1,86978,F,0,,112764.0,"0,86978,",
D,T44.3X1,T44.3X2,T44.3X3,T44.3X4,T44.3X5,T44.3X6 ,,Dibutolina sulfato,0,1,86979,F,0,,112765.0,"0,86979,",
D,T60.3X1,T60.3X2,T60.3X3,T60.3X4,-,-- ,,Dicamba,0,1,86980,F,0,,112766.0,"0,86980,",
D,T60.0X1,T60.0X2,T60.0X3,T60.0X4,-,-- ,,Dicaptona,0,1,86981,F,0,,112767.0,"0,86981,",
D,T65.0X1,T65.0X2,T65.0X3,T65.0X4,-,-- ,,Dicianógeno (gas),0,1,86982,F,0,,112768.0,"0,86982,",
D,T44.3X1,T44.3X2,T44.3X3,T44.3X4,T44.3X5,T44.3X6 ,,Diciclomina,0,1,86983,F,0,,112769.0,"0,86983,",
D,T44.3X1,T44.3X2,T44.3X3,T44.3X4,T44.3X5,T44.3X6 ,,Dicicloverina,0,1,86984,F,0,,112770.0,"0,86984,",
D,T60.3X1,T60.3X2,T60.3X3,T60.3X4,-,-- ,,Diclobenil,0,1,86985,F,0,,112771.0,"0,86985,",
D,T39.391,T39.392,T39.393,T39.394,T39.395,T39.396 ,,Diclofenaco,0,1,86986,F,0,,112772.0,"0,86986,",
D,T50.2X1,T50.2X2,T50.2X3,T50.2X4,T50.2X5,T50.2X6 ,,Diclofenamida,0,1,86987,F,0,,112773.0,"0,86987,",
D,T43.291,T43.292,T43.293,T43.294,T43.295,T43.296 ,,Diclofensina,0,1,86988,F,0,,112774.0,"0,86988,",
D,T41.3X1,T41.3X2,T41.3X3,T41.3X4,T41.3X5,T41.3X6,,Diclona,0,1,86990,F,0,,112776.0,"0,86990,",
D,T41.3X1,T41.3X2,T41.3X3,T41.3X4,T41.3X5,T41.3X6 ,,Diclonina,0,1,86991,F,0,,112777.0,"0,86991,",
D,T39.8X1,T39.8X2,T39.8X3,T39.8X4,T39.8X5,T39.8X6 ,,Diclonixina,0,1,86992,F,0,,112778.0,"0,86992,",
D,T42.6X1,T42.6X2,T42.6X3,T42.6X4,T42.6X5,T42.6X6 ,,Dicloralfenozona,0,1,86993,F,0,,112779.0,"0,86993,",
D,T65.3X1,T65.3X2,T65.3X3,T65.3X4,-,-- ,,Diclorbenzidina,0,1,86994,F,0,,112780.0,"0,86994,",
D,T50.2X1,T50.2X2,T50.2X3,T50.2X4,T50.2X5,T50.2X6 ,,Diclorfenamida,0,1,86995,F,0,,112781.0,"0,86995,",
D,T52.8X1,T52.8X2,T52.8X3,T52.8X4,-,-- ,,Diclorhidrina,0,1,86996,F,0,,112782.0,"0,86996,",
D,T37.8X1,T37.8X2,T37.8X3,T37.8X4,T37.8X5,T37.8X6 ,,Diclorhidroxiquinolina,0,1,86997,F,0,,112783.0,"0,86997,",
D,T53.7X1,T53.7X2,T53.7X3,T53.7X4,-,-- ,,Diclorobenceno,0,1,86998,F,0,,112784.0,"0,86998,",
D,T49.6X1,T49.6X2,T49.6X3,T49.6X4,T49.6X5,T49.6X6 ,,"Diclorobencilo, alcohol",0,1,86999,F,0,,112785.0,"0,86999,",
D,T53.5X1,T53.5X2,T53.5X3,T53.5X4,-,-- ,,Diclorodifluorometano,0,1,87000,F,0,,112786.0,"0,87000,",
D,T52.8X1,T52.8X2,T52.8X3,T52.8X4,-,-- ,,Dicloroetano,0,1,87001,F,0,,112787.0,"0,87001,",
D,T59.891,T59.892,T59.893,T59.894,-,-- ,,"Dicloroetil sulfuro, no en guerra",0,1,87002,F,0,,112788.0,"0,87002,",
D,T53.6X1,T53.6X2,T53.6X3,T53.6X4,-,-- ,,Dicloroetileno,0,1,87003,F,0,,112789.0,"0,87003,",
D,T37.4X1,T37.4X2,T37.4X3,T37.4X4,T37.4X5,T37.4X6 ,,Diclorofeno,0,1,87004,F,0,,112790.0,"0,87004,",
D,T59.891,T59.892,T59.893,T59.894,-,-- ,,"Dicloroformoxina, no en guerra",0,1,87005,F,0,,112791.0,"0,87005,",
D,T52.8X1,T52.8X2,T52.8X3,T52.8X4,-,-- ,,"Diclorohidrina, alfa-diclorohidrina",0,1,87006,F,0,,112792.0,"0,87006,",
D,T53.4X1,T53.4X2,T53.4X3,T53.4X4,-,-- ,,Diclorometano (solvente),0,0,87007,F,0,,112793.0,"0,87007,",
D,T60.3X1,T60.3X2,T60.3X3,T60.3X4,-,-- ,,Dicloronaftoquinona,0,1,87009,F,0,,112795.0,"0,87009,",
D,T60.3X1,T60.3X2,T60.3X3,T60.3X4,-,-- ,,Dicloropropeno,0,1,87010,F,0,,112796.0,"0,87010,",
D,T60.3X1,T60.3X2,T60.3X3,T60.3X4,-,-- ,,"Dicloropropiónico, ácido",0,1,87011,F,0,,112797.0,"0,87011,",
D,T60.0X1,T60.0X2,T60.0X3,T60.0X4,-,-- ,,Diclorvós,0,1,87012,F,0,,112798.0,"0,87012,",
D,T36.0X1,T36.0X2,T36.0X3,T36.0X4,T36.0X5,T36.0X6 ,,Dicloxacilina,0,1,87013,F,0,,112799.0,"0,87013,",
D,T49.0X1,T49.0X2,T49.0X3,T49.0X4,T49.0X5,T49.0X6 ,,Dicofano,0,1,87014,F,0,,112800.0,"0,87014,",
D,T60.0X1,T60.0X2,T60.0X3,T60.0X4,-,-- ,,Dicrotofós,0,1,87015,F,0,,112801.0,"0,87015,",
D,T45.511,T45.512,T45.513,T45.514,T45.515,T45.516 ,,"Dicumarol, dicumarínicos, dicumarol",0,1,87016,F,0,,112802.0,"0,87016,",
D,T37.5X1,T37.5X2,T37.5X3,T37.5X4,T37.5X5,T37.5X6 ,,Dideoxicitidina,0,1,87017,F,0,,112803.0,"0,87017,",
D,T37.5X1,T37.5X2,T37.5X3,T37.5X4,T37.5X5,T37.5X6 ,,Dideoxinosina,0,1,87018,F,0,,112804.0,"0,87018,",
D,T38.5X1,T38.5X2,T38.5X3,T38.5X4,T38.5X5,T38.5X6 ,,Didrogesterona,0,1,87019,F,0,,112805.0,"0,87019,",
D,T60.1X1,T60.1X2,T60.1X3,T60.1X4,-,-- ,,Dieldrina (emanaciones),0,1,87021,F,0,,112807.0,"0,87021,",
D,T42.3X1,T42.3X2,T42.3X3,T42.3X4,T42.3X5,T42.3X6 ,,Diemal,0,1,87022,F,0,,112808.0,"0,87022,",
D,T38.5X1,T38.5X2,T38.5X3,T38.5X4,T38.5X5,T38.5X6 ,,Dienestrol,0,1,87023,F,0,,112809.0,"0,87023,",
D,T38.5X1,T38.5X2,T38.5X3,T38.5X4,T38.5X5,T38.5X6 ,,Dienoestrol,0,1,87024,F,0,,112810.0,"0,87024,",
D,T42.8X1,T42.8X2,T42.8X3,T42.8X4,T42.8X5,T42.8X6 ,,Dietacina,0,1,87025,F,0,,112811.0,"0,87025,",
D,T40.8X1,T40.8X2,T40.8X3,T40.8X4,-,--,,"Dietilamida, ácido lisérgico",0,1,87027,F,0,,112813.0,"0,87027,",
D,T37.4X1,T37.4X2,T37.4X3,T37.4X4,T37.4X5,T37.4X6 ,,Dietilcarbamacina,0,1,87028,F,0,,112814.0,"0,87028,",
D,,,,,,,,Dietileno,0,0,87029,F,0,,112815.0,"0,87029,",
D,T38.5X1,T38.5X2,T38.5X3,T38.5X4,T38.5X5,T38.5X6 ,,Dietilestilbestrol,0,1,87033,F,0,,112819.0,"0,87033,",
D,T65.891,T65.892,T65.893,T65.894,-,-- ,,Dietilhexilftalato,0,1,87035,F,0,,112821.0,"0,87035,",
D,,,,,, ,,Dietilo,0,0,87036,F,0,,112822.0,"0,87036,",
D,T50.5X1,T50.5X2,T50.5X3,T50.5X4,T50.5X5,T50.5X6 ,,Dietilpropion,0,1,87047,F,0,,112833.0,"0,87047,",
D,T42.6X1,T42.6X2,T42.6X3,T42.6X4,T42.6X5,T42.6X6 ,,Dietilsulfona-dietilmetano,0,1,87048,F,0,,112834.0,"0,87048,",
D,T49.0X1,T49.0X2,T49.0X3,T49.0X4,T49.0X5,T49.0X6 ,,Dietiltoluamida,0,1,87049,F,0,,112835.0,"0,87049,",
D,T40.991,T40.992,T40.993,T40.994,,,,Dietiltriptamine (DET),0,1,87050,F,0,,112836.0,"0,87050,",
D,T50.901,T50.902,T50.903,T50.904,T50.905,T50.906 ,,"Dietética, drogas NCOC",0,1,87026,F,0,,112812.0,"0,87026,",
D,T60.4X1,T60.4X2,T60.4X3,T60.4X4,-,-- ,,Difacinona,0,1,87051,F,0,,112837.0,"0,87051,",
D,T42.3X1,T42.3X2,T42.3X3,T42.3X4,T42.3X5,T42.3X6 ,,Difebarbamate,0,1,87052,F,0,,112838.0,"0,87052,",
D,T44.3X1,T44.3X2,T44.3X3,T44.3X4,T44.3X5,T44.3X6 ,,Difemanil,0,0,87053,F,0,,112839.0,"0,87053,",
D,T45.511,T45.512,T45.513,T45.514,T45.515,T45.516 ,,Difenadiona,0,0,87055,F,0,,112841.0,"0,87055,",
D,T40.2X1,T40.2X2,T40.2X3,T40.2X4,T40.2X5,T40.2X6 ,,Difencloxacina,0,1,87057,F,0,,112843.0,"0,87057,",
D,T45.0X1,T45.0X2,T45.0X3,T45.0X4,T45.0X5,T45.0X6 ,,Difenhidramina,0,1,87058,F,0,,112844.0,"0,87058,",
D,T45.0X1,T45.0X2,T45.0X3,T45.0X4,T45.0X5,T45.0X6 ,,Difenidol,0,1,87060,F,0,,112846.0,"0,87060,",
D,T65.3X1,T65.3X2,T65.3X3,T65.3X4,-,-- ,,Difenilamina,0,1,87061,F,0,,112847.0,"0,87061,",
D,T39.2X1,T39.2X2,T39.2X3,T39.2X4,T39.2X5,T39.2X6 ,,Difenilbutazona,0,1,87062,F,0,,112848.0,"0,87062,",
D,T57.0X1,T57.0X2,T57.0X3,T57.0X4,-,-- ,,"Difenilcloroarsina, no en guerra",0,1,87063,F,0,,112849.0,"0,87063,",
D,T42.0X1,T42.0X2,T42.0X3,T42.0X4,T42.0X5,T42.0X6 ,,Difenilhidantoína,0,1,87064,F,0,,112850.0,"0,87064,",
D,T52.1X1,T52.1X2,T52.1X3,T52.1X4,-,-- ,,"Difenilmetano, tinte",0,1,87065,F,0,,112851.0,"0,87065,",
D,T45.0X1,T45.0X2,T45.0X3,T45.0X4,T45.0X5,T45.0X6 ,,Difenilpiralina,0,1,87066,F,0,,112852.0,"0,87066,",
D,T47.6X1,T47.6X2,T47.6X3,T47.6X4,T47.6X5,T47.6X6 ,,Difenoxilato,0,1,87067,F,0,,112853.0,"0,87067,",
D,T47.6X1,T47.6X2,T47.6X3,T47.6X4,T47.6X5,T47.6X6 ,,Difenoxina,0,1,87068,F,0,,112854.0,"0,87068,",
D,T37.3X1,T37.3X2,T37.3X3,T37.3X4,T37.3X5,T37.3X6 ,,Difetarsona,0,1,87069,F,0,,112855.0,"0,87069,",
D,T44.3X1,T44.3X2,T44.3X3,T44.3X4,T44.3X5,T44.3X6,,Difilina,0,1,87071,F,0,,112857.0,"0,87071,",
D,T49.0X1,T49.0X2,T49.0X3,T49.0X4,T49.0X5,T49.0X6 ,,Diflorasona,0,1,87072,F,0,,112858.0,"0,87072,",
D,T44.0X1,T44.0X2,T44.0X3,T44.0X4,T44.0X5,T44.0X6 ,,Diflos,0,1,87073,F,0,,112859.0,"0,87073,",
D,T60.1X1,T60.1X2,T60.1X3,T60.1X4,-,-- ,,Diflubenzuron,0,1,87075,F,0,,112861.0,"0,87075,",
D,T49.0X1,T49.0X2,T49.0X3,T49.0X4,T49.0X5,T49.0X6 ,,Diflucortolona,0,1,87076,F,0,,112862.0,"0,87076,",
D,T39.091,T39.092,T39.093,T39.094,T39.095,T39.096 ,,Diflunisal,0,1,87077,F,0,,112863.0,"0,87077,",
D,T44.0X1,T44.0X2,T44.0X3,T44.0X4,T44.0X5,T44.0X6 ,,Difluorofato,0,1,87078,F,0,,112864.0,"0,87078,",
D,T42.8X1,T42.8X2,T42.8X3,T42.8X4,T42.8X5,T42.8X6 ,,Difluorometildopa,0,1,87079,F,0,,112865.0,"0,87079,",
D,,,,,, ,,Difteria,0,0,87080,F,0,,112866.0,"0,87080,",
D,T45.3X1,T45.3X2,T45.3X3,T45.3X4,T45.3X5,T45.3X6 ,,Difusina,0,1,87089,F,0,,112875.0,"0,87089,",
D,T47.5X1,T47.5X2,T47.5X3,T47.5X4,T47.5X5,T47.5X6 ,,Digestivo NCOC,0,1,87090,F,0,,112876.0,"0,87090,",
D,T46.0X1,T46.0X2,T46.0X3,T46.0X4,T46.0X5,T46.0X6 ,,Digitalina,0,1,87091,F,0,,112877.0,"0,87091,",
D,T46.0X1,T46.0X2,T46.0X3,T46.0X4,T46.0X5,T46.0X6 ,,Digitalis (hoja) (glucósido),0,0,87092,F,0,,112878.0,"0,87092,",
D,T46.0X1,T46.0X2,T46.0X3,T46.0X4,T46.0X5,T46.0X6 ,,Digitoxina,0,1,87095,F,0,,112881.0,"0,87095,",
D,T46.0X1,T46.0X2,T46.0X3,T46.0X4,T46.0X5,T46.0X6 ,,Digitoxosa,0,1,87096,F,0,,112882.0,"0,87096,",
D,T46.0X1,T46.0X2,T46.0X3,T46.0X4,T46.0X5,T46.0X6 ,,Digoxina,0,1,87098,F,0,,112884.0,"0,87098,",
D,T46.5X1,T46.5X2,T46.5X3,T46.5X4,T46.5X5,T46.5X6 ,,Dihidracina,0,1,87099,F,0,,112885.0,"0,87099,",
D,T46.5X1,T46.5X2,T46.5X3,T46.5X4,T46.5X5,T46.5X6 ,,Dihidralacina,0,1,87100,F,0,,112886.0,"0,87100,",
D,T40.2X1,T40.2X2,T40.2X3,T40.2X4,T40.2X5,T40.2X6 ,,Dihidrocodeinona,0,1,87102,F,0,,112888.0,"0,87102,",
D,T40.2X1,T40.2X2,T40.2X3,T40.2X4,T40.2X5,T40.2X6 ,,Dihidrocodeína,0,1,87101,F,0,,112887.0,"0,87101,",
D,T46.7X1,T46.7X2,T46.7X3,T46.7X4,T46.7X5,T46.7X6 ,,Dihidroergocornina,0,1,87103,F,0,,112889.0,"0,87103,",
D,T46.7X1,T46.7X2,T46.7X3,T46.7X4,T46.7X5,T46.7X6 ,,Dihidroergocriptina,0,1,87104,F,0,,112890.0,"0,87104,",
D,T46.7X1,T46.7X2,T46.7X3,T46.7X4,T46.7X5,T46.7X6 ,,Dihidroergocristina (mesilato),0,1,87105,F,0,,112891.0,"0,87105,",
D,T46.5X1,T46.5X2,T46.5X3,T46.5X4,T46.5X5,T46.5X6 ,,Dihidroergotamina,0,1,87106,F,0,,112892.0,"0,87106,",
D,T46.7X1,T46.7X2,T46.7X3,T46.7X4,T46.7X5,T46.7X6 ,,Dihidroergotoxina,0,0,87107,F,0,,112893.0,"0,87107,",
D,T36.5X1,T36.5X2,T36.5X3,T36.5X4,T36.5X5,T36.5X6 ,,Dihidroestreptomicina,0,1,87109,F,0,,112895.0,"0,87109,",
D,T40.2X1,T40.2X2,T40.2X3,T40.2X4,T40.2X5,T40.2X6 ,,Dihidrohidroxicodeinona,0,1,87110,F,0,,112896.0,"0,87110,",
D,T40.2X1,T40.2X2,T40.2X3,T40.2X4,T40.2X5,T40.2X6 ,,Dihidrohidroximorfinona,0,1,87111,F,0,,112897.0,"0,87111,",
D,T40.2X1,T40.2X2,T40.2X3,T40.2X4,T40.2X5,T40.2X6 ,,Dihidroisocodeína,0,1,87112,F,0,,112898.0,"0,87112,",
D,T40.2X1,T40.2X2,T40.2X3,T40.2X4,T40.2X5,T40.2X6 ,,Dihidromorfina,0,1,87113,F,0,,112899.0,"0,87113,",
D,T40.2X1,T40.2X2,T40.2X3,T40.2X4,T40.2X5,T40.2X6 ,,Dihidromorfinona,0,1,87114,F,0,,112900.0,"0,87114,",
D,T45.2X1,T45.2X2,T45.2X3,T45.2X4,T45.2X5,T45.2X6 ,,Dihidrotaquisterol,0,1,87115,F,0,,112901.0,"0,87115,",
D,T47.1X1,T47.1X2,T47.1X3,T47.1X4,T47.1X5,T47.1X6 ,,Dihidroxialuminio aminoacetato,0,1,87116,F,0,,112902.0,"0,87116,",
D,T47.1X1,T47.1X2,T47.1X3,T47.1X4,T47.1X5,T47.1X6 ,,"Dihidroxialuminio, carbonato de sodio",0,1,87117,F,0,,112903.0,"0,87117,",
D,T47.2X1,T47.2X2,T47.2X3,T47.2X4,T47.2X5,T47.2X6 ,,Dihidroxiantraquinona,0,1,87118,F,0,,112904.0,"0,87118,",
D,T40.2X1,T40.2X2,T40.2X3,T40.2X4,T40.2X5,T40.2X6 ,,Dihidroxicodeinona,0,1,87119,F,0,,112905.0,"0,87119,",
D,T50.2X1,T50.2X2,T50.2X3,T50.2X4,T50.2X5,T50.2X6 ,,Dihidroxipropil teofilina,0,1,87120,F,0,,112906.0,"0,87120,",
D,T44.3X1,T44.3X2,T44.3X3,T44.3X4,T44.3X5,T44.3X6 ,,Diisopromina,0,1,87121,F,0,,112907.0,"0,87121,",
D,T46.3X1,T46.3X2,T46.3X3,T46.3X4,T46.3X5,T46.3X6 ,,Diisopropilamina,0,1,87122,F,0,,112908.0,"0,87122,",
D,T44.0X1,T44.0X2,T44.0X3,T44.0X4,T44.0X5,T44.0X6 ,,Diisopropilfluorofosfonato,0,1,87123,F,0,,112909.0,"0,87123,",
D,T42.0X1,T42.0X2,T42.0X3,T42.0X4,T42.0X5,T42.0X6 ,,Dilantina,0,1,87124,F,0,,112910.0,"0,87124,",
D,T40.2X1,T40.2X2,T40.2X3,T40.2X4,T40.2X5,T40.2X6 ,,Dilaudid,0,1,87125,F,0,,112911.0,"0,87125,",
D,T46.3X1,T46.3X2,T46.3X3,T46.3X4,T46.3X5,T46.3X6 ,,Dilazep,0,1,87126,F,0,,112912.0,"0,87126,",
D,T37.3X1,T37.3X2,T37.3X3,T37.3X4,T37.3X5,T37.3X6 ,,Diloxanida,0,1,87127,F,0,,112913.0,"0,87127,",
D,T46.1X1,T46.1X2,T46.1X3,T46.1X4,T46.1X5,T46.1X6 ,,Diltiazem,0,1,87128,F,0,,112914.0,"0,87128,",
D,T49.0X1,T49.0X2,T49.0X3,T49.0X4,T49.0X5,T49.0X6 ,,Dimazol,0,1,87129,F,0,,112915.0,"0,87129,",
D,T50.7X1,T50.7X2,T50.7X3,T50.7X4,T50.7X5,T50.7X6 ,,Dimeflina,0,1,87130,F,0,,112916.0,"0,87130,",
D,T60.0X1,T60.0X2,T60.0X3,T60.0X4,-,-- ,,Dimefox,0,1,87131,F,0,,112917.0,"0,87131,",
D,T38.3X1,T38.3X2,T38.3X3,T38.3X4,T38.3X5,T38.3X6 ,,Dimelor,0,1,87132,F,0,,112918.0,"0,87132,",
D,T48.3X1,T48.3X2,T48.3X3,T48.3X4,T48.3X5,T48.3X6 ,,Dimemorfano,0,1,87133,F,0,,112919.0,"0,87133,",
D,T45.0X1,T45.0X2,T45.0X3,T45.0X4,T45.0X5,T45.0X6 ,,Dimenhidrinato,0,1,87134,F,0,,112920.0,"0,87134,",
D,T45.8X1,T45.8X2,T45.8X3,T45.8X4,T45.8X5,T45.8X6 ,,Dimercaprol,0,1,87135,F,0,,112921.0,"0,87135,",
D,T45.8X1,T45.8X2,T45.8X3,T45.8X4,T45.8X5,T45.8X6 ,,Dimercaptopropanol,0,1,87136,F,0,,112922.0,"0,87136,",
D,T38.5X1,T38.5X2,T38.5X3,T38.5X4,T38.5X5,T38.5X6 ,,Dimestrol,0,1,87137,F,0,,112923.0,"0,87137,",
D,T45.0X1,T45.0X2,T45.0X3,T45.0X4,T45.0X5,T45.0X6 ,,Dimetano,0,1,87138,F,0,,112924.0,"0,87138,",
D,T47.1X1,T47.1X2,T47.1X3,T47.1X4,T47.1X5,T47.1X6 ,,Dimeticona,0,1,87140,F,0,,112926.0,"0,87140,",
D,,,,,, ,,Dimetil,0,0,87141,F,0,,112927.0,"0,87141,",
D,T49.4X1,T49.4X2,T49.4X3,T49.4X4,T49.4X5,T49.4X6 ,,"Dimetilamina, sulfato de ",0,1,87158,F,0,,112944.0,"0,87158,",
D,T52.8X1,T52.8X2,T52.8X3,T52.8X4,-,-- ,,Dimetilformamida,0,1,87160,F,0,,112946.0,"0,87160,",
D,T48.1X1,T48.1X2,T48.1X3,T48.1X4,T48.1X5,T48.1X6 ,,"Dimetiltubocurarinio, cloruro",0,1,87161,F,0,,112947.0,"0,87161,",
D,T60.0X1,T60.0X2,T60.0X3,T60.0X4,-,-- ,,Dimetilán,0,1,87159,F,0,,112945.0,"0,87159,",
D,T45.0X1,T45.0X2,T45.0X3,T45.0X4,T45.0X5,T45.0X6 ,,Dimetindene,0,1,87162,F,0,,112948.0,"0,87162,",
D,T45.0X1,T45.0X2,T45.0X3,T45.0X4,T45.0X5,T45.0X6 ,,Dimetindeno,0,1,87163,F,0,,112949.0,"0,87163,",
D,T49.1X1,T49.1X2,T49.1X3,T49.1X4,T49.1X5,T49.1X6 ,,Dimetisoquina,0,1,87164,F,0,,112950.0,"0,87164,",
D,T38.5X1,T38.5X2,T38.5X3,T38.5X4,T38.5X5,T38.5X6 ,,Dimetisterona,0,1,87165,F,0,,112951.0,"0,87165,",
D,T60.0X1,T60.0X2,T60.0X3,T60.0X4,-,-- ,,Dimetoato,0,1,87166,F,0,,112952.0,"0,87166,",
D,T41.3X1,T41.3X2,T41.3X3,T41.3X4,T41.3X5,T41.3X6 ,,Dimetocaína,0,1,87167,F,0,,112953.0,"0,87167,",
D,T43.3X1,T43.3X2,T43.3X3,T43.3X4,T43.3X5,T43.3X6 ,,Dimetotiacina,0,1,87168,F,0,,112954.0,"0,87168,",
D,T48.3X1,T48.3X2,T48.3X3,T48.3X4,T48.3X5,T48.3X6 ,,Dimetoxanato,0,1,87169,F,0,,112955.0,"0,87169,",
D,T50.7X1,T50.7X2,T50.7X3,T50.7X4,T50.7X5,T50.7X6 ,,Dimorfolamina,0,1,87170,F,0,,112956.0,"0,87170,",
D,T46.3X1,T46.3X2,T46.3X3,T46.3X4,T46.3X5,T46.3X6 ,,Dimoxilina,0,1,87171,F,0,,112957.0,"0,87171,",
D,T65.3X1,T65.3X2,T65.3X3,T65.3X4,-,-- ,,Dinamita,0,0,87172,F,0,,112958.0,"0,87172,",
D,T65.3X1,T65.3X2,T65.3X3,T65.3X4,-,-- ,,Dinitro (-orto-) cresol (plaguicidas) (spray),0,1,87174,F,0,,112960.0,"0,87174,",
D,T65.3X1,T65.3X2,T65.3X3,T65.3X4,-,-- ,,Dinitrobenceno,0,0,87175,F,0,,112961.0,"0,87175,",
D,T65.3X1,T65.3X2,T65.3X3,T65.3X4,-,-- ,,Dinitrobenzol,0,0,87177,F,0,,112963.0,"0,87177,",
D,T65.3X1,T65.3X2,T65.3X3,T65.3X4,-,-- ,,Dinitrobutilfenol,0,1,87179,F,0,,112965.0,"0,87179,",
D,T65.3X1,T65.3X2,T65.3X3,T65.3X4,-,-- ,,Dinitrociclohexilfenol,0,1,87180,F,0,,112966.0,"0,87180,",
D,T65.3X1,T65.3X2,T65.3X3,T65.3X4,-,-- ,,Dinitrofenol,0,1,87181,F,0,,112967.0,"0,87181,",
D,T48.0X1,T48.0X2,T48.0X3,T48.0X4,T48.0X5,T48.0X6 ,,Dinoprost,0,1,87182,F,0,,112968.0,"0,87182,",
D,T48.0X1,T48.0X2,T48.0X3,T48.0X4,T48.0X5,T48.0X6 ,,Dinoprostona,0,1,87183,F,0,,112969.0,"0,87183,",
D,T60.3X1,T60.3X2,T60.3X3,T60.3X4,-,-- ,,Dinoseb,0,1,87184,F,0,,112970.0,"0,87184,",
D,T47.4X1,T47.4X2,T47.4X3,T47.4X4,T47.4X5,T47.4X6 ,,Dioctilo sulfosuccinato (calcio) (sodio),0,1,87185,F,0,,112971.0,"0,87185,",
D,T50.8X1,T50.8X2,T50.8X3,T50.8X4,T50.8X5,T50.8X6 ,,Diodona,0,1,87186,F,0,,112972.0,"0,87186,",
D,T37.8X1,T37.8X2,T37.8X3,T37.8X4,T37.8X5,T37.8X6 ,,Diodoquina,0,1,87187,F,0,,112973.0,"0,87187,",
D,T40.2X1,T40.2X2,T40.2X3,T40.2X4,T40.2X5,T40.2X6 ,,Dionina,0,1,87188,F,0,,112974.0,"0,87188,",
D,T46.991,T46.992,T46.993,T46.994,T46.995,T46.996 ,,Diosmina,0,1,87189,F,0,,112975.0,"0,87189,",
D,T52.8X1,T52.8X2,T52.8X3,T52.8X4,-,-- ,,Dioxano,0,1,87190,F,0,,112976.0,"0,87190,",
D,T60.0X1,T60.0X2,T60.0X3,T60.0X4,-,-- ,,Dioxation,0,1,87191,F,0,,112977.0,"0,87191,",
D,T46.3X1,T46.3X2,T46.3X3,T46.3X4,T46.3X5,T46.3X6 ,,Dioxilina,0,1,87192,F,0,,112978.0,"0,87192,",
D,T53.7X1,T53.7X2,T53.7X3,T53.7X4,-,-- ,,Dioxina,0,1,87193,F,0,,112979.0,"0,87193,",
D,T43.3X1,T43.3X2,T43.3X3,T43.3X4,T43.3X5,T43.3X6 ,,Dioxoprometacina,0,1,87194,F,0,,112980.0,"0,87194,",
D,T52.8X1,T52.8X2,T52.8X3,T52.8X4,-,-- ,,Dipenteno,0,1,87195,F,0,,112981.0,"0,87195,",
D,T41.3X1,T41.3X2,T41.3X3,T41.3X4,T41.3X5,T41.3X6 ,,Diperodon,0,1,87196,F,0,,112982.0,"0,87196,",
D,T40.491,T40.492,T40.493,T40.494,,,,Dipipanona,0,1,87197,F,0,,112983.0,"0,87197,",
D,T46.3X1,T46.3X2,T46.3X3,T46.3X4,T46.3X5,T46.3X6 ,,Dipiridamol,0,1,87198,F,0,,112984.0,"0,87198,",
D,T39.2X1,T39.2X2,T39.2X3,T39.2X4,T39.2X5,T39.2X6 ,,Dipirona,0,1,87199,F,0,,112985.0,"0,87199,",
D,T49.5X1,T49.5X2,T49.5X3,T49.5X4,T49.5X5,T49.5X6 ,,Dipivefrina,0,1,87200,F,0,,112986.0,"0,87200,",
D,T50.B91,T50.B92,T50.B93,T50.B94,T50.B95,T50.B96 ,,Diplovax,0,1,87201,F,0,,112987.0,"0,87201,",
D,T50.2X1,T50.2X2,T50.2X3,T50.2X4,T50.2X5,T50.2X6 ,,Diprofilina,0,1,87202,F,0,,112988.0,"0,87202,",
D,T48.291,T48.292,T48.293,T48.294,T48.295,T48.296 ,,Dipropilina,0,1,87203,F,0,,112989.0,"0,87203,",
D,T60.3X1,T60.3X2,T60.3X3,T60.3X4,-,-- ,,Diquat (dibromuro),0,1,87204,F,0,,112990.0,"0,87204,",
D,T42.8X1,T42.8X2,T42.8X3,T42.8X4,T42.8X5,T42.8X6 ,,Disipal,0,1,87205,F,0,,112991.0,"0,87205,",
D,T46.2X1,T46.2X2,T46.2X3,T46.2X4,T46.2X5,T46.2X6 ,,Disopiramida,0,1,87207,F,0,,112993.0,"0,87207,",
D,T41.291,T41.292,T41.293,T41.294,T41.295,T41.296 ,,Disoprofol,0,1,87208,F,0,,112994.0,"0,87208,",
D,T44.0X1,T44.0X2,T44.0X3,T44.0X4,T44.0X5,T44.0X6 ,,Distigmina (bromuro),0,1,87209,F,0,,112995.0,"0,87209,",
D,T50.6X1,T50.6X2,T50.6X3,T50.6X4,T50.6X5,T50.6X6 ,,Disuasivo del alcohol,0,1,87210,F,0,,112996.0,"0,87210,",
D,T50.2X1,T50.2X2,T50.2X3,T50.2X4,T50.2X5,T50.2X6 ,,Disulfamida,0,1,87211,F,0,,112997.0,"0,87211,",
D,T37.0X1,T37.0X2,T37.0X3,T37.0X4,T37.0X5,T37.0X6 ,,Disulfanilamida,0,1,87212,F,0,,112998.0,"0,87212,",
D,T50.6X1,T50.6X2,T50.6X3,T50.6X4,T50.6X5,T50.6X6 ,,Disulfiram,0,1,87213,F,0,,112999.0,"0,87213,",
D,T60.0X1,T60.0X2,T60.0X3,T60.0X4,-,-- ,,Disulfotón,0,1,87214,F,0,,113000.0,"0,87214,",
D,T50.6X1,T50.6X2,T50.6X3,T50.6X4,T50.6X5,T50.6X6 ,,"Disódico, edetato ",0,1,87206,F,0,,112992.0,"0,87206,",
D,T37.4X1,T37.4X2,T37.4X3,T37.4X4,T37.4X5,T37.4X6 ,,"Ditiazanina, yoduro",0,1,87215,F,0,,113001.0,"0,87215,",
D,T60.0X1,T60.0X2,T60.0X3,T60.0X4,-,-- ,,Ditiocarbamato,0,1,87216,F,0,,113002.0,"0,87216,",
D,T49.4X1,T49.4X2,T49.4X3,T49.4X4,T49.4X5,T49.4X6 ,,Ditranol,0,1,87217,F,0,,113003.0,"0,87217,",
D,T50.2X1,T50.2X2,T50.2X3,T50.2X4,T50.2X5,T50.2X6 ,,Diucardina,0,1,87218,F,0,,113004.0,"0,87218,",
D,T50.2X1,T50.2X2,T50.2X3,T50.2X4,T50.2X5,T50.2X6 ,,Diuprés,0,1,87219,F,0,,113005.0,"0,87219,",
D,T50.2X1,T50.2X2,T50.2X3,T50.2X4,T50.2X5,T50.2X6 ,,Diurgin,0,1,87231,F,0,,113017.0,"0,87231,",
D,T50.2X1,T50.2X2,T50.2X3,T50.2X4,T50.2X5,T50.2X6 ,,Diuril,0,1,87232,F,0,,113018.0,"0,87232,",
D,T50.2X1,T50.2X2,T50.2X3,T50.2X4,T50.2X5,T50.2X6 ,,Diurético NCOC,0,0,87220,F,0,,113006.0,"0,87220,",
D,T60.3X1,T60.3X2,T60.3X3,T60.3X4,-,-- ,,Diurón,0,1,87233,F,0,,113019.0,"0,87233,",
D,T42.6X1,T42.6X2,T42.6X3,T42.6X4,T42.6X5,T42.6X6 ,,Divalproex,0,1,87234,F,0,,113020.0,"0,87234,",
D,T41.0X1,T41.0X2,T41.0X3,T41.0X4,T41.0X5,T41.0X6 ,,"Divinil, éter",0,1,87235,F,0,,113021.0,"0,87235,",
D,T49.0X1,T49.0X2,T49.0X3,T49.0X4,T49.0X5,T49.0X6 ,,Dixantogeno,0,1,87236,F,0,,113022.0,"0,87236,",
D,T43.3X1,T43.3X2,T43.3X3,T43.3X4,T43.3X5,T43.3X6 ,,Dixiracina,0,1,87237,F,0,,113023.0,"0,87237,",
D,T37.8X1,T37.8X2,T37.8X3,T37.8X4,T37.8X5,T37.8X6 ,,Diyodohidroxiquina,0,0,87238,F,0,,113024.0,"0,87238,",
D,T37.8X1,T37.8X2,T37.8X3,T37.8X4,T37.8X5,T37.8X6 ,,Diyodohidroxiquinolina,0,1,87240,F,0,,113026.0,"0,87240,",
D,T38.2X1,T38.2X2,T38.2X3,T38.2X4,T38.2X5,T38.2X6 ,,Diyodotirosina,0,1,87241,F,0,,113027.0,"0,87241,",
D,T50.3X1,T50.3X2,T50.3X3,T50.3X4,T50.3X5,T50.3X6 ,,"Diálisis, solución de (intraperitoneal)",0,1,86949,F,0,,112735.0,"0,86949,",
D,T44.5X1,T44.5X2,T44.5X3,T44.5X4,T44.5X5,T44.5X6 ,,Dobutamina,0,1,87246,F,0,,113032.0,"0,87246,",
D,T47.4X1,T47.4X2,T47.4X3,T47.4X4,T47.4X5,T47.4X6 ,,Docusato de sodio,0,1,87248,F,0,,113034.0,"0,87248,",
D,T49.0X1,T49.0X2,T49.0X3,T49.0X4,T49.0X5,T49.0X6 ,,Dodicina,0,1,87249,F,0,,113035.0,"0,87249,",
D,T49.0X1,T49.0X2,T49.0X3,T49.0X4,T49.0X5,T49.0X6 ,,Dofamium cloruro,0,1,87250,F,0,,113036.0,"0,87250,",
D,T40.3X1,T40.3X2,T40.3X3,T40.3X4,T40.3X5,T40.3X6 ,,Dolofina,0,1,87251,F,0,,113037.0,"0,87251,",
D,T39.8X1,T39.8X2,T39.8X3,T39.8X4,T39.8X5,T39.8X6 ,,Doloxeno,0,1,87252,F,0,,113038.0,"0,87252,",
D,T49.0X1,T49.0X2,T49.0X3,T49.0X4,T49.0X5,T49.0X6 ,,Domifen (bromuro),0,1,87253,F,0,,113039.0,"0,87253,",
D,T48.4X1,T48.4X2,T48.4X3,T48.4X4,T48.4X5,T48.4X6 ,,Domiodol,0,1,87254,F,0,,113040.0,"0,87254,",
D,T45.0X1,T45.0X2,T45.0X3,T45.0X4,T45.0X5,T45.0X6 ,,Domperidona,0,1,87255,F,0,,113041.0,"0,87255,",
D,T42.8X1,T42.8X2,T42.8X3,T42.8X4,T42.8X5,T42.8X6 ,,Dopa,0,1,87256,F,0,,113042.0,"0,87256,",
D,T44.991,T44.992,T44.993,T44.994,T44.995,T44.996 ,,Dopamina,0,1,87257,F,0,,113043.0,"0,87257,",
D,T56.891,T56.892,T56.893,T56.894,-,-- ,,"Dorado, sulfuro de antimonio",0,1,87258,F,0,,113044.0,"0,87258,",
D,T42.6X1,T42.6X2,T42.6X3,T42.6X4,T42.6X5,T42.6X6 ,,Doriden,0,1,87259,F,0,,113045.0,"0,87259,",
D,T42.3X1,T42.3X2,T42.3X3,T42.3X4,T42.3X5,T42.3X6 ,,Dormiral,0,1,87260,F,0,,113046.0,"0,87260,",
D,T42.6X1,T42.6X2,T42.6X3,T42.6X4,T42.6X5,T42.6X6 ,,Dormison,0,1,87261,F,0,,113047.0,"0,87261,",
D,T48.4X1,T48.4X2,T48.4X3,T48.4X4,T48.4X5,T48.4X6 ,,Dornasa,0,1,87262,F,0,,113048.0,"0,87262,",
D,T41.3X1,T41.3X2,T41.3X3,T41.3X4,T41.3X5,T41.3X6 ,,Dorsacaína,0,1,87263,F,0,,113049.0,"0,87263,",
D,T43.011,T43.012,T43.013,T43.014,T43.015,T43.016 ,,Dosulepina,0,1,87264,F,0,,113050.0,"0,87264,",
D,T43.011,T43.012,T43.013,T43.014,T43.015,T43.016 ,,Dotiepina,0,1,87265,F,0,,113051.0,"0,87265,",
D,T48.6X1,T48.6X2,T48.6X3,T48.6X4,T48.6X5,T48.6X6 ,,Doxantrazol,0,1,87266,F,0,,113052.0,"0,87266,",
D,T50.7X1,T50.7X2,T50.7X3,T50.7X4,T50.7X5,T50.7X6 ,,Doxapram,0,1,87267,F,0,,113053.0,"0,87267,",
D,T44.6X1,T44.6X2,T44.6X3,T44.6X4,T44.6X5,T44.6X6 ,,Doxazosina,0,1,87268,F,0,,113054.0,"0,87268,",
D,T43.011,T43.012,T43.013,T43.014,T43.015,T43.016 ,,Doxepina,0,1,87269,F,0,,113055.0,"0,87269,",
D,T36.4X1,T36.4X2,T36.4X3,T36.4X4,T36.4X5,T36.4X6 ,,Doxiciclina,0,1,87270,F,0,,113056.0,"0,87270,",
D,T45.1X1,T45.1X2,T45.1X3,T45.1X4,T45.1X5,T45.1X6 ,,Doxifluridina,0,1,87271,F,0,,113057.0,"0,87271,",
D,T45.0X1,T45.0X2,T45.0X3,T45.0X4,T45.0X5,T45.0X6 ,,Doxilamina,0,1,87272,F,0,,113058.0,"0,87272,",
D,T45.1X1,T45.1X2,T45.1X3,T45.1X4,T45.1X5,T45.1X6 ,,Doxorrubicina,0,1,87273,F,0,,113059.0,"0,87273,",
D,T45.0X1,T45.0X2,T45.0X3,T45.0X4,T45.0X5,T45.0X6 ,,Dramamina,0,1,87274,F,0,,113060.0,"0,87274,",
D,T54.3X1,T54.3X2,T54.3X3,T54.3X4,-,-- ,,Drano (limpiador de drenaje),0,1,87275,F,0,,113061.0,"0,87275,",
D,T40.2X1,T40.2X2,T40.2X3,T40.2X4,T40.2X5,T40.2X6 ,,Drocode,0,1,87276,F,0,,113062.0,"0,87276,",
D,T40.2X1,T40.2X2,T40.2X3,T40.2X4,T40.2X5,T40.2X6 ,,Dromorán,0,1,87277,F,0,,113063.0,"0,87277,",
D,T38.7X1,T38.7X2,T38.7X3,T38.7X4,T38.7X5,T38.7X6 ,,Dromostanolona,0,1,87278,F,0,,113064.0,"0,87278,",
D,T40.711,T40.712,T40.713,T40.714,T40.715,T40.716,,Dronabinol,0,1,87279,F,0,,113065.0,"0,87279,",
D,T43.591,T43.592,T43.593,T43.594,T43.595,T43.596 ,,Droperidol,0,1,87280,F,0,,113066.0,"0,87280,",
D,T48.3X1,T48.3X2,T48.3X3,T48.3X4,T48.3X5,T48.3X6 ,,Dropropicina,0,1,87281,F,0,,113067.0,"0,87281,",
D,T38.7X1,T38.7X2,T38.7X3,T38.7X4,T38.7X5,T38.7X6 ,,Drostanolona,0,1,87282,F,0,,113068.0,"0,87282,",
D,T44.3X1,T44.3X2,T44.3X3,T44.3X4,T44.3X5,T44.3X6 ,,Drotaverina,0,1,87283,F,0,,113069.0,"0,87283,",
D,T45.511,T45.512,T45.513,T45.514,T45.515,T45.516 ,,Drotrecogina alfa,0,1,87284,F,0,,113070.0,"0,87284,",
D,T44.3X1,T44.3X2,T44.3X3,T44.3X4,T44.3X5,T44.3X6 ,,Duboisina,0,1,87286,F,0,,113072.0,"0,87286,",
D,T47.2X1,T47.2X2,T47.2X3,T47.2X4,T47.2X5,T47.2X6 ,,Dulcolax,0,1,87287,F,0,,113073.0,"0,87287,",
D,T49.2X1,T49.2X2,T49.2X3,T49.2X4,T49.2X5,T49.2X6 ,,Duponol (C) (EP),0,1,87288,F,0,,113074.0,"0,87288,",
D,T38.7X1,T38.7X2,T38.7X3,T38.7X4,T38.7X5,T38.7X6 ,,Durabolina,0,1,87289,F,0,,113075.0,"0,87289,",
E,T50.6X1,T50.6X2,T50.6X3,T50.6X4,T50.6X5,T50.6X6 ,,EDTA,0,1,87301,F,0,,113087.0,"0,87301,",
E,T41.3X1,T41.3X2,T41.3X3,T41.3X4,T41.3X5,T41.3X6 ,,EPAB,0,1,87355,F,0,,113142.0,"0,87355,",
E,T60.0X1,T60.0X2,T60.0X3,T60.0X4,-,-- ,,EPN,0,1,87369,F,0,,113156.0,"0,87369,",
E,T45.8X1,T45.8X2,T45.8X3,T45.8X4,T45.8X5,T45.8X6 ,,EPO,0,1,87370,F,0,,113157.0,"0,87370,",
E,T49.1X1,T49.1X2,T49.1X3,T49.1X4,T49.1X5,T49.1X6 ,,ESDT (destilado solubre de éter de alquitrán),0,1,87410,F,0,,113197.0,"0,87410,",
E,T46.2X1,T46.2X2,T46.2X3,T46.2X4,T46.2X5,T46.2X6 ,,Ecainida,0,1,87290,F,0,,113076.0,"0,87290,",
E,T49.0X1,T49.0X2,T49.0X3,T49.0X4,T49.0X5,T49.0X6 ,,Econazol,0,1,87291,F,0,,113077.0,"0,87291,",
E,T49.5X1,T49.5X2,T49.5X3,T49.5X4,T49.5X5,T49.5X6 ,,"Ecotiofato, ecotiopato",0,1,87292,F,0,,113078.0,"0,87292,",
E,T49.5X1,T49.5X2,T49.5X3,T49.5X4,T49.5X5,T49.5X6 ,,"Ecotiopato, yoduro",0,1,87293,F,0,,113079.0,"0,87293,",
E,T42.6X1,T42.6X2,T42.6X3,T42.6X4,T42.6X5,T42.6X6 ,,Ectilurea,0,1,87294,F,0,,113080.0,"0,87294,",
E,T45.8X1,T45.8X2,T45.8X3,T45.8X4,T45.8X5,T45.8X6 ,,Edatamil disódico,0,1,87295,F,0,,113081.0,"0,87295,",
E,T50.1X1,T50.1X2,T50.1X3,T50.1X4,T50.1X5,T50.1X6 ,,Edecrina,0,1,87296,F,0,,113082.0,"0,87296,",
E,T45.8X1,T45.8X2,T45.8X3,T45.8X4,T45.8X5,T45.8X6 ,,"Edetato, disódico (calcio)",0,1,87297,F,0,,113083.0,"0,87297,",
E,T49.5X1,T49.5X2,T49.5X3,T49.5X4,T49.5X5,T49.5X6 ,,Edoxudina,0,1,87298,F,0,,113084.0,"0,87298,",
E,T44.0X1,T44.0X2,T44.0X3,T44.0X4,T44.0X5,T44.0X6 ,,Edrofonio,0,0,87299,F,0,,113085.0,"0,87299,",
E,T50.901,T50.902,T50.903,T50.904,T50.905,T50.906 ,,Edulcorante,0,1,87302,F,0,,113088.0,"0,87302,",
E,T44.991,T44.992,T44.993,T44.994,T44.995,T44.996 ,,Efedrina,0,1,87303,F,0,,113089.0,"0,87303,",
E,T37.2X1,T37.2X2,T37.2X3,T37.2X4,T37.2X5,T37.2X6 ,,Eflornitina,0,1,87304,F,0,,113090.0,"0,87304,",
E,T46.3X1,T46.3X2,T46.3X3,T46.3X4,T46.3X5,T46.3X6 ,,Efloxate,0,1,87305,F,0,,113091.0,"0,87305,",
E,T49.8X1,T49.8X2,T49.8X3,T49.8X4,T49.8X5,T49.8X6 ,,Elasa,0,1,87306,F,0,,113092.0,"0,87306,",
E,T47.5X1,T47.5X2,T47.5X3,T47.5X4,T47.5X5,T47.5X6 ,,Elastasa,0,1,87307,F,0,,113093.0,"0,87307,",
E,T47.2X1,T47.2X2,T47.2X3,T47.2X4,T47.2X5,T47.2X6 ,,Elaterium,0,1,87308,F,0,,113094.0,"0,87308,",
E,T50.991,T50.992,T50.993,T50.994,T50.995,T50.996 ,,Elcatonina,0,1,87309,F,0,,113095.0,"0,87309,",
E,T50.3X1,T50.3X2,T50.3X3,T50.3X4,T50.3X5,T50.3X6 ,,Electrolitos NCOC,0,1,87313,F,0,,113099.0,"0,87313,",
E,T50.3X1,T50.3X2,T50.3X3,T50.3X4,T50.3X5,T50.3X6 ,,"Electrolítico, agente NCOC",0,1,87312,F,0,,113098.0,"0,87312,",
E,T50.901,T50.902,T50.903,T50.904,T50.905,T50.906 ,,"Elemental, dieta",0,1,87314,F,0,,113100.0,"0,87314,",
E,T50.3X1,T50.3X2,T50.3X3,T50.3X4,T50.3X5,T50.3X6 ,,"Eliminador de sal, resina",0,1,87315,F,0,,113101.0,"0,87315,",
E,T45.1X1,T45.1X2,T45.1X3,T45.1X4,T45.1X5,T45.1X6 ,,Elliptinium acetato,0,1,87316,F,0,,113102.0,"0,87316,",
E,T62.2X1,T62.2X2,T62.2X3,T62.2X4,-,-- ,,Eléboro (negro) (color verde) (color blanco),0,1,87310,F,0,,113096.0,"0,87310,",
E,T62.2X1,T62.2X2,T62.2X3,T62.2X4,-,-- ,,Eléboro verde,0,1,87311,F,0,,113097.0,"0,87311,",
E,T45.0X1,T45.0X2,T45.0X3,T45.0X4,T45.0X5,T45.0X6 ,,Embramina,0,1,87317,F,0,,113103.0,"0,87317,",
E,T44.3X1,T44.3X2,T44.3X3,T44.3X4,T44.3X5,T44.3X6 ,,Emepronio (sales),0,0,87318,F,0,,113104.0,"0,87318,",
E,T37.3X1,T37.3X2,T37.3X3,T37.3X4,T37.3X5,T37.3X6 ,,Emetina,0,1,87321,F,0,,113107.0,"0,87321,",
E,T43.591,T43.592,T43.593,T43.594,T43.595,T43.596 ,,Emilcamato,0,1,87322,F,0,,113108.0,"0,87322,",
E,T49.3X1,T49.3X2,T49.3X3,T49.3X4,T49.3X5,T49.3X6 ,,Emoliente NCOC,0,1,87323,F,0,,113109.0,"0,87323,",
E,T39.8X1,T39.8X2,T39.8X3,T39.8X4,T39.8X5,T39.8X6 ,,Emorfazona,0,1,87324,F,0,,113110.0,"0,87324,",
E,T43.591,T43.592,T43.593,T43.594,T43.595,T43.596 ,,Empiprazol,0,1,87325,F,0,,113111.0,"0,87325,",
E,T48.6X1,T48.6X2,T48.6X3,T48.6X4,T48.6X5,T48.6X6 ,,Emprofilina,0,1,87326,F,0,,113112.0,"0,87326,",
E,T47.1X1,T47.1X2,T47.1X3,T47.1X4,T47.1X5,T47.1X6 ,,Emprostilo,0,1,87327,F,0,,113113.0,"0,87327,",
E,T47.7X1,T47.7X2,T47.7X3,T47.7X4,T47.7X5,T47.7X6 ,,Emético NCOC,0,1,87320,F,0,,113106.0,"0,87320,",
E,T46.4X1,T46.4X2,T46.4X3,T46.4X4,T46.4X5,T46.4X6 ,,Enalapril,0,1,87328,F,0,,113114.0,"0,87328,",
E,T46.4X1,T46.4X2,T46.4X3,T46.4X4,T46.4X5,T46.4X6 ,,Enalaprilato,0,1,87329,F,0,,113115.0,"0,87329,",
E,T46.2X1,T46.2X2,T46.2X3,T46.2X4,T46.2X5,T46.2X6,,Encainida,0,1,94694,F,0,,113116.0,"0,94694,",
E,T52.0X1,T52.0X2,T52.0X3,T52.0X4,-,-- ,,Encendedor líquido de cigarros,0,1,87330,F,0,,113117.0,"0,87330,",
E,T41.3X1,T41.3X2,T41.3X3,T41.3X4,T41.3X5,T41.3X6 ,,Endocaína,0,1,87331,F,0,,113118.0,"0,87331,",
E,T60.2X1,T60.2X2,T60.2X3,T60.2X4,-,-- ,,Endosulfán,0,1,87332,F,0,,113119.0,"0,87332,",
E,T60.3X1,T60.3X2,T60.3X3,T60.3X4,-,-- ,,Endotal,0,1,87333,F,0,,113120.0,"0,87333,",
E,T46.5X1,T46.5X2,T46.5X3,T46.5X4,T46.5X5,T46.5X6 ,,Endralacina,0,1,87334,F,0,,113121.0,"0,87334,",
E,T60.1X1,T60.1X2,T60.1X3,T60.1X4,-,-- ,,Endrina,0,1,87335,F,0,,113122.0,"0,87335,",
E,T47.5X1,T47.5X2,T47.5X3,T47.5X4,T47.5X5,T47.5X6 ,,Eneldo,0,1,87336,F,0,,113123.0,"0,87336,",
E,T41.0X1,T41.0X2,T41.0X3,T41.0X4,T41.0X5,T41.0X6 ,,Enflurano,0,1,87337,F,0,,113124.0,"0,87337,",
E,T42.3X1,T42.3X2,T42.3X3,T42.3X4,T42.3X5,T42.3X6 ,,Enheximalo,0,1,87338,F,0,,113125.0,"0,87338,",
E,T49.6X1,T49.6X2,T49.6X3,T49.6X4,T49.6X5,T49.6X6 ,,Enjuague bucal (antiséptico) (cloruro de zinc),0,1,87339,F,0,,113126.0,"0,87339,",
E,T45.1X1,T45.1X2,T45.1X3,T45.1X4,T45.1X5,T45.1X6 ,,Enocitabina,0,1,87340,F,0,,113127.0,"0,87340,",
E,T38.4X1,T38.4X2,T38.4X3,T38.4X4,T38.4X5,T38.4X6 ,,Enovid,0,1,87341,F,0,,113128.0,"0,87341,",
E,T36.8X1,T36.8X2,T36.8X3,T36.8X4,T36.8X5,T36.8X6 ,,Enoxacina,0,1,87342,F,0,,113129.0,"0,87342,",
E,T45.511,T45.512,T45.513,T45.514,T45.515,T45.516 ,,Enoxaparina (sodio),0,1,87343,F,0,,113130.0,"0,87343,",
E,T38.891,T38.892,T38.893,T38.894,T38.895,T38.896 ,,Enterogastrona,0,1,87344,F,0,,113131.0,"0,87344,",
E,T36.8X1,T36.8X2,T36.8X3,T36.8X4,T36.8X5,T36.8X6 ,,Enviomicina,0,1,87345,F,0,,113132.0,"0,87345,",
E,T45.3X1,T45.3X2,T45.3X3,T45.3X4,T45.3X5,T45.3X6 ,,Enzima NCOC,0,0,87346,F,0,,113133.0,"0,87346,",
E,T45.3X1,T45.3X2,T45.3X3,T45.3X4,T45.3X5,T45.3X6 ,,Enzodase,0,1,87354,F,0,,113141.0,"0,87354,",
E,T44.3X1,T44.3X2,T44.3X3,T44.3X4,T44.3X5,T44.3X6 ,,Epacolina,0,1,87356,F,0,,113143.0,"0,87356,",
E,T42.0X1,T42.0X2,T42.0X3,T42.0X4,T42.0X5,T42.0X6 ,,Epanutin,0,1,87357,F,0,,113144.0,"0,87357,",
E,T37.4X1,T37.4X2,T37.4X3,T37.4X4,T37.4X5,T37.4X6 ,,Epazote americano,0,1,87358,F,0,,113145.0,"0,87358,",
E,T44.991,T44.992,T44.993,T44.994,T44.995,T44.996 ,,Ephedra,0,1,87359,F,0,,113146.0,"0,87359,",
E,T36.0X1,T36.0X2,T36.0X3,T36.0X4,T36.0X5,T36.0X6 ,,Epicilina,0,1,87360,F,0,,113147.0,"0,87360,",
E,T52.8X1,T52.8X2,T52.8X3,T52.8X4,-,-- ,,"Epiclorhidrina, epiclorhidrina",0,1,87361,F,0,,113148.0,"0,87361,",
E,T38.5X1,T38.5X2,T38.5X3,T38.5X4,T38.5X5,T38.5X6 ,,Epiestriol,0,1,87362,F,0,,113149.0,"0,87362,",
E,,,,,,,,"Epilim - véase Sodio, valproato",0,1,87363,F,0,,113150.0,"0,87363,",
E,T38.5X1,T38.5X2,T38.5X3,T38.5X4,T38.5X5,T38.5X6 ,,Epimestrol,0,1,87364,F,0,,113151.0,"0,87364,",
E,T44.5X1,T44.5X2,T44.5X3,T44.5X4,T44.5X5,T44.5X6 ,,Epinefrina,0,1,87365,F,0,,113152.0,"0,87365,",
E,T45.1X1,T45.1X2,T45.1X3,T45.1X4,T45.1X5,T45.1X6 ,,Epirubicina,0,1,87366,F,0,,113153.0,"0,87366,",
E,T38.7X1,T38.7X2,T38.7X3,T38.7X4,T38.7X5,T38.7X6 ,,Epitiostanol,0,1,87367,F,0,,113154.0,"0,87367,",
E,T50.2X1,T50.2X2,T50.2X3,T50.2X4,T50.2X5,T50.2X6 ,,Epitizida,0,1,87368,F,0,,113155.0,"0,87368,",
E,T45.8X1,T45.8X2,T45.8X3,T45.8X4,T45.8X5,T45.8X6 ,,Epoetina alfa,0,1,87371,F,0,,113158.0,"0,87371,",
E,T50.991,T50.992,T50.993,T50.994,T50.995,T50.996 ,,Epomediol,0,1,87372,F,0,,113159.0,"0,87372,",
E,T45.521,T45.522,T45.523,T45.524,T45.525,T45.526 ,,Epoprostenol,0,1,87373,F,0,,113160.0,"0,87373,",
E,T65.891,T65.892,T65.893,T65.894,-,-- ,,"Epoxi, resina",0,1,87374,F,0,,113161.0,"0,87374,",
E,T48.4X1,T48.4X2,T48.4X3,T48.4X4,T48.4X5,T48.4X6 ,,Epracinona,0,1,87375,F,0,,113162.0,"0,87375,",
E,T45.621,T45.622,T45.623,T45.624,T45.625,T45.626 ,,Epsilon amino-caproico ácido,0,1,87376,F,0,,113163.0,"0,87376,",
E,T47.3X1,T47.3X2,T47.3X3,T47.3X4,T47.3X5,T47.3X6 ,,"Epsom, sal de",0,1,87377,F,0,,113164.0,"0,87377,",
E,T40.491,T40.492,T40.493,T40.494,T40.495,T40.496,,Eptazocina,0,1,87378,F,0,,113165.0,"0,87378,",
E,T43.591,T43.592,T43.593,T43.594,T43.595,T43.596 ,,Equanil,0,1,87379,F,0,,113166.0,"0,87379,",
E,T50.3X1,T50.3X2,T50.3X3,T50.3X4,T50.3X5,T50.3X6 ,,"Equilibrio de electrolitos, fármacos para",0,1,87380,F,0,,113167.0,"0,87380,",
E,T62.2X1,T62.2X2,T62.2X3,T62.2X4,-,-- ,,Equisetum,0,0,87381,F,0,,113168.0,"0,87381,",
E,T48.0X1,T48.0X2,T48.0X3,T48.0X4,T48.0X5,T48.0X6 ,,Ergobasina,0,1,87383,F,0,,113170.0,"0,87383,",
E,T45.2X1,T45.2X2,T45.2X3,T45.2X4,T45.2X5,T45.2X6 ,,Ergocalciferol,0,1,87384,F,0,,113171.0,"0,87384,",
E,T46.7X1,T46.7X2,T46.7X3,T46.7X4,T46.7X5,T46.7X6 ,,"Ergoloides, mesilatos",0,1,87385,F,0,,113172.0,"0,87385,",
E,T48.0X1,T48.0X2,T48.0X3,T48.0X4,T48.0X5,T48.0X6 ,,Ergometrina,0,1,87386,F,0,,113173.0,"0,87386,",
E,T48.0X1,T48.0X2,T48.0X3,T48.0X4,T48.0X5,T48.0X6 ,,Ergonovina,0,1,87387,F,0,,113174.0,"0,87387,",
E,T46.5X1,T46.5X2,T46.5X3,T46.5X4,T46.5X5,T46.5X6 ,,Ergotamina,0,1,87388,F,0,,113175.0,"0,87388,",
E,T48.0X1,T48.0X2,T48.0X3,T48.0X4,T48.0X5,T48.0X6 ,,Ergotocina,0,1,87389,F,0,,113176.0,"0,87389,",
E,T48.0X1,T48.0X2,T48.0X3,T48.0X4,T48.0X5,T48.0X6 ,,Ergotrato,0,1,87390,F,0,,113177.0,"0,87390,",
E,T46.3X1,T46.3X2,T46.3X3,T46.3X4,T46.3X5,T46.3X6 ,,"Eritrilo, tetranitrato",0,1,87391,F,0,,113178.0,"0,87391,",
E,T46.3X1,T46.3X2,T46.3X3,T46.3X4,T46.3X5,T46.3X6 ,,"Eritritilo, tetranitrato de",0,1,87392,F,0,,113179.0,"0,87392,",
E,T46.3X1,T46.3X2,T46.3X3,T46.3X4,T46.3X5,T46.3X6 ,,"Eritrol, tetranitrato",0,1,87393,F,0,,113180.0,"0,87393,",
E,T36.3X1,T36.3X2,T36.3X3,T36.3X4,T36.3X5,T36.3X6 ,,Eritromicina (sales),0,0,87394,F,0,,113181.0,"0,87394,",
E,T45.8X1,T45.8X2,T45.8X3,T45.8X4,T45.8X5,T45.8X6 ,,Eritropoyetina,0,0,87397,F,0,,113184.0,"0,87397,",
E,T60.0X1,T60.0X2,T60.0X3,T60.0X4,-,-- ,,Escadrán,0,1,87399,F,0,,113186.0,"0,87399,",
E,T47.2X1,T47.2X2,T47.2X3,T47.2X4,T47.2X5,T47.2X6 ,,Escamonia,0,1,87400,F,0,,113187.0,"0,87400,",
E,T60.4X1,T60.4X2,T60.4X3,T60.4X4,-,--,,"Escila, veneno de ratas",0,1,87401,F,0,,113188.0,"0,87401,",
E,T60.4X1,T60.4X2,T60.4X3,T60.4X4,-,-- ,,Escilaína,0,1,87403,F,0,,113190.0,"0,87403,",
E,T46.991,T46.992,T46.993,T46.994,T46.995,T46.996 ,,Escina,0,1,87404,F,0,,113191.0,"0,87404,",
E,T46.8X1,T46.8X2,T46.8X3,T46.8X4,T46.8X5,T46.8X6 ,,Esclerosante,0,1,87405,F,0,,113192.0,"0,87405,",
E,T61.11,T61.12,T61.13,T61.14,-,-- ,,Escombrotoxina,0,1,87406,F,0,,113193.0,"0,87406,",
E,T44.3X1,T44.3X2,T44.3X3,T44.3X4,T44.3X5,T44.3X6 ,,Escopolamina,0,1,87407,F,0,,113194.0,"0,87407,",
E,T45.2X1,T45.2X2,T45.2X3,T45.2X4,T45.2X5,T45.2X6 ,,Esculina,0,1,87408,F,0,,113195.0,"0,87408,",
E,T45.2X1,T45.2X2,T45.2X3,T45.2X4,T45.2X5,T45.2X6 ,,Esculósida,0,1,87409,F,0,,113196.0,"0,87409,",
E,T49.5X1,T49.5X2,T49.5X3,T49.5X4,T49.5X5,T49.5X6 ,,Eserina,0,1,87411,F,0,,113198.0,"0,87411,",
E,T39.311,T39.312,T39.313,T39.314,T39.315,T39.316 ,,Esflurbiprofeno,0,1,87412,F,0,,113199.0,"0,87412,",
E,T42.3X1,T42.3X2,T42.3X3,T42.3X4,T42.3X5,T42.3X6 ,,Eskabarb,0,1,87413,F,0,,113200.0,"0,87413,",
E,T43.8X1,T43.8X2,T43.8X3,T43.8X4,T43.8X5,T43.8X6 ,,Eskalith,0,1,87414,F,0,,113201.0,"0,87414,",
E,T44.7X1,T44.7X2,T44.7X3,T44.7X4,T44.7X5,T44.7X6 ,,Esmolol,0,1,87415,F,0,,113202.0,"0,87415,",
E,T43.3X1,T43.3X2,T43.3X3,T43.3X4,T43.3X5,T43.3X6 ,,Esparina,0,1,87417,F,0,,113204.0,"0,87417,",
E,T48.0X1,T48.0X2,T48.0X3,T48.0X4,T48.0X5,T48.0X6 ,,Esparteína,0,1,87418,F,0,,113205.0,"0,87418,",
E,,,,,, ,,Espasmolítico,0,0,87419,F,0,,113206.0,"0,87419,",
E,T49.8X1,T49.8X2,T49.8X3,T49.8X4,T49.8X5,T49.8X6 ,,"Española, mosca",0,1,87416,F,0,,113203.0,"0,87416,",
E,T36.5X1,T36.5X2,T36.5X3,T36.5X4,T36.5X5,T36.5X6 ,,Espectinomicina,0,1,87425,F,0,,113212.0,"0,87425,",
E,T49.8X1,T49.8X2,T49.8X3,T49.8X4,T49.8X5,T49.8X6 ,,Espermicida,0,1,87426,F,0,,113213.0,"0,87426,",
E,T37.4X1,T37.4X2,T37.4X3,T37.4X4,T37.4X5,T37.4X6 ,,Espigelia (raíz),0,1,87427,F,0,,113214.0,"0,87427,",
E,T43.4X1,T43.4X2,T43.4X3,T43.4X4,T43.4X5,T43.4X6 ,,Espiperona,0,1,87428,F,0,,113215.0,"0,87428,",
E,T36.3X1,T36.3X2,T36.3X3,T36.3X4,T36.3X5,T36.3X6 ,,Espiramicina,0,1,87429,F,0,,113216.0,"0,87429,",
E,T46.4X1,T46.4X2,T46.4X3,T46.4X4,T46.4X5,T46.4X6 ,,Espirapril,0,1,87430,F,0,,113217.0,"0,87430,",
E,T43.591,T43.592,T43.593,T43.594,T43.595,T43.596 ,,Espirileno,0,1,87431,F,0,,113218.0,"0,87431,",
E,T50.0X1,T50.0X2,T50.0X3,T50.0X4,T50.0X5,T50.0X6 ,,Espironolactona,0,1,87438,F,0,,113225.0,"0,87438,",
E,T43.4X1,T43.4X2,T43.4X3,T43.4X4,T43.4X5,T43.4X6 ,,Espiroperidol,0,1,87439,F,0,,113226.0,"0,87439,",
E,T45.7X1,T45.7X2,T45.7X3,T45.7X4,T45.7X5,T45.7X6 ,,"Esponja, absorbible (gelatina)",0,1,87440,F,0,,113227.0,"0,87440,",
E,T49.0X1,T49.0X2,T49.0X3,T49.0X4,T49.0X5,T49.0X6 ,,Esporostacina,0,1,87441,F,0,,113228.0,"0,87441,",
E,T48.4X1,T48.4X2,T48.4X3,T48.4X4,T48.4X5,T48.4X6 ,,"Esputo, fármaco para disminuir la viscocidad",0,1,87442,F,0,,113229.0,"0,87442,",
E,T51.0X1,T51.0X2,T51.0X3,T51.0X4,-,-- ,,"Espíritu , esencia (-s) (neutral) NCOC",0,0,87432,F,0,,113219.0,"0,87432,",
E,T37.2X1,T37.2X2,T37.2X3,T37.2X4,T37.2X5,T37.2X6 ,,Esquizontozide (sangre) (tejido),0,1,87443,F,0,,113230.0,"0,87443,",
E,T49.0X1,T49.0X2,T49.0X3,T49.0X4,T49.0X5,T49.0X6 ,,Estafisagria o Stavesacre (pediculicida),0,1,87444,F,0,,113231.0,"0,87444,",
E,T38.7X1,T38.7X2,T38.7X3,T38.7X4,T38.7X5,T38.7X6 ,,Estanolona,0,1,87445,F,0,,113232.0,"0,87445,",
E,T38.7X1,T38.7X2,T38.7X3,T38.7X4,T38.7X5,T38.7X6 ,,Estanozolol,0,1,87447,F,0,,113234.0,"0,87447,",
E,T42.4X1,T42.4X2,T42.4X3,T42.4X4,T42.4X5,T42.4X6 ,,Estazolam,0,1,87451,F,0,,113238.0,"0,87451,",
E,T56.6X1,T56.6X2,T56.6X3,T56.6X4,-,-- ,,Estaño (cloruro) (polvo) (óxido) NCOC,0,0,87448,F,0,,113235.0,"0,87448,",
E,T49.7X1,T49.7X2,T49.7X3,T49.7X4,T49.7X5,T49.7X6 ,,"Estañoso, fluoruro",0,1,87450,F,0,,113237.0,"0,87450,",
E,T43.3X1,T43.3X2,T43.3X3,T43.3X4,T43.3X5,T43.3X6 ,,Estelacina,0,1,87452,F,0,,113239.0,"0,87452,",
E,T43.3X1,T43.3X2,T43.3X3,T43.3X4,T43.3X5,T43.3X6 ,,Estemetil,0,1,87453,F,0,,113240.0,"0,87453,",
E,T48.4X1,T48.4X2,T48.4X3,T48.4X4,T48.4X5,T48.4X6 ,,Estepronina,0,1,87454,F,0,,113241.0,"0,87454,",
E,T38.0X1,T38.0X2,T38.0X3,T38.0X4,T38.0X5,T38.0X6 ,,Esteroide,0,0,87455,F,0,,113242.0,"0,87455,",
E,T56.891,T56.892,T56.893,T56.894,-,-- ,,Estibina,0,1,87463,F,0,,113250.0,"0,87463,",
E,T37.4X1,T37.4X2,T37.4X3,T37.4X4,T37.4X5,T37.4X6 ,,Estibofeno,0,1,87464,F,0,,113251.0,"0,87464,",
E,T37.3X1,T37.3X2,T37.3X3,T37.3X4,T37.3X5,T37.3X6 ,,Estibogluconato,0,1,87465,F,0,,113252.0,"0,87465,",
E,T37.3X1,T37.3X2,T37.3X3,T37.3X4,T37.3X5,T37.3X6 ,,Estilbamidina (isetionato),0,1,87466,F,0,,113253.0,"0,87466,",
E,T38.5X1,T38.5X2,T38.5X3,T38.5X4,T38.5X5,T38.5X6 ,,Estilboestrol,0,1,87468,F,0,,113255.0,"0,87468,",
E,T42.8X1,T42.8X2,T42.8X3,T42.8X4,T42.8X5,T42.8X6 ,,Estimarato,0,1,87469,F,0,,113256.0,"0,87469,",
E,,,,,, ,,Estimulante,0,0,87470,F,0,,113257.0,"0,87470,",
E,T65.891,T65.892,T65.893,T65.894,-,-- ,,Estireno,0,1,87477,F,0,,113264.0,"0,87477,",
E,T59.891,T59.892,T59.893,T59.894,-,-- ,,"Estornudo, gas del",0,1,87478,F,0,,113265.0,"0,87478,",
E,T37.8X1,T37.8X2,T37.8X3,T37.8X4,T37.8X5,T37.8X6 ,,Estovarsal,0,1,87484,F,0,,113271.0,"0,87484,",
E,T41.3X1,T41.3X2,T41.3X3,T41.3X4,T41.3X5,T41.3X6 ,,Estovaína,0,0,87479,F,0,,113266.0,"0,87479,",
E,T49.5X1,T49.5X2,T49.5X3,T49.5X4,T49.5X5,T49.5X6 ,,Estoxil,0,1,87485,F,0,,113272.0,"0,87485,",
E,T38.5X1,T38.5X2,T38.5X3,T38.5X4,T38.5X5,T38.5X6 ,,Estradiol,0,1,87489,F,0,,113276.0,"0,87489,",
E,T48.6X1,T48.6X2,T48.6X3,T48.6X4,T48.6X5,T48.6X6 ,,Estramonio,0,0,87490,F,0,,113277.0,"0,87490,",
E,T45.1X1,T45.1X2,T45.1X3,T45.1X4,T45.1X5,T45.1X6 ,,Estramustina,0,1,87492,F,0,,113279.0,"0,87492,",
E,T45.3X1,T45.3X2,T45.3X3,T45.3X4,T45.3X5,T45.3X6 ,,Estreptodornasa,0,1,87493,F,0,,113280.0,"0,87493,",
E,T36.5X1,T36.5X2,T36.5X3,T36.5X4,T36.5X5,T36.5X6 ,,Estreptoducina,0,1,87494,F,0,,113281.0,"0,87494,",
E,T36.5X1,T36.5X2,T36.5X3,T36.5X4,T36.5X5,T36.5X6 ,,Estreptomicina (derivados),0,1,87495,F,0,,113282.0,"0,87495,",
E,T36.5X1,T36.5X2,T36.5X3,T36.5X4,T36.5X5,T36.5X6 ,,Estreptonivicina,0,1,87496,F,0,,113283.0,"0,87496,",
E,T45.611,T45.612,T45.613,T45.614,T45.615,T45.616 ,,Estreptoquinasa,0,1,87497,F,0,,113284.0,"0,87497,",
E,T36.5X1,T36.5X2,T36.5X3,T36.5X4,T36.5X5,T36.5X6 ,,Estreptovaricina,0,1,87498,F,0,,113285.0,"0,87498,",
E,T45.1X1,T45.1X2,T45.1X3,T45.1X4,T45.1X5,T45.1X6 ,,Estreptozocina,0,1,87499,F,0,,113286.0,"0,87499,",
E,T45.1X1,T45.1X2,T45.1X3,T45.1X4,T45.1X5,T45.1X6 ,,Estreptozotocina,0,1,87500,F,0,,113287.0,"0,87500,",
E,T65.1X1,T65.1X2,T65.1X3,T65.1X4,-,-- ,,Estricnina (no medicinal) (plaguicidas) (sales),0,0,87501,F,0,,113288.0,"0,87501,",
E,T38.5X1,T38.5X2,T38.5X3,T38.5X4,T38.5X5,T38.5X6 ,,Estriol,0,1,87504,F,0,,113291.0,"0,87504,",
E,T46.0X1,T46.0X2,T46.0X3,T46.0X4,T46.0X5,T46.0X6 ,,Estrofantina (g) (k),0,1,87508,F,0,,113295.0,"0,87508,",
E,T46.0X1,T46.0X2,T46.0X3,T46.0X4,T46.0X5,T46.0X6 ,,Estrofanto,0,1,87509,F,0,,113296.0,"0,87509,",
E,T38.5X1,T38.5X2,T38.5X3,T38.5X4,T38.5X5,T38.5X6 ,,Estrona,0,1,87515,F,0,,113302.0,"0,87515,",
E,T38.5X1,T38.5X2,T38.5X3,T38.5X4,T38.5X5,T38.5X6 ,,Estropipato,0,1,87516,F,0,,113303.0,"0,87516,",
E,T38.5X1,T38.5X2,T38.5X3,T38.5X4,T38.5X5,T38.5X6 ,,Estrógeno,0,0,87510,F,0,,113297.0,"0,87510,",
E,,,,,, ,,"Estufa de gas - véase Gas, estufa",0,1,87517,F,0,,113304.0,"0,87517,",
E,T49.0X1,T49.0X2,T49.0X3,T49.0X4,T49.0X5,T49.0X6 ,,Etacridina,0,1,87518,F,0,,113305.0,"0,87518,",
E,T50.1X1,T50.1X2,T50.1X3,T50.1X4,T50.1X5,T50.1X6 ,,Etacrinato de sodio,0,1,87519,F,0,,113306.0,"0,87519,",
E,T50.1X1,T50.1X2,T50.1X3,T50.1X4,T50.1X5,T50.1X6 ,,"Etacrínico, ácido ",0,1,87521,F,0,,113308.0,"0,87521,",
E,T42.2X1,T42.2X2,T42.2X3,T42.2X4,T42.2X5,T42.2X6 ,,Etadiona,0,1,87522,F,0,,113309.0,"0,87522,",
E,T48.6X1,T48.6X2,T48.6X3,T48.6X4,T48.6X5,T48.6X6 ,,Etafedrina,0,1,87523,F,0,,113310.0,"0,87523,",
E,T46.3X1,T46.3X2,T46.3X3,T46.3X4,T46.3X5,T46.3X6 ,,Etafenona,0,1,87524,F,0,,113311.0,"0,87524,",
E,T37.1X1,T37.1X2,T37.1X3,T37.1X4,T37.1X5,T37.1X6 ,,Etambutol,0,1,87526,F,0,,113313.0,"0,87526,",
E,T48.6X1,T48.6X2,T48.6X3,T48.6X4,T48.6X5,T48.6X6 ,,Etamifilina,0,1,87527,F,0,,113314.0,"0,87527,",
E,T50.7X1,T50.7X2,T50.7X3,T50.7X4,T50.7X5,T50.7X6 ,,Etamivan,0,1,87528,F,0,,113315.0,"0,87528,",
E,T50.7X1,T50.7X2,T50.7X3,T50.7X4,T50.7X5,T50.7X6 ,,Etamiván,0,1,87529,F,0,,113316.0,"0,87529,",
E,T45.7X1,T45.7X2,T45.7X3,T45.7X4,T45.7X5,T45.7X6 ,,Etamsilato,0,1,87531,F,0,,113318.0,"0,87531,",
E,T51.0X1,T51.0X2,T51.0X3,T51.0X4,-,-- ,,Etanol,0,0,87532,F,0,,113319.0,"0,87532,",
E,T46.8X1,T46.8X2,T46.8X3,T46.8X4,T46.8X5,T46.8X6 ,,"Etanolamina, oleato",0,1,87534,F,0,,113321.0,"0,87534,",
E,T44.3X1,T44.3X2,T44.3X3,T44.3X4,T44.3X5,T44.3X6 ,,Etaverina,0,1,87535,F,0,,113322.0,"0,87535,",
E,T42.6X1,T42.6X2,T42.6X3,T42.6X4,T42.6X5,T42.6X6 ,,Etclorvinol,0,1,87536,F,0,,113323.0,"0,87536,",
E,T50.4X1,T50.4X2,T50.4X3,T50.4X4,T50.4X5,T50.4X6 ,,Etebenecid,0,1,87537,F,0,,113324.0,"0,87537,",
E,T50.4X1,T50.4X2,T50.4X3,T50.4X4,T50.4X5,T50.4X6 ,,Etebenecida,0,1,87538,F,0,,113325.0,"0,87538,",
E,T50.2X1,T50.2X2,T50.2X3,T50.2X4,T50.2X5,T50.2X6 ,,Ethamide,0,1,87546,F,0,,113333.0,"0,87546,",
E,T50.2X1,T50.2X2,T50.2X3,T50.2X4,T50.2X5,T50.2X6 ,,Etiazida,0,1,87547,F,0,,113334.0,"0,87547,",
E,T44.3X1,T44.3X2,T44.3X3,T44.3X4,T44.3X5,T44.3X6 ,,Etibenzatropina,0,1,87548,F,0,,113335.0,"0,87548,",
E,T59.891,T59.892,T59.893,T59.894,-,-- ,,"Etidio, cloruro de (vapor)",0,1,87549,F,0,,113336.0,"0,87549,",
E,T41.3X1,T41.3X2,T41.3X3,T41.3X4,T41.3X5,T41.3X6 ,,Etidocaína,0,0,87550,F,0,,113337.0,"0,87550,",
E,T50.991,T50.992,T50.993,T50.994,T50.995,T50.996 ,,Etidronato,0,1,87553,F,0,,113340.0,"0,87553,",
E,T50.991,T50.992,T50.993,T50.994,T50.995,T50.996 ,,"Etidrónico, ácido (sal disódica)",0,1,87554,F,0,,113341.0,"0,87554,",
E,T42.6X1,T42.6X2,T42.6X3,T42.6X4,T42.6X5,T42.6X6 ,,Etifoxina,0,1,87555,F,0,,113342.0,"0,87555,",
E,T44.4X1,T44.4X2,T44.4X3,T44.4X4,T44.4X5,T44.4X6 ,,Etilefrina,0,1,87556,F,0,,113343.0,"0,87556,",
E,T48.6X1,T48.6X2,T48.6X3,T48.6X4,T48.6X5,T48.6X6 ,,"Etilendiamina, teofilina",0,1,87557,F,0,,113344.0,"0,87557,",
E,T50.6X1,T50.6X2,T50.6X3,T50.6X4,T50.6X5,T50.6X6 ,,Etilendiaminotetraacético - ácido acético ,0,1,87558,F,0,,113345.0,"0,87558,",
E,T50.6X1,T50.6X2,T50.6X3,T50.6X4,T50.6X5,T50.6X6 ,,Etilenedinitrilotetra-acetato,0,1,87559,F,0,,113346.0,"0,87559,",
E,T59.891,T59.892,T59.893,T59.894,-,-- ,,Etileno (gas),0,0,87560,F,0,,113347.0,"0,87560,",
E,T38.7X1,T38.7X2,T38.7X3,T38.7X4,T38.7X5,T38.7X6 ,,Etilestrenol,0,1,87573,F,0,,113360.0,"0,87573,",
E,T42.3X1,T42.3X2,T42.3X3,T42.3X4,T42.3X5,T42.3X6 ,,Etilfeno,0,1,87574,F,0,,113361.0,"0,87574,",
E,T47.4X1,T47.4X2,T47.4X3,T47.4X4,T47.4X5,T47.4X6 ,,Etilhidroxicelulosa,0,1,87575,F,0,,113362.0,"0,87575,",
E,,,,,, ,,Etilideno,0,0,87611,F,0,,113398.0,"0,87611,",
E,T40.2X1,T40.2X2,T40.2X3,T40.2X4,T40.2X5,T40.2X6 ,,Etilmorfina,0,1,87617,F,0,,113404.0,"0,87617,",
E,T48.6X1,T48.6X2,T48.6X3,T48.6X4,T48.6X5,T48.6X6 ,,Etilnorepinefrina,0,1,87618,F,0,,113405.0,"0,87618,",
E,T46.6X1,T46.6X2,T46.6X3,T46.6X4,T46.6X5,T46.6X6 ,,Etilparaclorofeno-oxisobutirato,0,1,87619,F,0,,113406.0,"0,87619,",
E,T42.6X1,T42.6X2,T42.6X3,T42.6X4,T42.6X5,T42.6X6 ,,Etinamato,0,1,87620,F,0,,113407.0,"0,87620,",
E,T38.5X1,T38.5X2,T38.5X3,T38.5X4,T38.5X5,T38.5X6 ,,"Etinilestradiol, etiniloestradiol",0,0,87621,F,0,,113408.0,"0,87621,",
E,T38.4X1,T38.4X2,T38.4X3,T38.4X4,T38.4X5,T38.4X6 ,,Etinodiol,0,1,87628,F,0,,113415.0,"0,87628,",
E,T37.1X1,T37.1X2,T37.1X3,T37.1X4,T37.1X5,T37.1X6 ,,Etioniamida,0,1,87631,F,0,,113418.0,"0,87631,",
E,T46.6X1,T46.6X2,T46.6X3,T46.6X4,T46.6X5,T46.6X6 ,,Etiroxato,0,1,87632,F,0,,113419.0,"0,87632,",
E,T38.5X1,T38.5X2,T38.5X3,T38.5X4,T38.5X5,T38.5X6 ,,Etisterona,0,1,87633,F,0,,113420.0,"0,87633,",
E,T50.8X1,T50.8X2,T50.8X3,T50.8X4,T50.8X5,T50.8X6 ,,"Etiyodado, aceite de  (131 I)",0,1,87634,F,0,,113421.0,"0,87634,",
E,T42.4X1,T42.4X2,T42.4X3,T42.4X4,T42.4X5,T42.4X6 ,,Etizolam,0,1,87635,F,0,,113422.0,"0,87635,",
E,T60.0X1,T60.0X2,T60.0X3,T60.0X4,-,-- ,,Etión,0,1,87629,F,0,,113416.0,"0,87629,",
E,T42.3X1,T42.3X2,T42.3X3,T42.3X4,T42.3X5,T42.3X6 ,,Etobral,0,1,87636,F,0,,113423.0,"0,87636,",
E,T41.3X1,T41.3X2,T41.3X3,T41.3X4,T41.3X5,T41.3X6 ,,Etocaína (infiltración) (tópica),0,0,87637,F,0,,113424.0,"0,87637,",
E,T39.391,T39.392,T39.393,T39.394,T39.395,T39.396 ,,Etodolaco,0,1,87640,F,0,,113427.0,"0,87640,",
E,T37.3X1,T37.3X2,T37.3X3,T37.3X4,T37.3X5,T37.3X6 ,,Etofamida,0,1,87641,F,0,,113428.0,"0,87641,",
E,T46.6X1,T46.6X2,T46.6X3,T46.6X4,T46.6X5,T46.6X6 ,,Etofibrato,0,1,87642,F,0,,113429.0,"0,87642,",
E,T46.7X1,T46.7X2,T46.7X3,T46.7X4,T46.7X5,T46.7X6 ,,Etofilina,0,0,87643,F,0,,113430.0,"0,87643,",
E,T45.1X1,T45.1X2,T45.1X3,T45.1X4,T45.1X5,T45.1X6 ,,Etoglucid,0,1,87645,F,0,,113432.0,"0,87645,",
E,T40.491,T40.492,T40.493,T40.494,T40.495,T40.496,,Etoheptacina,0,1,87646,F,0,,113433.0,"0,87646,",
E,T41.1X1,T41.1X2,T41.1X3,T41.1X4,T41.1X5,T41.1X6 ,,Etomidato,0,1,87647,F,0,,113434.0,"0,87647,",
E,T39.8X1,T39.8X2,T39.8X3,T39.8X4,T39.8X5,T39.8X6 ,,Etomide,0,1,87648,F,0,,113435.0,"0,87648,",
E,T44.3X1,T44.3X2,T44.3X3,T44.3X4,T44.3X5,T44.3X6 ,,Etomidolina,0,1,87649,F,0,,113436.0,"0,87649,",
E,T44.3X1,T44.3X2,T44.3X3,T44.3X4,T44.3X5,T44.3X6 ,,Etopropacina,0,1,87651,F,0,,113438.0,"0,87651,",
E,T45.1X1,T45.1X2,T45.1X3,T45.1X4,T45.1X5,T45.1X6 ,,Etopósido,0,1,87650,F,0,,113437.0,"0,87650,",
E,T40.2X1,T40.2X2,T40.2X3,T40.2X4,T40.2X5,T40.2X6 ,,Etorfina,0,1,87652,F,0,,113439.0,"0,87652,",
E,T42.2X1,T42.2X2,T42.2X3,T42.2X4,T42.2X5,T42.2X6 ,,Etosuximida,0,1,87653,F,0,,113440.0,"0,87653,",
E,T42.0X1,T42.0X2,T42.0X3,T42.0X4,T42.0X5,T42.0X6 ,,Etotoína,0,1,87654,F,0,,113441.0,"0,87654,",
E,T42.3X1,T42.3X2,T42.3X3,T42.3X4,T42.3X5,T42.3X6 ,,Etoval,0,1,87656,F,0,,113443.0,"0,87656,",
E,T37.91,T37.92,T37.93,T37.94,T37.95,T37.96 ,,Etoxaceno,0,1,87657,F,0,,113444.0,"0,87657,",
E,T46.991,T46.992,T46.993,T46.994,T46.995,T46.996 ,,Etoxazorutósido,0,1,87658,F,0,,113445.0,"0,87658,",
E,T50.2X1,T50.2X2,T50.2X3,T50.2X4,T50.2X5,T50.2X6 ,,Etoxzolamida,0,1,87659,F,0,,113446.0,"0,87659,",
E,T50.1X1,T50.1X2,T50.1X3,T50.1X4,T50.1X5,T50.1X6 ,,Etozolin,0,1,87660,F,0,,113447.0,"0,87660,",
E,T50.991,T50.992,T50.993,T50.994,T50.995,T50.996 ,,Etretinata,0,1,87661,F,0,,113448.0,"0,87661,",
E,T43.691,T43.692,T43.693,T43.694,T43.695,T43.696 ,,Etriptamina,0,1,87662,F,0,,113449.0,"0,87662,",
E,,,,,, ,,Etílico,0,0,87576,F,0,,113363.0,"0,87576,",
E,T49.7X1,T49.7X2,T49.7X3,T49.7X4,T49.7X5,T49.7X6 ,,"Eucalipto, aceite de ",0,1,87664,F,0,,113451.0,"0,87664,",
E,T49.5X1,T49.5X2,T49.5X3,T49.5X4,T49.5X5,T49.5X6 ,,Eucatropina,0,1,87665,F,0,,113452.0,"0,87665,",
E,T41.3X1,T41.3X2,T41.3X3,T41.3X4,T41.3X5,T41.3X6 ,,Eucaína,0,1,87663,F,0,,113450.0,"0,87663,",
E,T40.2X1,T40.2X2,T40.2X3,T40.2X4,T40.2X5,T40.2X6 ,,Eucodal,0,1,87666,F,0,,113453.0,"0,87666,",
E,T44.3X1,T44.3X2,T44.3X3,T44.3X4,T44.3X5,T44.3X6 ,,Euftalmina,0,1,87667,F,0,,113454.0,"0,87667,",
E,T42.3X1,T42.3X2,T42.3X3,T42.3X4,T42.3X5,T42.3X6 ,,Euneril,0,1,87668,F,0,,113455.0,"0,87668,",
E,T49.0X1,T49.0X2,T49.0X3,T49.0X4,T49.0X5,T49.0X6 ,,Eurax,0,1,87669,F,0,,113456.0,"0,87669,",
E,T49.4X1,T49.4X2,T49.4X3,T49.4X4,T49.4X5,T49.4X6 ,,Euresol,0,1,87670,F,0,,113457.0,"0,87670,",
E,T38.1X1,T38.1X2,T38.1X3,T38.1X4,T38.1X5,T38.1X6 ,,Eutroide,0,1,87671,F,0,,113458.0,"0,87671,",
E,T50.8X1,T50.8X2,T50.8X3,T50.8X4,T50.8X5,T50.8X6 ,,"Evans, azul de ",0,1,87672,F,0,,113459.0,"0,87672,",
E,T42.3X1,T42.3X2,T42.3X3,T42.3X4,T42.3X5,T42.3X6 ,,Evipal,0,0,87673,F,0,,113460.0,"0,87673,",
E,T42.3X1,T42.3X2,T42.3X3,T42.3X4,T42.3X5,T42.3X6 ,,Evipán,0,0,87675,F,0,,113462.0,"0,87675,",
E,T47.2X1,T47.2X2,T47.2X3,T47.2X4,T47.2X5,T47.2X6 ,,Ex-Lax (fenolftaleína),0,1,87680,F,0,,113467.0,"0,87680,",
E,T49.0X1,T49.0X2,T49.0X3,T49.0X4,T49.0X5,T49.0X6 ,,Exalamida,0,1,87677,F,0,,113464.0,"0,87677,",
E,T39.1X1,T39.1X2,T39.1X3,T39.1X4,T39.1X5,T39.1X6 ,,Exalgina,0,1,87678,F,0,,113465.0,"0,87678,",
E,T50.901,T50.902,T50.903,T50.904,T50.905,T50.906 ,,"Excipientes, farmacéutica",0,1,87679,F,0,,113466.0,"0,87679,",
E,T48.4X1,T48.4X2,T48.4X3,T48.4X4,T48.4X5,T48.4X6 ,,Expectorante NCOC,0,1,87681,F,0,,113468.0,"0,87681,",
E,T49.91,T49.92,T49.93,T49.94,T49.95,T49.96 ,,"Externo, medicamento (piel) (membrana mucosa)",0,0,87683,F,0,,113470.0,"0,87683,",
E,T49.2X1,T49.2X2,T49.2X3,T49.2X4,T49.2X5,T49.2X6 ,,"Extracto vegetal, astringente",0,1,87688,F,0,,113475.0,"0,87688,",
E,T44.3X1,T44.3X2,T44.3X3,T44.3X4,T44.3X5,T44.3X6 ,,"Extrapiramidal, antagonista NCOC",0,1,87689,F,0,,113476.0,"0,87689,",
F,T45.1X1,T45.1X2,T45.1X3,T45.1X4,T45.1X5,T45.1X6 ,,FAC (fluorouracilo + doxorrubicina + ciclofosfamida),0,1,87690,F,0,,113477.0,"0,87690,",
F,T38.811,T38.812,T38.813,T38.814,T38.815,T38.816 ,,FSH,0,1,88008,F,0,,113799.0,"0,88008,",
F,,,,,, ,,Factor,0,0,87691,F,0,,113478.0,"0,87691,",
F,T47.0X1,T47.0X2,T47.0X3,T47.0X4,T47.0X5,T47.0X6 ,,Famotidina,0,1,87697,F,0,,113484.0,"0,87697,",
F,T42.3X1,T42.3X2,T42.3X3,T42.3X4,T42.3X5,T42.3X6 ,,"Fanadorm, fanadorn",0,1,87698,F,0,,113485.0,"0,87698,",
F,T37.3X1,T37.3X2,T37.3X3,T37.3X4,T37.3X5,T37.3X6 ,,Fancuona,0,1,87699,F,0,,113486.0,"0,87699,",
F,T37.3X1,T37.3X2,T37.3X3,T37.3X4,T37.3X5,T37.3X6 ,,Fanquinona,0,1,87700,F,0,,113487.0,"0,87700,",
F,,,,,, ,,Farmacéutico,0,0,87701,F,0,,113488.0,"0,87701,",
F,T48.1X1,T48.1X2,T48.1X3,T48.1X4,T48.1X5,T48.1X6 ,,"Fazadinium, bromuro de",0,1,87706,F,0,,113493.0,"0,87706,",
F,T42.3X1,T42.3X2,T42.3X3,T42.3X4,T42.3X5,T42.3X6 ,,Febarbamato,0,1,87707,F,0,,113494.0,"0,87707,",
F,T47.4X1,T47.4X2,T47.4X3,T47.4X4,T47.4X5,T47.4X6 ,,"Fecal, ablandador ",0,1,87708,F,0,,113495.0,"0,87708,",
F,T48.3X1,T48.3X2,T48.3X3,T48.3X4,T48.3X5,T48.3X6 ,,Fedrilato,0,1,87709,F,0,,113496.0,"0,87709,",
F,T38.891,T38.892,T38.893,T38.894,T38.895,T38.896 ,,Felipresina,0,1,87710,F,0,,113497.0,"0,87710,",
F,T46.1X1,T46.1X2,T46.1X3,T46.1X4,T46.1X5,T46.1X6 ,,Felodipino,0,1,87711,F,0,,113498.0,"0,87711,",
F,T42.3X1,T42.3X2,T42.3X3,T42.3X4,T42.3X5,T42.3X6 ,,Femitona,0,1,87712,F,0,,113499.0,"0,87712,",
F,T43.221,T43.222,T43.223,T43.224,T43.225,T43.226 ,,Femoxetina,0,1,87713,F,0,,113500.0,"0,87713,",
F,T41.3X1,T41.3X2,T41.3X3,T41.3X4,T41.3X5,T41.3X6 ,,Fenacaína,0,1,87714,F,0,,113501.0,"0,87714,",
F,T42.6X1,T42.6X2,T42.6X3,T42.6X4,T42.6X5,T42.6X6 ,,Fenacemida,0,1,87715,F,0,,113502.0,"0,87715,",
F,T39.1X1,T39.1X2,T39.1X3,T39.1X4,T39.1X5,T39.1X6 ,,Fenacetina,0,1,87716,F,0,,113503.0,"0,87716,",
F,T40.2X1,T40.2X2,T40.2X3,T40.2X4,T40.2X5,T40.2X6,,Fenadoxona,0,1,87717,F,0,,113504.0,"0,87717,",
F,T50.991,T50.992,T50.993,T50.994,T50.995,T50.996 ,,"Fenaftacina, reactivo",0,1,87718,F,0,,113505.0,"0,87718,",
F,T43.591,T43.592,T43.593,T43.594,T43.595,T43.596 ,,Fenaglicodol,0,1,87719,F,0,,113506.0,"0,87719,",
F,T46.3X1,T46.3X2,T46.3X3,T46.3X4,T46.3X5,T46.3X6 ,,Fenalcomina,0,1,87720,F,0,,113507.0,"0,87720,",
F,T37.1X1,T37.1X2,T37.1X3,T37.1X4,T37.1X5,T37.1X6 ,,Fenamisal,0,1,87721,F,0,,113508.0,"0,87721,",
F,T42.0X1,T42.0X2,T42.0X3,T42.0X4,T42.0X5,T42.0X6 ,,Fenantoína,0,1,87722,F,0,,113509.0,"0,87722,",
F,T40.491,T40.492,T40.493,T40.494,T40.495,T40.496,,Fenazocina,0,1,87723,F,0,,113510.0,"0,87723,",
F,T39.2X1,T39.2X2,T39.2X3,T39.2X4,T39.2X5,T39.2X6 ,,Fenazona,0,1,87725,F,0,,113512.0,"0,87725,",
F,T39.8X1,T39.8X2,T39.8X3,T39.8X4,T39.8X5,T39.8X6,,Fenazopiridina,0,1,87726,F,0,,113513.0,"0,87726,",
F,T37.4X1,T37.4X2,T37.4X3,T37.4X4,T37.4X5,T37.4X6 ,,Fenbendazol,0,1,87727,F,0,,113514.0,"0,87727,",
F,T36.0X1,T36.0X2,T36.0X3,T36.0X4,T36.0X5,T36.0X6 ,,Fenbenicilina,0,1,87728,F,0,,113515.0,"0,87728,",
F,T50.5X1,T50.5X2,T50.5X3,T50.5X4,T50.5X5,T50.5X6 ,,Fenbutrazato,0,1,87730,F,0,,113517.0,"0,87730,",
F,T43.691,T43.692,T43.693,T43.694,T43.695,T43.696 ,,Fencanfamina,0,1,87731,F,0,,113518.0,"0,87731,",
F,T40.991,T40.992,T40.993,T40.994,T40.995,T40.996,,Fenciclidina,0,1,87732,F,0,,113519.0,"0,87732,",
F,T46.1X1,T46.1X2,T46.1X3,T46.1X4,T46.1X5,T46.1X6 ,,Fendilina,0,1,87733,F,0,,113520.0,"0,87733,",
F,T50.5X1,T50.5X2,T50.5X3,T50.5X4,T50.5X5,T50.5X6 ,,Fendimetracina,0,1,87734,F,0,,113521.0,"0,87734,",
F,T43.1X1,T43.1X2,T43.1X3,T43.1X4,T43.1X5,T43.1X6 ,,Fenelcina,0,1,87735,F,0,,113522.0,"0,87735,",
F,T42.3X1,T42.3X2,T42.3X3,T42.3X4,T42.3X5,T42.3X6 ,,Fenemal,0,1,87736,F,0,,113523.0,"0,87736,",
F,T42.6X1,T42.6X2,T42.6X3,T42.6X4,T42.6X5,T42.6X6 ,,Fenergán,0,1,87737,F,0,,113524.0,"0,87737,",
F,T36.0X1,T36.0X2,T36.0X3,T36.0X4,T36.0X5,T36.0X6 ,,Feneticilina,0,1,87738,F,0,,113525.0,"0,87738,",
F,T43.691,T43.692,T43.693,T43.694,T43.695,T43.696 ,,Fenetilina,0,1,87739,F,0,,113526.0,"0,87739,",
F,T42.6X1,T42.6X2,T42.6X3,T42.6X4,T42.6X5,T42.6X6 ,,Feneturide,0,1,87740,F,0,,113527.0,"0,87740,",
F,T39.391,T39.392,T39.393,T39.394,T39.395,T39.396 ,,Fenflumizol,0,1,87741,F,0,,113528.0,"0,87741,",
F,T50.5X1,T50.5X2,T50.5X3,T50.5X4,T50.5X5,T50.5X6 ,,Fenfluramina,0,1,87742,F,0,,113529.0,"0,87742,",
F,T38.3X1,T38.3X2,T38.3X3,T38.3X4,T38.3X5,T38.3X6 ,,Fenformina,0,1,87743,F,0,,113530.0,"0,87743,",
F,T44.3X1,T44.3X2,T44.3X3,T44.3X4,T44.3X5,T44.3X6 ,,Fenglutarimida,0,1,87744,F,0,,113531.0,"0,87744,",
F,T39.8X1,T39.8X2,T39.8X3,T39.8X4,T39.8X5,T39.8X6 ,,Fenicarbazida,0,1,87745,F,0,,113532.0,"0,87745,",
F,T45.1X1,T45.1X2,T45.1X3,T45.1X4,T45.1X5,T45.1X6 ,,Fenilalanina mostaza,0,1,87746,F,0,,113533.0,"0,87746,",
F,T39.2X1,T39.2X2,T39.2X3,T39.2X4,T39.2X5,T39.2X6 ,,Fenilbutazona,0,1,87748,F,0,,113535.0,"0,87748,",
F,T44.4X1,T44.4X2,T44.4X3,T44.4X4,T44.4X5,T44.4X6 ,,Fenilefrina,0,1,87749,F,0,,113536.0,"0,87749,",
F,T65.3X1,T65.3X2,T65.3X3,T65.3X4,-,-- ,,Fenilendiamina,0,1,87750,F,0,,113537.0,"0,87750,",
F,T38.3X1,T38.3X2,T38.3X3,T38.3X4,T38.3X5,T38.3X6 ,,Feniletilbiguanida,0,1,87751,F,0,,113538.0,"0,87751,",
F,,,,,, ,,Fenilmercúrico,0,0,87752,F,0,,113539.0,"0,87752,",
F,T42.3X1,T42.3X2,T42.3X3,T42.3X4,T42.3X5,T42.3X6 ,,Fenilmetilbarbitona,0,1,87756,F,0,,113543.0,"0,87756,",
F,,,,,, ,,Fenilo,0,0,87757,F,0,,113544.0,"0,87757,",
F,T47.5X1,T47.5X2,T47.5X3,T47.5X4,T47.5X5,T47.5X6 ,,Fenilpropanol,0,1,87764,F,0,,113551.0,"0,87764,",
F,T44.991,T44.992,T44.993,T44.994,T44.995,T44.996 ,,Fenilpropanolamina,0,1,87765,F,0,,113552.0,"0,87765,",
F,T60.0X1,T60.0X2,T60.0X3,T60.0X4,-,-- ,,Fenilsulftion,0,1,87766,F,0,,113553.0,"0,87766,",
F,T45.0X1,T45.0X2,T45.0X3,T45.0X4,T45.0X5,T45.0X6 ,,Feniltoloxamina,0,1,87767,F,0,,113554.0,"0,87767,",
F,T45.0X1,T45.0X2,T45.0X3,T45.0X4,T45.0X5,T45.0X6 ,,Fenindamina,0,1,87768,F,0,,113555.0,"0,87768,",
F,T45.511,T45.512,T45.513,T45.514,T45.515,T45.516 ,,Fenindiona,0,1,87769,F,0,,113556.0,"0,87769,",
F,T43.1X1,T43.1X2,T43.1X3,T43.1X4,T43.1X5,T43.1X6 ,,Fenipracina,0,1,87770,F,0,,113557.0,"0,87770,",
F,T39.8X1,T39.8X2,T39.8X3,T39.8X4,T39.8X5,T39.8X6 ,,"Feniramidol, feniramidon",0,1,87771,F,0,,113558.0,"0,87771,",
F,T45.0X1,T45.0X2,T45.0X3,T45.0X4,T45.0X5,T45.0X6 ,,Feniramina,0,1,87772,F,0,,113559.0,"0,87772,",
F,T47.2X1,T47.2X2,T47.2X3,T47.2X4,T47.2X5,T47.2X6 ,,Fenisatina,0,1,87773,F,0,,113560.0,"0,87773,",
F,T42.0X1,T42.0X2,T42.0X3,T42.0X4,T42.0X5,T42.0X6 ,,Fenitoína,0,0,87774,F,0,,113561.0,"0,87774,",
F,T50.5X1,T50.5X2,T50.5X3,T50.5X4,T50.5X5,T50.5X6 ,,Fenmetracina,0,1,87776,F,0,,113563.0,"0,87776,",
F,T42.3X1,T42.3X2,T42.3X3,T42.3X4,T42.3X5,T42.3X6 ,,Fenobal,0,1,87777,F,0,,113564.0,"0,87777,",
F,T42.3X1,T42.3X2,T42.3X3,T42.3X4,T42.3X5,T42.3X6 ,,Fenobarbital,0,0,87779,F,0,,113566.0,"0,87779,",
F,T50.8X1,T50.8X2,T50.8X3,T50.8X4,T50.8X5,T50.8X6 ,,Fenobutiodil,0,1,87785,F,0,,113572.0,"0,87785,",
F,T49.0X1,T49.0X2,T49.0X3,T49.0X4,T49.0X5,T49.0X6 ,,Fenoctida,0,1,87786,F,0,,113573.0,"0,87786,",
F,T46.6X1,T46.6X2,T46.6X3,T46.6X4,T46.6X5,T46.6X6 ,,Fenofibrato,0,1,87787,F,0,,113574.0,"0,87787,",
F,T49.0X1,T49.0X2,T49.0X3,T49.0X4,T49.0X5,T49.0X6 ,,Fenol,0,0,87788,F,0,,113575.0,"0,87788,",
F,T47.2X1,T47.2X2,T47.2X3,T47.2X4,T47.2X5,T47.2X6 ,,Fenolftaleína,0,1,87795,F,0,,113582.0,"0,87795,",
F,T50.8X1,T50.8X2,T50.8X3,T50.8X4,T50.8X5,T50.8X6 ,,Fenolsulfonftaleína,0,1,87797,F,0,,113584.0,"0,87797,",
F,T40.2X1,T40.2X2,T40.2X3,T40.2X4,,,,Fenomorfán,0,1,87798,F,0,,113585.0,"0,87798,",
F,T42.3X1,T42.3X2,T42.3X3,T42.3X4,T42.3X5,T42.3X6 ,,Fenonil,0,1,87799,F,0,,113586.0,"0,87799,",
F,T40.491,T40.492,T40.493,T40.494,,,,Fenoperidina,0,1,87800,F,0,,113587.0,"0,87800,",
F,T46.991,T46.992,T46.993,T46.994,T46.995,T46.996 ,,Fenopirazona,0,1,87801,F,0,,113588.0,"0,87801,",
F,T39.311,T39.312,T39.313,T39.314,T39.315,T39.316 ,,Fenoprofeno,0,1,87802,F,0,,113589.0,"0,87802,",
F,T50.4X1,T50.4X2,T50.4X3,T50.4X4,T50.4X5,T50.4X6 ,,Fenoquina,0,1,87803,F,0,,113590.0,"0,87803,",
F,T48.6X1,T48.6X2,T48.6X3,T48.6X4,T48.6X5,T48.6X6 ,,Fenoterol,0,1,87804,F,0,,113591.0,"0,87804,",
F,T43.3X1,T43.3X2,T43.3X3,T43.3X4,T43.3X5,T43.3X6 ,,Fenotiazina (psicotrópico) NCOC,0,0,87805,F,0,,113592.0,"0,87805,",
F,T49.0X1,T49.0X2,T49.0X3,T49.0X4,T49.0X5,T49.0X6 ,,Fenotrina,0,1,87807,F,0,,113594.0,"0,87807,",
F,T44.3X1,T44.3X2,T44.3X3,T44.3X4,T44.3X5,T44.3X6 ,,Fenoverina,0,1,87808,F,0,,113595.0,"0,87808,",
F,T48.5X1,T48.5X2,T48.5X3,T48.5X4,T48.5X5,T48.5X6 ,,Fenoxazolina,0,1,87809,F,0,,113596.0,"0,87809,",
F,T46.7X1,T46.7X2,T46.7X3,T46.7X4,T46.7X5,T46.7X6 ,,Fenoxibenzamina,0,1,87810,F,0,,113597.0,"0,87810,",
F,T49.0X1,T49.0X2,T49.0X3,T49.0X4,T49.0X5,T49.0X6 ,,Fenoxietanol,0,1,87811,F,0,,113598.0,"0,87811,",
F,T36.0X1,T36.0X2,T36.0X3,T36.0X4,T36.0X5,T36.0X6 ,,Fenoximetil penicilina,0,1,87812,F,0,,113599.0,"0,87812,",
F,T42.8X1,T42.8X2,T42.8X3,T42.8X4,T42.8X5,T42.8X6 ,,Fenprobamato,0,1,87813,F,0,,113600.0,"0,87813,",
F,T45.511,T45.512,T45.513,T45.514,T45.515,T45.516 ,,Fenprocumona,0,1,87814,F,0,,113601.0,"0,87814,",
F,T50.5X1,T50.5X2,T50.5X3,T50.5X4,T50.5X5,T50.5X6 ,,Fenproporex,0,1,87815,F,0,,113602.0,"0,87815,",
F,T50.2X1,T50.2X2,T50.2X3,T50.2X4,T50.2X5,T50.2X6 ,,Fenquizona,0,1,87816,F,0,,113603.0,"0,87816,",
F,T42.2X1,T42.2X2,T42.2X3,T42.2X4,T42.2X5,T42.2X6 ,,Fensuximida,0,1,87817,F,0,,113604.0,"0,87817,",
F,T40.411,T40.412,T40.413,T40.414,T40.415,T40.416,,Fentanilo (análogos),0,1,87818,F,0,,113605.0,"0,87818,",
F,T43.3X1,T43.3X2,T43.3X3,T43.3X4,T43.3X5,T43.3X6 ,,Fentazina,0,1,87819,F,0,,113606.0,"0,87819,",
F,T50.5X1,T50.5X2,T50.5X3,T50.5X4,T50.5X5,T50.5X6 ,,Fentermina,0,1,87820,F,0,,113607.0,"0,87820,",
F,T36.0X1,T36.0X2,T36.0X3,T36.0X4,T36.0X5,T36.0X6 ,,Fenticilina,0,1,87821,F,0,,113608.0,"0,87821,",
F,T49.0X1,T49.0X2,T49.0X3,T49.0X4,T49.0X5,T49.0X6 ,,Fenticlor,0,1,87822,F,0,,113609.0,"0,87822,",
F,T60.0X1,T60.0X2,T60.0X3,T60.0X4,-,-- ,,Fentión,0,1,87823,F,0,,113610.0,"0,87823,",
F,T46.7X1,T46.7X2,T46.7X3,T46.7X4,T46.7X5,T46.7X6 ,,Fentolamina,0,1,87824,F,0,,113611.0,"0,87824,",
F,T49.1X1,T49.1X2,T49.1X3,T49.1X4,T49.1X5,T49.1X6 ,,"Fenólica, preparación",0,1,87796,F,0,,113583.0,"0,87796,",
F,T39.2X1,T39.2X2,T39.2X3,T39.2X4,T39.2X5,T39.2X6 ,,Feprazona,0,1,87825,F,0,,113612.0,"0,87825,",
F,T63.061,T63.062,T63.063,T63.064,-,-- ,,Fer de Lance (mordedura) (veneno),0,1,87826,F,0,,113613.0,"0,87826,",
F,T45.4X1,T45.4X2,T45.4X3,T45.4X4,T45.4X5,T45.4X6 ,,Ferritina,0,1,87834,F,0,,113621.0,"0,87834,",
F,T45.4X1,T45.4X2,T45.4X3,T45.4X4,T45.4X5,T45.4X6 ,,Ferrocolinato,0,1,87835,F,0,,113622.0,"0,87835,",
F,T45.4X1,T45.4X2,T45.4X3,T45.4X4,T45.4X5,T45.4X6 ,,Ferrodextrano,0,1,87836,F,0,,113623.0,"0,87836,",
F,T45.4X1,T45.4X2,T45.4X3,T45.4X4,T45.4X5,T45.4X6 ,,Ferropolimalero,0,1,87837,F,0,,113624.0,"0,87837,",
F,,,,,, ,,Ferroso - véase además Hierro,0,0,87838,F,0,,113625.0,"0,87838,",
F,T45.4X1,T45.4X2,T45.4X3,T45.4X4,T45.4X5,T45.4X6 ,,"Ferroso, fumerato, gluconato, lactato, sal NCOC, sulfato (medicinal)",0,1,87842,F,0,,113629.0,"0,87842,",
F,T59.891,T59.892,T59.893,T59.894,-,-- ,,Ferrovanadio (emanaciones),0,1,87843,F,0,,113630.0,"0,87843,",
F,,,,,, ,,Ferrum - véase Hierro,0,1,87844,F,0,,113631.0,"0,87844,",
F,T65.891,T65.892,T65.893,T65.894,-,-- ,,Fertilizantes NCOC,0,0,87845,F,0,,113632.0,"0,87845,",
F,T47.6X1,T47.6X2,T47.6X3,T47.6X4,T47.6X5,T47.6X6 ,,Fetoxilato,0,1,87847,F,0,,113634.0,"0,87847,",
F,T65.831,T65.832,T65.833,T65.834,-,-- ,,Fibra de vidrio,0,1,87848,F,0,,113635.0,"0,87848,",
F,T47.4X1,T47.4X2,T47.4X3,T47.4X4,T47.4X5,T47.4X6 ,,"Fibra, dieta",0,1,87849,F,0,,113636.0,"0,87849,",
F,T45.691,T45.692,T45.693,T45.694,T45.695,T45.696,,Fibrinolisina (humana),0,1,93994,F,0,,113640.0,"0,93994,",
F,T45.611,T45.612,T45.613,T45.614,T45.615,T45.616 ,,"Fibrinolítico, fármaco",0,1,87854,F,0,,113644.0,"0,87854,",
F,T45.8X1,T45.8X2,T45.8X3,T45.8X4,T45.8X5,T45.8X6 ,,Fibrinógeno (humano),0,1,87850,F,0,,113637.0,"0,87850,",
F,,,,,,,,Fibrinólisis,0,0,87853,F,0,,113641.0,"0,87853,",
F,T45.7X1,T45.7X2,T45.7X3,T45.7X4,T45.7X5,T45.7X6 ,,Filoquinona,0,1,87855,F,0,,113645.0,"0,87855,",
F,T39.011,T39.012,T39.013,T39.014,T39.015,T39.016 ,,Fiorinal,0,1,87856,F,0,,113646.0,"0,87856,",
F,T40.3X1,T40.3X2,T40.3X3,T40.3X4,T40.3X5,T40.3X6 ,,Fiseptona,0,1,87857,F,0,,113647.0,"0,87857,",
F,T49.5X1,T49.5X2,T49.5X3,T49.5X4,T49.5X5,T49.5X6 ,,Fisostigmina,0,1,87858,F,0,,113648.0,"0,87858,",
F,T45.7X1,T45.7X2,T45.7X3,T45.7X4,T45.7X5,T45.7X6 ,,Fitomenadiona,0,1,87859,F,0,,113649.0,"0,87859,",
F,T45.7X1,T45.7X2,T45.7X3,T45.7X4,T45.7X5,T45.7X6 ,,Fitonadiona,0,1,87860,F,0,,113650.0,"0,87860,",
F,T37.3X1,T37.3X2,T37.3X3,T37.3X4,T37.3X5,T37.3X6 ,,Flagyl,0,1,87861,F,0,,113651.0,"0,87861,",
F,T45.2X1,T45.2X2,T45.2X3,T45.2X4,T45.2X5,T45.2X6 ,,"Flavina, adenina dinucleótido de",0,1,87862,F,0,,113652.0,"0,87862,",
F,T44.3X1,T44.3X2,T44.3X3,T44.3X4,T44.3X5,T44.3X6 ,,Flavoxato,0,1,87864,F,0,,113654.0,"0,87864,",
F,T46.991,T46.992,T46.993,T46.994,T46.995,T46.996 ,,"Flavódico, ácido",0,1,87863,F,0,,113653.0,"0,87863,",
F,T48.1X1,T48.1X2,T48.1X3,T48.1X4,T48.1X5,T48.1X6 ,,Flaxedil,0,1,87865,F,0,,113655.0,"0,87865,",
F,T46.2X1,T46.2X2,T46.2X3,T46.2X4,T46.2X5,T46.2X6 ,,Flecainida,0,1,87866,F,0,,113656.0,"0,87866,",
F,T36.8X1,T36.8X2,T36.8X3,T36.8X4,T36.8X5,T36.8X6 ,,Fleroxacin,0,1,87867,F,0,,113657.0,"0,87867,",
F,T39.8X1,T39.8X2,T39.8X3,T39.8X4,T39.8X5,T39.8X6 ,,Floctafenina,0,1,87868,F,0,,113658.0,"0,87868,",
F,T44.6X1,T44.6X2,T44.6X3,T44.6X4,T44.6X5,T44.6X6 ,,Flomax,0,1,87869,F,0,,113659.0,"0,87869,",
F,T36.1X1,T36.1X2,T36.1X3,T36.1X4,T36.1X5,T36.1X6 ,,Flomoxef,0,1,87870,F,0,,113660.0,"0,87870,",
F,T44.3X1,T44.3X2,T44.3X3,T44.3X4,T44.3X5,T44.3X6 ,,Flopropiona,0,1,87871,F,0,,113661.0,"0,87871,",
F,T47.5X1,T47.5X2,T47.5X3,T47.5X4,T47.5X5,T47.5X6 ,,Florantirona,0,1,87872,F,0,,113662.0,"0,87872,",
F,T37.8X1,T37.8X2,T37.8X3,T37.8X4,T37.8X5,T37.8X6 ,,Floraquin,0,1,87873,F,0,,113663.0,"0,87873,",
F,T49.4X1,T49.4X2,T49.4X3,T49.4X4,T49.4X5,T49.4X6 ,,Flores de azufre,0,1,87874,F,0,,113664.0,"0,87874,",
F,T38.0X1,T38.0X2,T38.0X3,T38.0X4,T38.0X5,T38.0X6 ,,Florinef,0,0,87875,F,0,,113665.0,"0,87875,",
F,T45.1X1,T45.1X2,T45.1X3,T45.1X4,T45.1X5,T45.1X6 ,,Floxuridina,0,1,87879,F,0,,113669.0,"0,87879,",
F,T43.4X1,T43.4X2,T43.4X3,T43.4X4,T43.4X5,T43.4X6 ,,Fluanisona,0,1,87880,F,0,,113670.0,"0,87880,",
F,T37.4X1,T37.4X2,T37.4X3,T37.4X4,T37.4X5,T37.4X6 ,,Flubendazol,0,1,87881,F,0,,113671.0,"0,87881,",
F,T37.8X1,T37.8X2,T37.8X3,T37.8X4,T37.8X5,T37.8X6 ,,Flucitosina,0,1,87882,F,0,,113672.0,"0,87882,",
F,T49.0X1,T49.0X2,T49.0X3,T49.0X4,T49.0X5,T49.0X6 ,,"Fluclorolona, acetónido de",0,1,87883,F,0,,113673.0,"0,87883,",
F,T36.0X1,T36.0X2,T36.0X3,T36.0X4,T36.0X5,T36.0X6 ,,Flucloxacilina,0,1,87884,F,0,,113674.0,"0,87884,",
F,T37.8X1,T37.8X2,T37.8X3,T37.8X4,T37.8X5,T37.8X6 ,,Fluconazol,0,1,87885,F,0,,113675.0,"0,87885,",
F,T42.4X1,T42.4X2,T42.4X3,T42.4X4,T42.4X5,T42.4X6 ,,Fludiazepam,0,1,87886,F,0,,113676.0,"0,87886,",
F,T50.0X1,T50.0X2,T50.0X3,T50.0X4,T50.0X5,T50.0X6 ,,Fludrocortisona,0,0,87887,F,0,,113677.0,"0,87887,",
F,T49.0X1,T49.0X2,T49.0X3,T49.0X4,T49.0X5,T49.0X6 ,,Fludroxicortida,0,1,87891,F,0,,113681.0,"0,87891,",
F,T43.3X1,T43.3X2,T43.3X3,T43.3X4,T43.3X5,T43.3X6 ,,Flufenacina,0,1,87892,F,0,,113682.0,"0,87892,",
F,T39.391,T39.392,T39.393,T39.394,T39.395,T39.396 ,,"Flufenámico, ácido",0,1,87893,F,0,,113683.0,"0,87893,",
F,T45.511,T45.512,T45.513,T45.514,T45.515,T45.516 ,,Fluindiona,0,1,87894,F,0,,113684.0,"0,87894,",
F,T37.8X1,T37.8X2,T37.8X3,T37.8X4,T37.8X5,T37.8X6 ,,Flumequina,0,1,87895,F,0,,113685.0,"0,87895,",
F,T49.0X1,T49.0X2,T49.0X3,T49.0X4,T49.0X5,T49.0X6 ,,Flumetasone,0,1,87896,F,0,,113686.0,"0,87896,",
F,T50.2X1,T50.2X2,T50.2X3,T50.2X4,T50.2X5,T50.2X6 ,,Flumetiazida,0,1,87897,F,0,,113687.0,"0,87897,",
F,T37.5X1,T37.5X2,T37.5X3,T37.5X4,T37.5X5,T37.5X6 ,,Flumidina,0,1,87898,F,0,,113688.0,"0,87898,",
F,T46.7X1,T46.7X2,T46.7X3,T46.7X4,T46.7X5,T46.7X6 ,,Flunaricina,0,1,87899,F,0,,113689.0,"0,87899,",
F,T37.8X1,T37.8X2,T37.8X3,T37.8X4,T37.8X5,T37.8X6 ,,Flunidazol,0,1,87900,F,0,,113690.0,"0,87900,",
F,T48.6X1,T48.6X2,T48.6X3,T48.6X4,T48.6X5,T48.6X6 ,,Flunisolida,0,1,87901,F,0,,113691.0,"0,87901,",
F,T42.4X1,T42.4X2,T42.4X3,T42.4X4,T42.4X5,T42.4X6 ,,Flunitrazepam,0,1,87902,F,0,,113692.0,"0,87902,",
F,T49.0X1,T49.0X2,T49.0X3,T49.0X4,T49.0X5,T49.0X6 ,,Fluocinolona,0,1,87903,F,0,,113693.0,"0,87903,",
F,T49.0X1,T49.0X2,T49.0X3,T49.0X4,T49.0X5,T49.0X6 ,,Fluocinolona (acetónido),0,1,87904,F,0,,113694.0,"0,87904,",
F,T49.0X1,T49.0X2,T49.0X3,T49.0X4,T49.0X5,T49.0X6 ,,Fluocinonida,0,1,87905,F,0,,113695.0,"0,87905,",
F,T49.0X1,T49.0X2,T49.0X3,T49.0X4,T49.0X5,T49.0X6 ,,Fluocortin (butilo),0,1,87906,F,0,,113696.0,"0,87906,",
F,T49.0X1,T49.0X2,T49.0X3,T49.0X4,T49.0X5,T49.0X6 ,,Fluocortolona,0,1,87907,F,0,,113697.0,"0,87907,",
F,T38.0X1,T38.0X2,T38.0X3,T38.0X4,T38.0X5,T38.0X6 ,,Fluohidrocortisone,0,0,87908,F,0,,113698.0,"0,87908,",
F,T49.0X1,T49.0X2,T49.0X3,T49.0X4,T49.0X5,T49.0X6 ,,Fluonida,0,1,87912,F,0,,113702.0,"0,87912,",
F,T43.3X1,T43.3X2,T43.3X3,T43.3X4,T43.3X5,T43.3X6 ,,Fluopromacina,0,1,87913,F,0,,113703.0,"0,87913,",
F,T50.8X1,T50.8X2,T50.8X3,T50.8X4,T50.8X5,T50.8X6 ,,Fluoresceína,0,1,87916,F,0,,113706.0,"0,87916,",
F,T49.5X1,T49.5X2,T49.5X3,T49.5X4,T49.5X5,T49.5X6 ,,Fluorfenilalanina,0,1,87917,F,0,,113707.0,"0,87917,",
F,T50.0X1,T50.0X2,T50.0X3,T50.0X4,T50.0X5,T50.0X6 ,,Fluorhidrocortisona,0,1,87920,F,0,,113710.0,"0,87920,",
F,T54.2X1,T54.2X2,T54.2X3,T54.2X4,-,-- ,,"Fluorhídrico, ácido (líquido)",0,0,87918,F,0,,113708.0,"0,87918,",
F,T49.7X1,T49.7X2,T49.7X3,T49.7X4,T49.7X5,T49.7X6 ,,Fluoristán,0,1,87921,F,0,,113711.0,"0,87921,",
F,T49.0X1,T49.0X2,T49.0X3,T49.0X4,T49.0X5,T49.0X6 ,,Fluormetolone,0,1,87922,F,0,,113712.0,"0,87922,",
F,T60.4X1,T60.4X2,T60.4X3,T60.4X4,-,-,,Fluoroacetato,0,1,87924,F,0,,113714.0,"0,87924,",
F,T53.6X1,T53.6X2,T53.6X3,T53.6X4,-,-- ,,"Fluorocarbono, monómero de",0,1,87925,F,0,,113715.0,"0,87925,",
F,T37.8X1,T37.8X2,T37.8X3,T37.8X4,T37.8X5,T37.8X6 ,,Fluorocitosina,0,1,87926,F,0,,113716.0,"0,87926,",
F,T50.8X1,T50.8X2,T50.8X3,T50.8X4,T50.8X5,T50.8X6 ,,Fluorodesoxiglucosa (18F),0,1,87927,F,0,,113717.0,"0,87927,",
F,T45.1X1,T45.1X2,T45.1X3,T45.1X4,T45.1X5,T45.1X6 ,,Fluorodesoxiuridina,0,1,87928,F,0,,113718.0,"0,87928,",
F,T49.0X1,T49.0X2,T49.0X3,T49.0X4,T49.0X5,T49.0X6 ,,Fluorometolona,0,0,87929,F,0,,113719.0,"0,87929,",
F,T46.3X1,T46.3X2,T46.3X3,T46.3X4,T46.3X5,T46.3X6 ,,Fluorosol,0,1,87931,F,0,,113721.0,"0,87931,",
F,T45.1X1,T45.1X2,T45.1X3,T45.1X4,T45.1X5,T45.1X6 ,,Fluorouracilo,0,1,87932,F,0,,113722.0,"0,87932,",
F,T60.8X1,T60.8X2,T60.8X3,T60.8X4,-,-- ,,Fluoruro (no medicinal) (plaguicida) (sodio) NCOC,0,0,87933,F,0,,113723.0,"0,87933,",
F,T60.0X1,T60.0X2,T60.0X3,T60.0X4,-,-- ,,"Fluorurofosfatado, insecticida",0,1,87939,F,0,,113729.0,"0,87939,",
F,T41.0X1,T41.0X2,T41.0X3,T41.0X4,T41.0X5,T41.0X6 ,,Fluotano,0,1,87940,F,0,,113730.0,"0,87940,",
F,T43.221,T43.222,T43.223,T43.224,T43.225,T43.226 ,,Fluoxetina,0,1,87941,F,0,,113731.0,"0,87941,",
F,T38.7X1,T38.7X2,T38.7X3,T38.7X4,T38.7X5,T38.7X6 ,,Fluoximesterona,0,1,87942,F,0,,113732.0,"0,87942,",
F,T43.4X1,T43.4X2,T43.4X3,T43.4X4,T43.4X5,T43.4X6 ,,Flupentixol,0,1,87944,F,0,,113734.0,"0,87944,",
F,T49.0X1,T49.0X2,T49.0X3,T49.0X4,T49.0X5,T49.0X6 ,,Fluprednideno,0,1,87945,F,0,,113735.0,"0,87945,",
F,T38.0X1,T38.0X2,T38.0X3,T38.0X4,T38.0X5,T38.0X6 ,,Fluprednisolona,0,1,87946,F,0,,113736.0,"0,87946,",
F,T39.8X1,T39.8X2,T39.8X3,T39.8X4,T39.8X5,T39.8X6 ,,Fluradoline,0,1,87947,F,0,,113737.0,"0,87947,",
F,T49.0X1,T49.0X2,T49.0X3,T49.0X4,T49.0X5,T49.0X6 ,,Flurandrenolida,0,1,87948,F,0,,113738.0,"0,87948,",
F,T49.0X1,T49.0X2,T49.0X3,T49.0X4,T49.0X5,T49.0X6 ,,Flurandrenolona,0,1,87949,F,0,,113739.0,"0,87949,",
F,T42.4X1,T42.4X2,T42.4X3,T42.4X4,T42.4X5,T42.4X6 ,,Flurazepam,0,1,87950,F,0,,113740.0,"0,87950,",
F,T39.311,T39.312,T39.313,T39.314,T39.315,T39.316 ,,Flurbiprofeno,0,1,87951,F,0,,113741.0,"0,87951,",
F,T49.0X1,T49.0X2,T49.0X3,T49.0X4,T49.0X5,T49.0X6 ,,Flurobate,0,1,87952,F,0,,113742.0,"0,87952,",
F,T41.0X1,T41.0X2,T41.0X3,T41.0X4,T41.0X5,T41.0X6 ,,Fluroxeno,0,1,87953,F,0,,113743.0,"0,87953,",
F,T43.591,T43.592,T43.593,T43.594,T43.595,T43.596 ,,Fluspirileno,0,1,87954,F,0,,113744.0,"0,87954,",
F,T38.6X1,T38.6X2,T38.6X3,T38.6X4,T38.6X5,T38.6X6 ,,Flutamida,0,1,87955,F,0,,113745.0,"0,87955,",
F,T42.4X1,T42.4X2,T42.4X3,T42.4X4,T42.4X5,T42.4X6 ,,Flutazolam,0,1,87956,F,0,,113746.0,"0,87956,",
F,T38.0X1,T38.0X2,T38.0X3,T38.0X4,T38.0X5,T38.0X6,,"Fluticasona, propionato de",0,1,87957,F,0,,113747.0,"0,87957,",
F,T42.4X1,T42.4X2,T42.4X3,T42.4X4,T42.4X5,T42.4X6 ,,Flutoprazepam,0,1,87958,F,0,,113748.0,"0,87958,",
F,T48.6X1,T48.6X2,T48.6X3,T48.6X4,T48.6X5,T48.6X6 ,,"Flutropio, bromuro de",0,1,87959,F,0,,113749.0,"0,87959,",
F,T43.221,T43.222,T43.223,T43.224,T43.225,T43.226 ,,Fluvoxamina,0,1,87960,F,0,,113750.0,"0,87960,",
F,T59.5X1,T59.5X2,T59.5X3,T59.5X4,-,-- ,,Flúor (gas),0,0,87914,F,0,,113704.0,"0,87914,",
F,T45.8X1,T45.8X2,T45.8X3,T45.8X4,T45.8X5,T45.8X6 ,,Folacina,0,1,87961,F,0,,113751.0,"0,87961,",
F,T48.3X1,T48.3X2,T48.3X3,T48.3X4,T48.3X5,T48.3X6 ,,Folcodina,0,1,87962,F,0,,113752.0,"0,87962,",
F,T46.991,T46.992,T46.993,T46.994,T46.995,T46.996 ,,Foledrina,0,1,87963,F,0,,113753.0,"0,87963,",
F,T48.6X1,T48.6X2,T48.6X3,T48.6X4,T48.6X5,T48.6X6 ,,Folium stramoniae,0,1,87969,F,0,,113760.0,"0,87969,",
F,T60.3X1,T60.3X2,T60.3X3,T60.3X4,-,-- ,,Folpet,0,1,87970,F,0,,113761.0,"0,87970,",
F,T38.811,T38.812,T38.813,T38.814,T38.815,T38.816 ,,"Folículo estimulante, hormona, humano",0,1,87967,F,0,,113758.0,"0,87967,",
F,T45.8X1,T45.8X2,T45.8X3,T45.8X4,T45.8X5,T45.8X6 ,,"Folínico, ácido ",0,1,87968,F,0,,113759.0,"0,87968,",
F,T48.3X1,T48.3X2,T48.3X3,T48.3X4,T48.3X5,T48.3X6 ,,Fominoben,0,1,87971,F,0,,113762.0,"0,87971,",
F,T60.0X1,T60.0X2,T60.0X3,T60.0X4,-,-- ,,Forato,0,1,87972,F,0,,113763.0,"0,87972,",
F,T59.2X1,T59.2X2,T59.2X3,T59.2X4,-,-- ,,"Formaldehído (solución), gas o vapor",0,0,87973,F,0,,113764.0,"0,87973,",
F,T59.2X1,T59.2X2,T59.2X3,T59.2X4,-,-- ,,Formalina,0,0,87975,F,0,,113766.0,"0,87975,",
F,T37.5X1,T37.5X2,T37.5X3,T37.5X4,T37.5X5,T37.5X6 ,,Foscarnet sódico,0,1,87980,F,0,,113771.0,"0,87980,",
F,T60.0X1,T60.0X2,T60.0X3,T60.0X4,-,-- ,,Fosdrin,0,1,87981,F,0,,113772.0,"0,87981,",
F,T60.0X1,T60.0X2,T60.0X3,T60.0X4,-,-- ,,Fosfamidón,0,1,87982,F,0,,113773.0,"0,87982,",
F,T65.891,T65.892,T65.893,T65.894,-,-- ,,Fosfato,0,0,87983,F,0,,113774.0,"0,87983,",
F,T38.5X1,T38.5X2,T38.5X3,T38.5X4,T38.5X5,T38.5X6 ,,Fosfestrol,0,1,87988,F,0,,113779.0,"0,87988,",
F,T57.1X1,T57.1X2,T57.1X3,T57.1X4,-,-- ,,Fosfina,0,0,87989,F,0,,113780.0,"0,87989,",
F,T60.0X1,T60.0X2,T60.0X3,T60.0X4,-,-- ,,Fosfolana,0,1,87991,F,0,,113782.0,"0,87991,",
F,T49.5X1,T49.5X2,T49.5X3,T49.5X4,T49.5X5,T49.5X6 ,,Fosfolina,0,1,87992,F,0,,113783.0,"0,87992,",
F,T36.8X1,T36.8X2,T36.8X3,T36.8X4,T36.8X5,T36.8X6 ,,Fosfomicina,0,1,87993,F,0,,113784.0,"0,87993,",
F,T37.5X1,T37.5X2,T37.5X3,T37.5X4,T37.5X5,T37.5X6 ,,Fosfonet de sodio,0,1,87994,F,0,,113785.0,"0,87994,",
F,T54.2X1,T54.2X2,T54.2X3,T54.2X4,-,-- ,,"Fosfórico, ácido",0,1,87995,F,0,,113786.0,"0,87995,",
F,T59.891,T59.892,T59.893,T59.894,-,-- ,,Fosgeno (gas),0,1,87998,F,0,,113789.0,"0,87998,",
F,T46.4X1,T46.4X2,T46.4X3,T46.4X4,T46.4X5,T46.4X6 ,,Fosinopril,0,0,87999,F,0,,113790.0,"0,87999,",
F,T57.0X1,T57.0X2,T57.0X3,T57.0X4,-,-- ,,"Fowler, solución de ",0,1,88001,F,0,,113792.0,"0,88001,",
F,T36.5X1,T36.5X2,T36.5X3,T36.5X4,T36.5X5,T36.5X6 ,,Framicetina,0,1,88002,F,0,,113793.0,"0,88002,",
F,T50.8X1,T50.8X2,T50.8X3,T50.8X4,T50.8X5,T50.8X6 ,,"Frei, antígeno de",0,1,88005,F,0,,113796.0,"0,88005,",
F,T53.5X1,T53.5X2,T53.5X3,T53.5X4,-,-- ,,Freón,0,1,88006,F,0,,113797.0,"0,88006,",
F,T50.3X1,T50.3X2,T50.3X3,T50.3X4,T50.3X5,T50.3X6 ,,Fructosa,0,1,88007,F,0,,113798.0,"0,88007,",
F,T47.2X1,T47.2X2,T47.2X3,T47.2X4,T47.2X5,T47.2X6 ,,Frángula,0,0,88003,F,0,,113794.0,"0,88003,",
F,T65.891,T65.892,T65.893,T65.894,-,-- ,,Ftalatos,0,1,88009,F,0,,113800.0,"0,88009,",
F,T37.0X1,T37.0X2,T37.0X3,T37.0X4,T37.0X5,T37.0X6 ,,Ftalilsulfatiazol,0,1,88011,F,0,,113802.0,"0,88011,",
F,T42.6X1,T42.6X2,T42.6X3,T42.6X4,T42.6X5,T42.6X6 ,,Ftalimidoglutarimida,0,1,88012,F,0,,113803.0,"0,88012,",
F,T45.1X1,T45.1X2,T45.1X3,T45.1X4,T45.1X5,T45.1X6 ,,Ftorafur,0,1,88013,F,0,,113804.0,"0,88013,",
F,T65.891,T65.892,T65.893,T65.894,-,-- ,,"Ftálico, anhídrido",0,1,88010,F,0,,113801.0,"0,88010,",
F,T49.0X1,T49.0X2,T49.0X3,T49.0X4,T49.0X5,T49.0X6 ,,Fucsina básica,0,1,88014,F,0,,113805.0,"0,88014,",
F,T36.8X1,T36.8X2,T36.8X3,T36.8X4,T36.8X5,T36.8X6 ,,Fugilina,0,1,88015,F,0,,113806.0,"0,88015,",
F,T56.1X1,T56.1X2,T56.1X3,T56.1X4,-,-- ,,Fulminato de mercurio,0,1,88016,F,0,,113807.0,"0,88016,",
F,T36.7X1,T36.7X2,T36.7X3,T36.7X4,T36.7X5,T36.7X6 ,,Fulvicina,0,1,88017,F,0,,113808.0,"0,88017,",
F,T36.8X1,T36.8X2,T36.8X3,T36.8X4,T36.8X5,T36.8X6 ,,Fumadil,0,1,88018,F,0,,113809.0,"0,88018,",
F,T36.8X1,T36.8X2,T36.8X3,T36.8X4,T36.8X5,T36.8X6 ,,Fumagilina,0,1,88019,F,0,,113810.0,"0,88019,",
F,T60.91,T60.92,T60.93,T60.94,-,-- ,,Fumigante NCOC,0,1,88021,F,0,,113812.0,"0,88021,",
F,T49.4X1,T49.4X2,T49.4X3,T49.4X4,T49.4X5,T49.4X6 ,,"Fumárico, ácido ",0,1,88020,F,0,,113811.0,"0,88020,",
F,T60.3X1,T60.3X2,T60.3X3,T60.3X4,-,-- ,,Fungicida NCOC (no medicinal),0,1,88022,F,0,,113813.0,"0,88022,",
F,T36.7X1,T36.7X2,T36.7X3,T36.7X4,T36.7X5,T36.7X6 ,,Fungizona,0,0,88023,F,0,,113814.0,"0,88023,",
F,T49.0X1,T49.0X2,T49.0X3,T49.0X4,T49.0X5,T49.0X6 ,,Furacina,0,1,88025,F,0,,113816.0,"0,88025,",
F,T37.91,T37.92,T37.93,T37.94,T37.95,T37.96 ,,Furadantina,0,1,88026,F,0,,113817.0,"0,88026,",
F,T37.8X1,T37.8X2,T37.8X3,T37.8X4,T37.8X5,T37.8X6 ,,Furazolidona,0,1,88027,F,0,,113818.0,"0,88027,",
F,T49.0X1,T49.0X2,T49.0X3,T49.0X4,T49.0X5,T49.0X6 ,,"Furazolio, cloruro de",0,1,88028,F,0,,113819.0,"0,88028,",
F,T52.8X1,T52.8X2,T52.8X3,T52.8X4,-,-- ,,Furfural,0,1,88029,F,0,,113820.0,"0,88029,",
F,T50.1X1,T50.1X2,T50.1X3,T50.1X4,T50.1X5,T50.1X6 ,,Furosemida,0,1,88031,F,0,,113822.0,"0,88031,",
F,T37.91,T37.92,T37.93,T37.94,T37.95,T37.96 ,,Furoxona,0,1,88032,F,0,,113823.0,"0,88032,",
F,T45.2X1,T45.2X2,T45.2X3,T45.2X4,T45.2X5,T45.2X6 ,,Fursultiamina,0,1,88033,F,0,,113824.0,"0,88033,",
F,T36.8X1,T36.8X2,T36.8X3,T36.8X4,T36.8X5,T36.8X6 ,,Fusafungina,0,1,88034,F,0,,113825.0,"0,88034,",
F,T51.3X1,T51.3X2,T51.3X3,T51.3X4,-,-- ,,"Fusel,aceite de (cualquiera) (amilo) (butilo) (propilo), vapor de",0,1,88035,F,0,,113826.0,"0,88035,",
F,T36.8X1,T36.8X2,T36.8X3,T36.8X4,T36.8X5,T36.8X6 ,,Fusidato (etanolamina) (sodio),0,1,88036,F,0,,113827.0,"0,88036,",
F,T36.8X1,T36.8X2,T36.8X3,T36.8X4,T36.8X5,T36.8X6 ,,"Fusídico, ácido ",0,1,88037,F,0,,113828.0,"0,88037,",
F,T50.6X1,T50.6X2,T50.6X3,T50.6X4,T50.6X5,T50.6X6 ,,"Fytic, ácido, nonasódico",0,1,88038,F,0,,113829.0,"0,88038,",
F,,,,,, ,,Férrico - véase además Hierro,0,0,87827,F,0,,113614.0,"0,87827,",
F,T45.8X1,T45.8X2,T45.8X3,T45.8X4,T45.8X5,T45.8X6 ,,"Fólico, ácido",0,0,87964,F,0,,113754.0,"0,87964,",
F,T54.2X1,T54.2X2,T54.2X3,T54.2X4,-,-- ,,"Fórmico, ácido",0,0,87978,F,0,,113769.0,"0,87978,",
F,T57.1X1,T57.1X2,T57.1X3,T57.1X4,-,-- ,,Fósforo (compuesto) NCOC,0,0,87996,F,0,,113787.0,"0,87996,",
G,T43.8X1,T43.8X2,T43.8X3,T43.8X4,T43.8X5,T43.8X6 ,,GABA,0,1,88039,F,0,,113830.0,"0,88039,",
G,T50.8X1,T50.8X2,T50.8X3,T50.8X4,T50.8X5,T50.8X6 ,,"Gadopentético, ácido",0,1,88040,F,0,,113831.0,"0,88040,",
G,T50.3X1,T50.3X2,T50.3X3,T50.3X4,T50.3X5,T50.3X6 ,,Galactosa,0,1,88041,F,0,,113832.0,"0,88041,",
G,T48.1X1,T48.1X2,T48.1X3,T48.1X4,T48.1X5,T48.1X6 ,,Galamina (trietioduro),0,1,88042,F,0,,113833.0,"0,88042,",
G,T44.0X1,T44.0X2,T44.0X3,T44.0X4,T44.0X5,T44.0X6 ,,Galantamina,0,1,88043,F,0,,113834.0,"0,88043,",
G,T50.991,T50.992,T50.993,T50.994,T50.995,T50.996 ,,"Galio, citrato de ",0,1,88044,F,0,,113835.0,"0,88044,",
G,T46.1X1,T46.1X2,T46.1X3,T46.1X4,T46.1X5,T46.1X6 ,,Galopamilo,0,1,88045,F,0,,113836.0,"0,88045,",
G,T50.Z11,T50.Z12,T50.Z13,T50.Z14,T50.Z15,T50.Z16 ,,Gamimuno,0,1,88046,F,0,,113837.0,"0,88046,",
G,T49.0X1,T49.0X2,T49.0X3,T49.0X4,T49.0X5,T49.0X6 ,,"Gamma benceno, hexacloruro de (medicinal)",0,0,88047,F,0,,113838.0,"0,88047,",
G,T50.Z11,T50.Z12,T50.Z13,T50.Z14,T50.Z15,T50.Z16 ,,Gamma globulina,0,1,88049,F,0,,113840.0,"0,88049,",
G,T49.0X1,T49.0X2,T49.0X3,T49.0X4,T49.0X5,T49.0X6,,"Gamma-BHC (medicinal) - véase además Gamma benceno, hexacloruro de (medicinal)",0,1,88051,F,0,,113842.0,"0,88051,",
G,T43.8X1,T43.8X2,T43.8X3,T43.8X4,T43.8X5,T43.8X6 ,,"Gamma-aminobutírico, ácido",0,1,88050,F,0,,113841.0,"0,88050,",
G,T50.Z11,T50.Z12,T50.Z13,T50.Z14,T50.Z15,T50.Z16 ,,Gamulina,0,1,88052,F,0,,113843.0,"0,88052,",
G,T37.5X1,T37.5X2,T37.5X3,T37.5X4,T37.5X5,T37.5X6 ,,Ganciclovir (sodio),0,1,88053,F,0,,113844.0,"0,88053,",
G,T44.2X1,T44.2X2,T44.2X3,T44.2X4,T44.2X5,T44.2X6 ,,"Ganglionar, medicamentos de bloqueo, NCOC",0,0,88054,F,0,,113845.0,"0,88054,",
G,T40.711,T40.712,T40.713,T40.714,T40.715,T40.716,,Ganja,0,1,88056,F,0,,113847.0,"0,88056,",
G,T36.5X1,T36.5X2,T36.5X3,T36.5X4,T36.5X5,T36.5X6,,Garamicina,0,0,88057,F,0,,113848.0,"0,88057,",
G,T42.3X1,T42.3X2,T42.3X3,T42.3X4,T42.3X5,T42.3X6 ,,Gardenal,0,1,88060,F,0,,113851.0,"0,88060,",
G,T42.3X1,T42.3X2,T42.3X3,T42.3X4,T42.3X5,T42.3X6 ,,Gardepanil,0,1,88061,F,0,,113852.0,"0,88061,",
G,T49.6X1,T49.6X2,T49.6X3,T49.6X4,T49.6X5,T49.6X6 ,,"Garganta, fármaco para, NCOC",0,1,88062,F,0,,113853.0,"0,88062,",
G,T59.91,T59.92,T59.93,T59.94,-,--,,Gas NCOC,0,0,88063,F,0,,113858.0,"0,88063,",
G,T58.8X1,T58.8X2,T58.8X3,T58.8X4,-,--,,Gas de alto horno (monóxido de carbono),0,1,114076,F,0,,113854.0,"0,114076,",
G,T58.01,T58.02,T58.03,T58.04,-,--,T58.01,Gas de escape (motor) (vehículo de motor),0,1,114077,F,0,,113855.0,"0,114077,",
G,,,,,,,,"Gas doméstico (después combustión) - véase Gas NCOC, utilidad",0,0,114078,F,0,,113856.0,"0,114078,",
G,T59.91,T59.92,T59.93,T59.94,-,-,,"Gas nervioso, no en guerra",0,1,88128,F,0,,113924.0,"0,88128,",
G,T58.8X1,T58.8X2,T58.8X3,T58.8X4,-,-- ,,Gas pobre,0,1,88129,F,0,,113925.0,"0,88129,",
G,,,,,, ,,"Gaseosa, sustanciac- véase Gas",0,1,88130,F,0,,113926.0,"0,88130,",
G,T59.891,T59.892,T59.893,T59.894,-,-- ,,Gases licuados del petróleo,0,0,88131,F,0,,113927.0,"0,88131,",
G,T52.0X1,T52.0X2,T52.0X3,T52.0X4,-,-- ,,Gasolina,0,0,88133,F,0,,113929.0,"0,88133,",
G,T50.8X1,T50.8X2,T50.8X3,T50.8X4,T50.8X5,T50.8X6 ,,Gastrografina,0,1,88136,F,0,,113932.0,"0,88136,",
G,T47.91,T47.92,T47.93,T47.94,T47.95,T47.96 ,,"Gastrointestinal, medicamento",0,0,88137,F,0,,113933.0,"0,88137,",
G,T62.2X1,T62.2X2,T62.2X3,T62.2X4,-,-- ,,Gaultheria procumbens,0,1,88140,F,0,,113936.0,"0,88140,",
G,T44.3X1,T44.3X2,T44.3X3,T44.3X4,T44.3X5,T44.3X6 ,,Gefarnato,0,1,88141,F,0,,113937.0,"0,88141,",
G,T45.8X1,T45.8X2,T45.8X3,T45.8X4,T45.8X5,T45.8X6 ,,Gelatina (intravenosa),0,0,88142,F,0,,113938.0,"0,88142,",
G,T49.8X1,T49.8X2,T49.8X3,T49.8X4,T49.8X5,T49.8X6 ,,Gelfilm,0,1,88144,F,0,,113940.0,"0,88144,",
G,T45.7X1,T45.7X2,T45.7X3,T45.7X4,T45.7X5,T45.7X6 ,,Gelfoam,0,1,88145,F,0,,113941.0,"0,88145,",
G,T50.991,T50.992,T50.993,T50.994,T50.995,T50.996 ,,Gelsemina,0,1,88146,F,0,,113942.0,"0,88146,",
G,T62.2X1,T62.2X2,T62.2X3,T62.2X4,-,-- ,,Gelsemium (sempervirens),0,1,88147,F,0,,113943.0,"0,88147,",
G,T48.0X1,T48.0X2,T48.0X3,T48.0X4,T48.0X5,T48.0X6 ,,Gemeprost,0,1,88148,F,0,,113944.0,"0,88148,",
G,T46.6X1,T46.6X2,T46.6X3,T46.6X4,T46.6X5,T46.6X6 ,,Gemfibrozilo,0,1,88149,F,0,,113945.0,"0,88149,",
G,T42.3X1,T42.3X2,T42.3X3,T42.3X4,T42.3X5,T42.3X6 ,,Gemonil,0,1,88150,F,0,,113946.0,"0,88150,",
G,T47.5X1,T47.5X2,T47.5X3,T47.5X4,T47.5X5,T47.5X6 ,,Genciana,0,0,88151,F,0,,113947.0,"0,88151,",
G,T36.5X1,T36.5X2,T36.5X3,T36.5X4,T36.5X5,T36.5X6 ,,Gentamicina,0,0,88153,F,0,,113949.0,"0,88153,",
G,T44.4X1,T44.4X2,T44.4X3,T44.4X4,T44.4X5,T44.4X6 ,,Gepefrina,0,1,88156,F,0,,113952.0,"0,88156,",
G,T38.5X1,T38.5X2,T38.5X3,T38.5X4,T38.5X5,T38.5X6 ,,"Gestonorona, caproato",0,1,88157,F,0,,113953.0,"0,88157,",
G,T49.0X1,T49.0X2,T49.0X3,T49.0X4,T49.0X5,T49.0X6 ,,Gexano,0,1,88158,F,0,,113954.0,"0,88158,",
G,T63.111,T63.112,T63.113,T63.114,-,-- ,,"Gila, monstruo de  (veneno)",0,1,88159,F,0,,113955.0,"0,88159,",
G,T46.6X1,T46.6X2,T46.6X3,T46.6X4,T46.6X5,T46.6X6 ,,"Girasol, aceite de ",0,1,88160,F,0,,113956.0,"0,88160,",
G,T46.0X1,T46.0X2,T46.0X3,T46.0X4,T46.0X5,T46.0X6 ,,Gitalina,0,0,88161,F,0,,113957.0,"0,88161,",
G,T46.0X1,T46.0X2,T46.0X3,T46.0X4,T46.0X5,T46.0X6 ,,Gitaloxina,0,1,88163,F,0,,113959.0,"0,88163,",
G,T46.0X1,T46.0X2,T46.0X3,T46.0X4,T46.0X5,T46.0X6 ,,Gitoxina,0,1,88164,F,0,,113960.0,"0,88164,",
G,T39.8X1,T39.8X2,T39.8X3,T39.8X4,T39.8X5,T39.8X6 ,,Glafenina,0,1,88165,F,0,,113961.0,"0,88165,",
G,T50.Z91,T50.Z92,T50.Z93,T50.Z94,T50.Z95,T50.Z96 ,,"Glandular, extracto (medicinal) NCOC",0,1,88166,F,0,,113962.0,"0,88166,",
G,T37.3X1,T37.3X2,T37.3X3,T37.3X4,T37.3X5,T37.3X6 ,,Glaucarrubina,0,1,88167,F,0,,113963.0,"0,88167,",
G,T38.3X1,T38.3X2,T38.3X3,T38.3X4,T38.3X5,T38.3X6 ,,Glibenclamida,0,1,88168,F,0,,113964.0,"0,88168,",
G,T38.3X1,T38.3X2,T38.3X3,T38.3X4,T38.3X5,T38.3X6 ,,Glibornurida,0,1,88169,F,0,,113965.0,"0,88169,",
G,T38.3X1,T38.3X2,T38.3X3,T38.3X4,T38.3X5,T38.3X6 ,,Gliburida,0,1,88170,F,0,,113966.0,"0,88170,",
G,,,,,, ,,Glicerilo,0,0,88171,F,0,,113967.0,"0,88171,",
G,T47.4X1,T47.4X2,T47.4X3,T47.4X4,T47.4X5,T47.4X6 ,,Glicerina,0,1,88176,F,0,,113972.0,"0,88176,",
G,T50.991,T50.992,T50.993,T50.994,T50.995,T50.996 ,,Glicerofosfato,0,1,88177,F,0,,113973.0,"0,88177,",
G,T47.4X1,T47.4X2,T47.4X3,T47.4X4,T47.4X5,T47.4X6 ,,Glicerol,0,0,88178,F,0,,113974.0,"0,88178,",
G,T38.3X1,T38.3X2,T38.3X3,T38.3X4,T38.3X5,T38.3X6 ,,Gliciclamida,0,1,88182,F,0,,113978.0,"0,88182,",
G,T50.3X1,T50.3X2,T50.3X3,T50.3X4,T50.3X5,T50.3X6 ,,Glicina,0,1,88183,F,0,,113979.0,"0,88183,",
G,T48.4X1,T48.4X2,T48.4X3,T48.4X4,T48.4X5,T48.4X6 ,,Glicirricinato de potasio,0,1,88185,F,0,,113981.0,"0,88185,",
G,T48.4X1,T48.4X2,T48.4X3,T48.4X4,T48.4X5,T48.4X6 ,,"Glicirrícico, ácido",0,1,88184,F,0,,113980.0,"0,88184,",
G,T38.3X1,T38.3X2,T38.3X3,T38.3X4,T38.3X5,T38.3X6 ,,Gliclazida,0,1,88186,F,0,,113982.0,"0,88186,",
G,T38.3X1,T38.3X2,T38.3X3,T38.3X4,T38.3X5,T38.3X6 ,,Gliclopiramida,0,1,88187,F,0,,113983.0,"0,88187,",
G,T37.3X1,T37.3X2,T37.3X3,T37.3X4,T37.3X5,T37.3X6 ,,Glicobiarsol,0,1,88188,F,0,,113984.0,"0,88188,",
G,T52.3X1,T52.3X2,T52.3X3,T52.3X4,-,-- ,,Glicoles (éter),0,1,88189,F,0,,113985.0,"0,88189,",
G,T37.1X1,T37.1X2,T37.1X3,T37.1X4,T37.1X5,T37.1X6 ,,Gliconiazida,0,1,88190,F,0,,113986.0,"0,88190,",
G,T48.6X1,T48.6X2,T48.6X3,T48.6X4,T48.6X5,T48.6X6 ,,Glifilina,0,1,88191,F,0,,113987.0,"0,88191,",
G,T60.3X1,T60.3X2,T60.3X3,T60.3X4,-,-- ,,Glifosato,0,1,88192,F,0,,113988.0,"0,88192,",
G,T38.3X1,T38.3X2,T38.3X3,T38.3X4,T38.3X5,T38.3X6 ,,Glimidina,0,1,88193,F,0,,113989.0,"0,88193,",
G,T38.3X1,T38.3X2,T38.3X3,T38.3X4,T38.3X5,T38.3X6 ,,Glimidine de sodio,0,1,88194,F,0,,113990.0,"0,88194,",
G,T38.3X1,T38.3X2,T38.3X3,T38.3X4,T38.3X5,T38.3X6 ,,Glipizida,0,1,88195,F,0,,113991.0,"0,88195,",
G,T38.3X1,T38.3X2,T38.3X3,T38.3X4,T38.3X5,T38.3X6 ,,Gliquidona,0,1,88196,F,0,,113992.0,"0,88196,",
G,T38.3X1,T38.3X2,T38.3X3,T38.3X4,T38.3X5,T38.3X6 ,,Glisolamida,0,1,88197,F,0,,113993.0,"0,88197,",
G,T38.3X1,T38.3X2,T38.3X3,T38.3X4,T38.3X5,T38.3X6 ,,Glisoxepida,0,1,88198,F,0,,113994.0,"0,88198,",
G,T38.3X1,T38.3X2,T38.3X3,T38.3X4,T38.3X5,T38.3X6 ,,"Globina, insulina zinc",0,1,88199,F,0,,113995.0,"0,88199,",
G,,,,,, ,,Globulina,0,0,88200,F,0,,113996.0,"0,88200,",
G,T38.3X1,T38.3X2,T38.3X3,T38.3X4,T38.3X5,T38.3X6 ,,Glucagón,0,1,88206,F,0,,114002.0,"0,88206,",
G,T48.4X1,T48.4X2,T48.4X3,T48.4X4,T48.4X5,T48.4X6 ,,"Glucirriza, extracto",0,1,88207,F,0,,114003.0,"0,88207,",
G,T38.0X1,T38.0X2,T38.0X3,T38.0X4,T38.0X5,T38.0X6 ,,Glucocorticoides,0,1,88208,F,0,,114004.0,"0,88208,",
G,T38.0X1,T38.0X2,T38.0X3,T38.0X4,T38.0X5,T38.0X6 ,,Glucocorticosteroides,0,1,88209,F,0,,114005.0,"0,88209,",
G,T44.3X1,T44.3X2,T44.3X3,T44.3X4,T44.3X5,T44.3X6 ,,Glucopirrolato,0,1,88211,F,0,,114007.0,"0,88211,",
G,T44.3X1,T44.3X2,T44.3X3,T44.3X4,T44.3X5,T44.3X6 ,,Glucopirronio,0,0,88212,F,0,,114008.0,"0,88212,",
G,T50.3X1,T50.3X2,T50.3X3,T50.3X4,T50.3X5,T50.3X6 ,,Glucosa,0,0,88214,F,0,,114010.0,"0,88214,",
G,T39.4X1,T39.4X2,T39.4X3,T39.4X4,T39.4X5,T39.4X6 ,,"Glucosamina, sulfato",0,1,88216,F,0,,114012.0,"0,88216,",
G,T37.1X1,T37.1X2,T37.1X3,T37.1X4,T37.1X5,T37.1X6 ,,Glucosulfona de sodio,0,1,88217,F,0,,114014.0,"0,88217,",
G,T47.8X1,T47.8X2,T47.8X3,T47.8X4,T47.8X5,T47.8X6 ,,Glucurolactone,0,1,88218,F,0,,114015.0,"0,88218,",
G,T50.991,T50.992,T50.993,T50.994,T50.995,T50.996 ,,"Glucónico, ácido ",0,1,88210,F,0,,114006.0,"0,88210,",
G,T46.0X1,T46.0X2,T46.0X3,T46.0X4,T46.0X5,T46.0X6,,Glucósido cardiaco (estimulante),0,1,94727,F,0,,114013.0,"0,94727,",
G,T49.0X1,T49.0X2,T49.0X3,T49.0X4,T49.0X5,T49.0X6 ,,Glutaral (medicinal),0,0,88220,F,0,,114017.0,"0,88220,",
G,T65.891,T65.892,T65.893,T65.894,-,-- ,,Glutaraldehído (no medicinal),0,0,88222,F,0,,114019.0,"0,88222,",
G,T50.6X1,T50.6X2,T50.6X3,T50.6X4,T50.6X5,T50.6X6 ,,Glutatión,0,1,88224,F,0,,114021.0,"0,88224,",
G,T42.6X1,T42.6X2,T42.6X3,T42.6X4,T42.6X5,T42.6X6 ,,Glutetimida,0,1,88225,F,0,,114022.0,"0,88225,",
G,T47.5X1,T47.5X2,T47.5X3,T47.5X4,T47.5X5,T47.5X6 ,,"Glutámico, ácido",0,1,88219,F,0,,114016.0,"0,88219,",
G,T45.8X1,T45.8X2,T45.8X3,T45.8X4,T45.8X5,T45.8X6 ,,"Glóbulos rojos, concentrado de",0,1,88205,F,0,,114001.0,"0,88205,",
G,T62.2X1,T62.2X2,T62.2X3,T62.2X4,-,-- ,,Goldylocks,0,1,88226,F,0,,114023.0,"0,88226,",
G,T38.901,T38.902,T38.903,T38.904,T38.905,T38.906 ,,"Gonadal, extracto de tejido ",0,0,88227,F,0,,114024.0,"0,88227,",
G,T38.891,T38.892,T38.893,T38.894,T38.895,T38.896 ,,Gonadorelina,0,1,88230,F,0,,114027.0,"0,88230,",
G,T38.891,T38.892,T38.893,T38.894,T38.895,T38.896 ,,Gonadotropina,0,0,88231,F,0,,114028.0,"0,88231,",
G,T45.1X1,T45.1X2,T45.1X3,T45.1X4,T45.1X5,T45.1X6 ,,Goserelina,0,1,88234,F,0,,114031.0,"0,88234,",
G,T49.0X1,T49.0X2,T49.0X3,T49.0X4,T49.0X5,T49.0X6 ,,Gramicidina,0,1,88235,F,0,,114032.0,"0,88235,",
G,T45.0X1,T45.0X2,T45.0X3,T45.0X4,T45.0X5,T45.0X6 ,,Granisetron,0,1,88236,F,0,,114033.0,"0,88236,",
G,T51.0X1,T51.0X2,T51.0X3,T51.0X4,-,-- ,,Grano de alcohol,0,1,88237,F,0,,114034.0,"0,88237,",
G,T65.891,T65.892,T65.893,T65.894,-,-- ,,Grasa,0,1,88238,F,0,,114035.0,"0,88238,",
G,T49.3X1,T49.3X2,T49.3X3,T49.3X4,T49.3X5,T49.3X6 ,,Grasa de lana hidratada,0,1,88239,F,0,,114036.0,"0,88239,",
G,T62.2X1,T62.2X2,T62.2X3,T62.2X4,-,-- ,,Gratiola officinalis,0,1,88240,F,0,,114037.0,"0,88240,",
G,T36.7X1,T36.7X2,T36.7X3,T36.7X4,T36.7X5,T36.7X6 ,,Grifulvina,0,1,88241,F,0,,114038.0,"0,88241,",
G,T36.7X1,T36.7X2,T36.7X3,T36.7X4,T36.7X5,T36.7X6 ,,Griseofulvina,0,1,88242,F,0,,114039.0,"0,88242,",
G,T59.891,T59.892,T59.893,T59.894,-,-- ,,Grisú,0,1,88243,F,0,,114040.0,"0,88243,",
G,T48.4X1,T48.4X2,T48.4X3,T48.4X4,T48.4X5,T48.4X6 ,,"Guaiacol, derivados",0,1,88244,F,0,,114041.0,"0,88244,",
G,T50.991,T50.992,T50.993,T50.994,T50.995,T50.996 ,,"Guaiacol, reactivo",0,1,88245,F,0,,114042.0,"0,88245,",
G,T48.4X1,T48.4X2,T48.4X3,T48.4X4,T48.4X5,T48.4X6 ,,Guaifenesina,0,1,88247,F,0,,114044.0,"0,88247,",
G,T48.4X1,T48.4X2,T48.4X3,T48.4X4,T48.4X5,T48.4X6 ,,Guaimesal,0,1,88248,F,0,,114045.0,"0,88248,",
G,T36.4X1,T36.4X2,T36.4X3,T36.4X4,T36.4X5,T36.4X6 ,,Guameciclina,0,1,88249,F,0,,114046.0,"0,88249,",
G,T46.5X1,T46.5X2,T46.5X3,T46.5X4,T46.5X5,T46.5X6 ,,Guanabenzo,0,1,88250,F,0,,114047.0,"0,88250,",
G,T46.5X1,T46.5X2,T46.5X3,T46.5X4,T46.5X5,T46.5X6 ,,Guanaclina,0,1,88251,F,0,,114048.0,"0,88251,",
G,T46.5X1,T46.5X2,T46.5X3,T46.5X4,T46.5X5,T46.5X6 ,,Guanadrel,0,1,88252,F,0,,114049.0,"0,88252,",
G,T37.2X1,T37.2X2,T37.2X3,T37.2X4,T37.2X5,T37.2X6 ,,Guanatol,0,1,88253,F,0,,114050.0,"0,88253,",
G,T46.5X1,T46.5X2,T46.5X3,T46.5X4,T46.5X5,T46.5X6 ,,Guanetidina,0,1,88254,F,0,,114051.0,"0,88254,",
G,T46.5X1,T46.5X2,T46.5X3,T46.5X4,T46.5X5,T46.5X6 ,,Guanfacina,0,1,88255,F,0,,114052.0,"0,88255,",
G,T65.891,T65.892,T65.893,T65.894,-,-- ,,Guano,0,1,88256,F,0,,114053.0,"0,88256,",
G,T46.5X1,T46.5X2,T46.5X3,T46.5X4,T46.5X5,T46.5X6 ,,Guanoclor,0,1,88258,F,0,,114055.0,"0,88258,",
G,T46.5X1,T46.5X2,T46.5X3,T46.5X4,T46.5X5,T46.5X6 ,,Guanoctina,0,1,88259,F,0,,114056.0,"0,88259,",
G,T46.5X1,T46.5X2,T46.5X3,T46.5X4,T46.5X5,T46.5X6 ,,Guanoxabenzo,0,1,88260,F,0,,114057.0,"0,88260,",
G,T46.5X1,T46.5X2,T46.5X3,T46.5X4,T46.5X5,T46.5X6 ,,Guanoxán,0,1,88261,F,0,,114058.0,"0,88261,",
G,T46.6X1,T46.6X2,T46.6X3,T46.6X4,T46.6X5,T46.6X6 ,,"Guar, goma (medicinal)",0,1,88262,F,0,,114059.0,"0,88262,",
G,T47.5X1,T47.5X2,T47.5X3,T47.5X4,T47.5X5,T47.5X6 ,,"Gástricas, enzimas ",0,1,88135,F,0,,113931.0,"0,88135,",
H,T60.3X1,T60.3X2,T60.3X3,T60.3X4,-,-- ,,HCB,0,1,88284,F,0,,114081.0,"0,88284,",
H,T53.6X1,T53.6X2,T53.6X3,T53.6X4,-,-- ,,HCH,0,0,88285,F,0,,114082.0,"0,88285,",
H,T57.3X1,T57.3X2,T57.3X3,T57.3X4,-,-- ,,HCN,0,1,88287,F,0,,114084.0,"0,88287,",
H,T45.8X1,T45.8X2,T45.8X3,T45.8X4,T45.8X5,T45.8X6 ,,HES,0,1,88320,F,0,,114119.0,"0,88320,",
H,T60.0X1,T60.0X2,T60.0X3,T60.0X4,-,-- ,,HETP,0,1,88324,F,0,,114123.0,"0,88324,",
H,T38.811,T38.812,T38.813,T38.814,T38.815,T38.816 ,,HGH (hormona de crecimiento humano),0,1,88376,F,0,,114175.0,"0,88376,",
H,T36.7X1,T36.7X2,T36.7X3,T36.7X4,T36.7X5,T36.7X6 ,,Hachimicina,0,1,88263,F,0,,114060.0,"0,88263,",
H,T40.711,T40.712,T40.713,T40.714,T40.715,T40.716,,Hachís,0,1,88264,F,0,,114061.0,"0,88264,",
H,T42.4X1,T42.4X2,T42.4X3,T42.4X4,T42.4X5,T42.4X6 ,,Halazepam,0,1,88265,F,0,,114062.0,"0,88265,",
H,T49.0X1,T49.0X2,T49.0X3,T49.0X4,T49.0X5,T49.0X6 ,,Halcinolona,0,1,88266,F,0,,114063.0,"0,88266,",
H,T49.0X1,T49.0X2,T49.0X3,T49.0X4,T49.0X5,T49.0X6 ,,Halcinonida,0,1,88267,F,0,,114064.0,"0,88267,",
H,T49.0X1,T49.0X2,T49.0X3,T49.0X4,T49.0X5,T49.0X6 ,,Haletazol,0,1,88268,F,0,,114065.0,"0,88268,",
H,T37.2X1,T37.2X2,T37.2X3,T37.2X4,T37.2X5,T37.2X6 ,,Halofantrina,0,1,88269,F,0,,114066.0,"0,88269,",
H,T46.6X1,T46.6X2,T46.6X3,T46.6X4,T46.6X5,T46.6X6 ,,Halofenato,0,1,88270,F,0,,114067.0,"0,88270,",
H,T49.0X1,T49.0X2,T49.0X3,T49.0X4,T49.0X5,T49.0X6 ,,Halometasona,0,1,88271,F,0,,114068.0,"0,88271,",
H,T43.4X1,T43.4X2,T43.4X3,T43.4X4,T43.4X5,T43.4X6 ,,Haloperidol,0,1,88272,F,0,,114069.0,"0,88272,",
H,T49.0X1,T49.0X2,T49.0X3,T49.0X4,T49.0X5,T49.0X6 ,,Haloprogina,0,1,88273,F,0,,114070.0,"0,88273,",
H,T41.0X1,T41.0X2,T41.0X3,T41.0X4,T41.0X5,T41.0X6 ,,Halotano,0,1,88274,F,0,,114071.0,"0,88274,",
H,T49.0X1,T49.0X2,T49.0X3,T49.0X4,T49.0X5,T49.0X6 ,,Halotex,0,1,88275,F,0,,114072.0,"0,88275,",
H,T42.4X1,T42.4X2,T42.4X3,T42.4X4,T42.4X5,T42.4X6 ,,Haloxazolam,0,1,88276,F,0,,114073.0,"0,88276,",
H,T49.0X1,T49.0X2,T49.0X3,T49.0X4,T49.0X5,T49.0X6 ,,Halquinoles,0,1,88277,F,0,,114074.0,"0,88277,",
H,T49.2X1,T49.2X2,T49.2X3,T49.2X4,T49.2X5,T49.2X6 ,,Hamamelis,0,1,88278,F,0,,114075.0,"0,88278,",
H,T45.8X1,T45.8X2,T45.8X3,T45.8X4,T45.8X5,T45.8X6 ,,Haptendextrano,0,1,88279,F,0,,114076.0,"0,88279,",
H,T62.8X1,T62.8X2,T62.8X3,T62.8X4,-,-- ,,Harina de hueso,0,1,88280,F,0,,114077.0,"0,88280,",
H,T46.5X1,T46.5X2,T46.5X3,T46.5X4,T46.5X5,T46.5X6 ,,Harmonil,0,1,88281,F,0,,114078.0,"0,88281,",
H,T50.3X1,T50.3X2,T50.3X3,T50.3X4,T50.3X5,T50.3X6 ,,"Hartmann, solución de ",0,1,88282,F,0,,114079.0,"0,88282,",
H,T40.991,T40.992,T40.993,T40.994,T40.995,T40.996 ,,"Hawaiana, semillas de rosa de madera",0,1,88283,F,0,,114080.0,"0,88283,",
H,T40.991,T40.992,T40.993,T40.994,,,,Heavenly Blue (campanilla),0,1,88288,F,0,,114085.0,"0,88288,",
H,T49.0X1,T49.0X2,T49.0X3,T49.0X4,T49.0X5,T49.0X6 ,,Hedaquinio,0,1,88289,F,0,,114086.0,"0,88289,",
H,T62.2X1,T62.2X2,T62.2X3,T62.2X4,-,-- ,,Hedge hyssop,0,1,88290,F,0,,114087.0,"0,88290,",
H,T49.8X1,T49.8X2,T49.8X3,T49.8X4,T49.8X5,T49.8X6 ,,Heet,0,1,88291,F,0,,114088.0,"0,88291,",
H,T37.4X1,T37.4X2,T37.4X3,T37.4X4,T37.4X5,T37.4X6 ,,"Helecho macho, extracto de",0,1,88293,F,0,,114090.0,"0,88293,",
H,T37.4X1,T37.4X2,T37.4X3,T37.4X4,T37.4X5,T37.4X6 ,,Helenina,0,1,88294,F,0,,114091.0,"0,88294,",
H,T48.991,T48.992,T48.993,T48.994,,,,Helio,0,0,88295,F,0,,114092.0,"0,88295,",
H,T45.8X1,T45.8X2,T45.8X3,T45.8X4,T45.8X5,T45.8X6 ,,Hematina,0,1,88296,F,0,,114095.0,"0,88296,",
H,T45.8X1,T45.8X2,T45.8X3,T45.8X4,T45.8X5,T45.8X6 ,,"Hematínica, preparación",0,1,88297,F,0,,114096.0,"0,88297,",
H,T45.621,T45.622,T45.623,T45.624,T45.625,T45.626,,Hemostático,0,0,88298,F,0,,114097.0,"0,88298,",
H,T49.4X1,T49.4X2,T49.4X3,T49.4X4,T49.4X5,T49.4X6 ,,Hemostíptico,0,1,88300,F,0,,114099.0,"0,88300,",
H,T45.511,T45.512,T45.513,T45.514,T45.515,T45.516 ,,Heparina (sodio),0,0,88301,F,0,,114100.0,"0,88301,",
H,T45.511,T45.512,T45.513,T45.514,T45.515,T45.516 ,,"Heparina, fracción",0,1,88303,F,0,,114102.0,"0,88303,",
H,T45.511,T45.512,T45.513,T45.514,T45.515,T45.516 ,,Heparinoide (sistémico),0,1,88304,F,0,,114103.0,"0,88304,",
H,,,,,, ,,Hepatitis B,0,0,88306,F,0,,114105.0,"0,88306,",
H,T46.7X1,T46.7X2,T46.7X3,T46.7X4,T46.7X5,T46.7X6 ,,Hepronicato,0,1,88309,F,0,,114108.0,"0,88309,",
H,T42.3X1,T42.3X2,T42.3X3,T42.3X4,T42.3X5,T42.3X6,,Heptabarbital,0,1,88310,F,0,,114109.0,"0,88310,",
H,T42.3X1,T42.3X2,T42.3X3,T42.3X4,T42.3X5,T42.3X6 ,,Heptabarbitona,0,1,88311,F,0,,114110.0,"0,88311,",
H,T42.3X1,T42.3X2,T42.3X3,T42.3X4,T42.3X5,T42.3X6 ,,Heptabarbo,0,1,88312,F,0,,114111.0,"0,88312,",
H,T60.1X1,T60.1X2,T60.1X3,T60.1X4,-,-- ,,Heptacloro,0,1,88313,F,0,,114112.0,"0,88313,",
H,T40.2X1,T40.2X2,T40.2X3,T40.2X4,T40.2X5,T40.2X6 ,,Heptalgina,0,1,88314,F,0,,114113.0,"0,88314,",
H,T46.3X1,T46.3X2,T46.3X3,T46.3X4,T46.3X5,T46.3X6 ,,Heptaminol,0,1,88315,F,0,,114114.0,"0,88315,",
H,T47.8X1,T47.8X2,T47.8X3,T47.8X4,T47.8X5,T47.8X6 ,,"Hepática, secreción estimulante",0,1,88305,F,0,,114104.0,"0,88305,",
H,T60.3X1,T60.3X2,T60.3X3,T60.3X4,-,-- ,,Herbicida NCOC,0,1,88316,F,0,,114115.0,"0,88316,",
H,T40.1X1,T40.1X2,T40.1X3,T40.1X4,-,--,,Heroína,0,1,88318,F,0,,114117.0,"0,88318,",
H,T49.5X1,T49.5X2,T49.5X3,T49.5X4,T49.5X5,T49.5X6 ,,Herplex,0,1,88319,F,0,,114118.0,"0,88319,",
H,T46.991,T46.992,T46.993,T46.994,T46.995,T46.996 ,,Hesperidina,0,1,88321,F,0,,114120.0,"0,88321,",
H,T36.0X1,T36.0X2,T36.0X3,T36.0X4,T36.0X5,T36.0X6 ,,Hetacilina,0,1,88322,F,0,,114121.0,"0,88322,",
H,T45.8X1,T45.8X2,T45.8X3,T45.8X4,T45.8X5,T45.8X6 ,,Hetastarch,0,1,88323,F,0,,114122.0,"0,88323,",
H,T49.2X1,T49.2X2,T49.2X3,T49.2X4,T49.2X5,T49.2X6 ,,Hexa-germen,0,1,88335,F,0,,114134.0,"0,88335,",
H,T60.3X1,T60.3X2,T60.3X3,T60.3X4,-,-- ,,Hexaclorobenceno (emanaciones),0,1,88325,F,0,,114124.0,"0,88325,",
H,T53.6X1,T53.6X2,T53.6X3,T53.6X4,-,-- ,,Hexaclorociclohexano,0,1,88326,F,0,,114125.0,"0,88326,",
H,T49.0X1,T49.0X2,T49.0X3,T49.0X4,T49.0X5,T49.0X6 ,,Hexaclorofeno,0,1,88327,F,0,,114126.0,"0,88327,",
H,T49.0X1,T49.0X2,T49.0X3,T49.0X4,T49.0X5,T49.0X6 ,,Hexadeciltrimetilamonio (bromuro),0,1,88328,F,0,,114127.0,"0,88328,",
H,T46.3X1,T46.3X2,T46.3X3,T46.3X4,T46.3X5,T46.3X6 ,,Hexadilamina,0,1,88329,F,0,,114128.0,"0,88329,",
H,T46.3X1,T46.3X2,T46.3X3,T46.3X4,T46.3X5,T46.3X6 ,,Hexadilina,0,1,88330,F,0,,114129.0,"0,88330,",
H,T45.7X1,T45.7X2,T45.7X3,T45.7X4,T45.7X5,T45.7X6 ,,Hexadimetrina (bromuro),0,1,88331,F,0,,114130.0,"0,88331,",
H,T60.0X1,T60.0X2,T60.0X3,T60.0X4,-,-- ,,Hexaetil tetrafosfosfato,0,1,88332,F,0,,114131.0,"0,88332,",
H,T48.1X1,T48.1X2,T48.1X3,T48.1X4,T48.1X5,T48.1X6 ,,"Hexafluorenio, bromuro de",0,1,88333,F,0,,114132.0,"0,88333,",
H,T48.1X1,T48.1X2,T48.1X3,T48.1X4,T48.1X5,T48.1X6 ,,Hexafluronio (bromuro),0,1,88334,F,0,,114133.0,"0,88334,",
H,T52.8X1,T52.8X2,T52.8X3,T52.8X4,-,-- ,,Hexahidrobenzol,0,1,88336,F,0,,114135.0,"0,88336,",
H,T51.8X1,T51.8X2,T51.8X3,T51.8X4,-,-- ,,Hexahidrocresol (-es),0,0,88337,F,0,,114136.0,"0,88337,",
H,T51.8X1,T51.8X2,T51.8X3,T51.8X4,-,-- ,,Hexahidrofenol,0,1,88349,F,0,,114148.0,"0,88349,",
H,T51.8X1,T51.8X2,T51.8X3,T51.8X4,-,-- ,,Hexalina,0,1,88350,F,0,,114149.0,"0,88350,",
H,T52.8X1,T52.8X2,T52.8X3,T52.8X4,-,-- ,,Hexametileno,0,1,88351,F,0,,114150.0,"0,88351,",
H,T45.1X1,T45.1X2,T45.1X3,T45.1X4,T45.1X5,T45.1X6 ,,Hexametilmelamina,0,1,88352,F,0,,114151.0,"0,88352,",
H,T44.2X1,T44.2X2,T44.2X3,T44.2X4,T44.2X5,T44.2X6 ,,"Hexametonio, bromuro de",0,1,88353,F,0,,114152.0,"0,88353,",
H,T49.0X1,T49.0X2,T49.0X3,T49.0X4,T49.0X5,T49.0X6 ,,Hexamidina,0,1,88354,F,0,,114153.0,"0,88354,",
H,T37.8X1,T37.8X2,T37.8X3,T37.8X4,T37.8X5,T37.8X6 ,,Hexamina (mandelato),0,1,88355,F,0,,114154.0,"0,88355,",
H,T52.4X1,T52.4X2,T52.4X3,T52.4X4,-,-- ,,"Hexanona, 2-hexanona",0,1,88356,F,0,,114155.0,"0,88356,",
H,T48.1X1,T48.1X2,T48.1X3,T48.1X4,T48.1X5,T48.1X6 ,,Hexanurenio,0,1,88357,F,0,,114156.0,"0,88357,",
H,T42.6X1,T42.6X2,T42.6X3,T42.6X4,T42.6X5,T42.6X6 ,,Hexapropimato,0,1,88358,F,0,,114157.0,"0,88358,",
H,T44.3X1,T44.3X2,T44.3X3,T44.3X4,T44.3X5,T44.3X6 ,,"Hexasonio, yoduro de",0,1,88359,F,0,,114158.0,"0,88359,",
H,T48.1X1,T48.1X2,T48.1X3,T48.1X4,T48.1X5,T48.1X6 ,,"Hexcarbacolina, bromuro de",0,1,88360,F,0,,114159.0,"0,88360,",
H,T42.3X1,T42.3X2,T42.3X3,T42.3X4,T42.3X5,T42.3X6 ,,Hexemal,0,1,88361,F,0,,114160.0,"0,88361,",
H,T38.5X1,T38.5X2,T38.5X3,T38.5X4,T38.5X5,T38.5X6 ,,Hexestrol,0,1,88362,F,0,,114161.0,"0,88362,",
H,T42.3X1,T42.3X2,T42.3X3,T42.3X4,T42.3X5,T42.3X6 ,,Hexetal (sodio),0,1,88363,F,0,,114162.0,"0,88363,",
H,T37.8X1,T37.8X2,T37.8X3,T37.8X4,T37.8X5,T37.8X6 ,,Hexetidina,0,1,88364,F,0,,114163.0,"0,88364,",
H,T41.3X1,T41.3X2,T41.3X3,T41.3X4,T41.3X5,T41.3X6 ,,Hexilcaína,0,1,88365,F,0,,114164.0,"0,88365,",
H,T52.2X1,T52.2X2,T52.2X3,T52.2X4,-,-- ,,Hexilresorcinol,0,1,88366,F,0,,114165.0,"0,88366,",
H,T42.3X1,T42.3X2,T42.3X3,T42.3X4,T42.3X5,T42.3X6 ,,Hexobarbital,0,0,88367,F,0,,114166.0,"0,88367,",
H,T46.3X1,T46.3X2,T46.3X3,T46.3X4,T46.3X5,T46.3X6 ,,Hexobendina,0,1,88370,F,0,,114169.0,"0,88370,",
H,T44.3X1,T44.3X2,T44.3X3,T44.3X4,T44.3X5,T44.3X6 ,,Hexociclio,0,0,88371,F,0,,114170.0,"0,88371,",
H,T38.5X1,T38.5X2,T38.5X3,T38.5X4,T38.5X5,T38.5X6 ,,Hexoestrol,0,1,88373,F,0,,114172.0,"0,88373,",
H,T52.4X1,T52.4X2,T52.4X3,T52.4X4,-,-- ,,Hexone,0,1,88374,F,0,,114173.0,"0,88374,",
H,T48.6X1,T48.6X2,T48.6X3,T48.6X4,T48.6X5,T48.6X6 ,,Hexoprenalina,0,1,88375,F,0,,114174.0,"0,88375,",
H,T45.3X1,T45.3X2,T45.3X3,T45.3X4,T45.3X5,T45.3X6 ,,Hiacima,0,1,88377,F,0,,114176.0,"0,88377,",
H,T45.3X1,T45.3X2,T45.3X3,T45.3X4,T45.3X5,T45.3X6 ,,Hialuronidasa,0,1,88378,F,0,,114177.0,"0,88378,",
H,T40.2X1,T40.2X2,T40.2X3,T40.2X4,T40.2X5,T40.2X6 ,,Hicodan,0,1,88379,F,0,,114178.0,"0,88379,",
H,T42.0X1,T42.0X2,T42.0X3,T42.0X4,T42.0X5,T42.0X6 ,,"Hidantoína, derivado NCOC",0,1,88380,F,0,,114179.0,"0,88380,",
H,T38.0X1,T38.0X2,T38.0X3,T38.0X4,T38.0X5,T38.0X6 ,,Hideltra,0,1,88381,F,0,,114180.0,"0,88381,",
H,T44.6X1,T44.6X2,T44.6X3,T44.6X4,T44.6X5,T44.6X6 ,,Hidergina,0,1,88382,F,0,,114181.0,"0,88382,",
H,T36.0X1,T36.0X2,T36.0X3,T36.0X4,T36.0X5,T36.0X6 ,,"Hidrabamina, penicilina",0,1,88383,F,0,,114182.0,"0,88383,",
H,T54.1X1,T54.1X2,T54.1X3,T54.1X4,-,-- ,,Hidracina,0,0,88384,F,0,,114183.0,"0,88384,",
H,T46.5X1,T46.5X2,T46.5X3,T46.5X4,T46.5X5,T46.5X6 ,,Hidralacina,0,1,88386,F,0,,114185.0,"0,88386,",
H,T49.0X1,T49.0X2,T49.0X3,T49.0X4,T49.0X5,T49.0X6 ,,Hidrargafeno,0,1,88387,F,0,,114186.0,"0,88387,",
H,T49.0X1,T49.0X2,T49.0X3,T49.0X4,T49.0X5,T49.0X6 ,,Hidrargiri amino-clorido,0,1,88388,F,0,,114187.0,"0,88388,",
H,T48.291,T48.292,T48.293,T48.294,T48.295,T48.296 ,,Hidrastina,0,1,88389,F,0,,114188.0,"0,88389,",
H,T54.2X1,T54.2X2,T54.2X3,T54.2X4,-,-- ,,"Hidrazoico, ácido, azidas",0,1,88390,F,0,,114189.0,"0,88390,",
H,T59.891,T59.892,T59.893,T59.894,-,-- ,,"Hidrocarburo, gas",0,0,88391,F,0,,114190.0,"0,88391,",
H,T50.2X1,T50.2X2,T50.2X3,T50.2X4,T50.2X5,T50.2X6 ,,Hidroclorotiazida,0,1,88395,F,0,,114194.0,"0,88395,",
H,T40.2X1,T40.2X2,T40.2X3,T40.2X4,T40.2X5,T40.2X6 ,,Hidrocodona,0,1,88396,F,0,,114195.0,"0,88396,",
H,T38.0X1,T38.0X2,T38.0X3,T38.0X4,T38.0X5,T38.0X6,,Hidrocortisona (derivado),0,0,88397,F,0,,114196.0,"0,88397,",
H,T38.0X1,T38.0X2,T38.0X3,T38.0X4,T38.0X5,T38.0X6 ,,Hidrocortona,0,0,88402,F,0,,114201.0,"0,88402,",
H,T50.2X1,T50.2X2,T50.2X3,T50.2X4,T50.2X5,T50.2X6 ,,Hidroflumetiazida,0,1,88407,F,0,,114206.0,"0,88407,",
H,T49.3X1,T49.3X2,T49.3X3,T49.3X4,T49.3X5,T49.3X6 ,,"Hidrofílica, loción",0,1,88406,F,0,,114205.0,"0,88406,",
H,T46.7X1,T46.7X2,T46.7X3,T46.7X4,T46.7X5,T46.7X6 ,,Hidrometilpiridina,0,1,88422,F,0,,114221.0,"0,88422,",
H,T40.2X1,T40.2X2,T40.2X3,T40.2X4,T40.2X5,T40.2X6,,Hidromorfinol,0,1,88423,F,0,,114222.0,"0,88423,",
H,T40.2X1,T40.2X2,T40.2X3,T40.2X4,T40.2X5,T40.2X6 ,,Hidromorfinona,0,1,88424,F,0,,114223.0,"0,88424,",
H,T50.2X1,T50.2X2,T50.2X3,T50.2X4,T50.2X5,T50.2X6 ,,Hidromox,0,1,88426,F,0,,114225.0,"0,88426,",
H,T46.2X1,T46.2X2,T46.2X3,T46.2X4,T46.2X5,T46.2X6 ,,Hidroquinidina,0,1,88427,F,0,,114226.0,"0,88427,",
H,T52.2X1,T52.2X2,T52.2X3,T52.2X4,-,-- ,,Hidroquinona,0,0,88428,F,0,,114227.0,"0,88428,",
H,T59.6X1,T59.6X2,T59.6X3,T59.6X4,-,-- ,,"Hidrosulfúrico, ácido (gas)",0,1,88430,F,0,,114229.0,"0,88430,",
H,T47.1X1,T47.1X2,T47.1X3,T47.1X4,T47.1X5,T47.1X6 ,,Hidrotalcita,0,1,88431,F,0,,114230.0,"0,88431,",
H,T49.5X1,T49.5X2,T49.5X3,T49.5X4,T49.5X5,T49.5X6 ,,Hidroxianfetamina,0,1,88432,F,0,,114231.0,"0,88432,",
H,T50.991,T50.992,T50.993,T50.994,T50.995,T50.996 ,,Hidroxianisol butilado,0,1,88433,F,0,,114232.0,"0,88433,",
H,T45.1X1,T45.1X2,T45.1X3,T45.1X4,T45.1X5,T45.1X6 ,,Hidroxicarbamida,0,1,88434,F,0,,114233.0,"0,88434,",
H,T43.591,T43.592,T43.593,T43.594,T43.595,T43.596 ,,Hidroxicina,0,1,88435,F,0,,114234.0,"0,88435,",
H,T37.8X1,T37.8X2,T37.8X3,T37.8X4,T37.8X5,T37.8X6 ,,Hidroxicloroquina,0,1,88436,F,0,,114235.0,"0,88436,",
H,T40.2X1,T40.2X2,T40.2X3,T40.2X4,T40.2X5,T40.2X6 ,,Hidroxidihidrocodeinona,0,1,88437,F,0,,114236.0,"0,88437,",
H,T37.3X1,T37.3X2,T37.3X3,T37.3X4,T37.3X5,T37.3X6 ,,Hidroxiestilbamidina,0,1,88439,F,0,,114238.0,"0,88439,",
H,T38.5X1,T38.5X2,T38.5X3,T38.5X4,T38.5X5,T38.5X6 ,,Hidroxiestrona,0,1,88440,F,0,,114239.0,"0,88440,",
H,T45.8X1,T45.8X2,T45.8X3,T45.8X4,T45.8X5,T45.8X6 ,,"Hidroxietil, almidón",0,1,88441,F,0,,114240.0,"0,88441,",
H,T43.591,T43.592,T43.593,T43.594,T43.595,T43.596 ,,Hidroxifenamato,0,1,88442,F,0,,114241.0,"0,88442,",
H,T39.2X1,T39.2X2,T39.2X3,T39.2X4,T39.2X5,T39.2X6 ,,Hidroxifenilbutazona,0,1,88443,F,0,,114242.0,"0,88443,",
H,T52.4X1,T52.4X2,T52.4X3,T52.4X4,-,-- ,,Hidroximetilpentanona,0,1,88444,F,0,,114243.0,"0,88444,",
H,T38.5X1,T38.5X2,T38.5X3,T38.5X4,T38.5X5,T38.5X6 ,,Hidroxiprogesterona,0,0,88445,F,0,,114244.0,"0,88445,",
H,T46.2X1,T46.2X2,T46.2X3,T46.2X4,T46.2X5,T46.2X6,T46.2X1,Hidroxiquinidina,0,1,105710,F,0,,114246.0,"0,105710,",
H,T37.8X1,T37.8X2,T37.8X3,T37.8X4,T37.8X5,T37.8X6 ,,Hidroxiquinoleína (derivado) NCOC,0,1,88447,F,0,,114247.0,"0,88447,",
H,T54.0X1,T54.0X2,T54.0X3,T54.0X4,-,-- ,,Hidroxitolueno (no medicinal),0,0,88448,F,0,,114248.0,"0,88448,",
H,T45.1X1,T45.1X2,T45.1X3,T45.1X4,T45.1X5,T45.1X6 ,,Hidroxiurea,0,1,88450,F,0,,114250.0,"0,88450,",
H,T45.8X1,T45.8X2,T45.8X3,T45.8X4,T45.8X5,T45.8X6 ,,Hidroxocobalamina,0,1,88451,F,0,,114251.0,"0,88451,",
H,T59.891,T59.892,T59.893,T59.894,-,-- ,,Hidrógeno,0,0,88408,F,0,,114207.0,"0,88408,",
H,T54.3X1,T54.3X2,T54.3X3,T54.3X4,-,-- ,,"Hidróxido, cáustico",0,1,88438,F,0,,114237.0,"0,88438,",
H,T47.5X1,T47.5X2,T47.5X3,T47.5X4,T47.5X5,T47.5X6 ,,Hierbabuena (aceite),0,1,88452,F,0,,114252.0,"0,88452,",
H,T45.4X1,T45.4X2,T45.4X3,T45.4X4,T45.4X5,T45.4X6 ,,Hierro (compuestos) (medicinal) NCOC,0,0,88453,F,0,,114253.0,"0,88453,",
H,T47.2X1,T47.2X2,T47.2X3,T47.2X4,T47.2X5,T47.2X6 ,,"Hinkle, pastillas de",0,1,88466,F,0,,114266.0,"0,88466,",
H,T44.3X1,T44.3X2,T44.3X3,T44.3X4,T44.3X5,T44.3X6 ,,Hiosciamina,0,1,88467,F,0,,114267.0,"0,88467,",
H,T44.3X1,T44.3X2,T44.3X3,T44.3X4,T44.3X5,T44.3X6 ,,Hioscina,0,1,88468,F,0,,114268.0,"0,88468,",
H,T50.Z11,T50.Z12,T50.Z13,T50.Z14,T50.Z15,T50.Z16 ,,Hipertussis,0,1,88469,F,0,,114269.0,"0,88469,",
H,T42.71,T42.72,T42.73,T42.74,T42.75,T42.76 ,,Hipnótico,0,0,88470,F,0,,114270.0,"0,88470,",
H,T49.0X1,T49.0X2,T49.0X3,T49.0X4,T49.0X5,T49.0X6 ,,Hipoclorito,0,1,88473,F,0,,114273.0,"0,88473,",
H,T46.5X1,T46.5X2,T46.5X3,T46.5X4,T46.5X5,T46.5X6 ,,Hipotensivo NCOC,0,1,88475,F,0,,114275.0,"0,88475,",
H,T49.5X1,T49.5X2,T49.5X3,T49.5X4,T49.5X5,T49.5X6 ,,Hipromelosa,0,1,88476,F,0,,114276.0,"0,88476,",
H,T38.891,T38.892,T38.893,T38.894,T38.895,T38.896 ,,Hipófisis posterior,0,1,88474,F,0,,114274.0,"0,88474,",
H,T50.8X1,T50.8X2,T50.8X3,T50.8X4,T50.8X5,T50.8X6 ,,Histalog,0,1,88477,F,0,,114277.0,"0,88477,",
H,T50.8X1,T50.8X2,T50.8X3,T50.8X4,T50.8X5,T50.8X6 ,,Histamina (fosfato),0,1,88478,F,0,,114278.0,"0,88478,",
H,T50.8X1,T50.8X2,T50.8X3,T50.8X4,T50.8X5,T50.8X6 ,,Histoplasmina,0,1,88479,F,0,,114279.0,"0,88479,",
H,T62.2X1,T62.2X2,T62.2X3,T62.2X4,-,-- ,,Holly berry,0,1,88480,F,0,,114280.0,"0,88480,",
H,T44.3X1,T44.3X2,T44.3X3,T44.3X4,T44.3X5,T44.3X6 ,,Homatropina,0,0,88481,F,0,,114281.0,"0,88481,",
H,T50.Z11,T50.Z12,T50.Z13,T50.Z14,T50.Z15,T50.Z16 ,,Homo-tet,0,1,88485,F,0,,114285.0,"0,88485,",
H,T45.0X1,T45.0X2,T45.0X3,T45.0X4,T45.0X5,T45.0X6 ,,Homoclorciclicina,0,1,88483,F,0,,114283.0,"0,88483,",
H,T49.3X1,T49.3X2,T49.3X3,T49.3X4,T49.3X5,T49.3X6 ,,Homosalato,0,1,88484,F,0,,114284.0,"0,88484,",
H,T62.0X1,T62.0X2,T62.0X3,T62.0X4,-,-- ,,"Hongos, nocivos, utilizado como alimento",0,1,88487,F,0,,114287.0,"0,88487,",
H,T63.421,T63.422,T63.423,T63.424,-,-- ,,Hormiga (mordedura) (picadura),0,1,88488,F,0,,114288.0,"0,88488,",
H,,,,,, ,,"Hormiga, veneno de - véase Insecticida",0,1,88489,F,0,,114289.0,"0,88489,",
H,T38.801,T38.802,T38.803,T38.804,T38.805,T38.806 ,,Hormona,0,0,88491,F,0,,114291.0,"0,88491,",
H,T38.811,T38.812,T38.813,T38.814,T38.815,T38.816 ,,Hormona del crecimiento,0,1,88510,F,0,,114310.0,"0,88510,",
H,T58.2X1,T58.2X2,T58.2X3,T58.2X4,-,-- ,,"Horno (a carbón) (doméstico), gas de",0,0,88512,F,0,,114312.0,"0,88512,",
H,T58.8X1,T58.8X2,T58.8X3,T58.8X4,-,-- ,,Horno de gas o vapor (monóxido de carbono),0,1,88514,F,0,,114314.0,"0,88514,",
H,T65.91,T65.92,T65.93,T65.94,-,-- ,,"Horticultura, agente NCOC",0,0,88515,F,0,,114315.0,"0,88515,",
H,T50.991,T50.992,T50.993,T50.994,T50.995,T50.996 ,,"Hueso de albaricoque, aceite de",0,1,88517,F,0,,114317.0,"0,88517,",
H,,,,,, ,,Humano,0,0,88518,F,0,,114318.0,"0,88518,",
H,T59.7X1,T59.7X2,T59.7X3,T59.7X4,-,-- ,,Humedad corrosiva,0,1,88522,F,0,,114322.0,"0,88522,",
H,T59.91,T59.92,T59.93,T59.94,-,-- ,,Humo (de),0,0,88523,F,0,,114323.0,"0,88523,",
H,T59.811,T59.812,T59.813,T59.814,-,-,,Humo NCOC,0,1,88544,F,0,,114345.0,"0,88544,",
H,T56.91,T56.92,T56.93,T56.94,-,-- ,,Humo de fundición NCOC,0,1,88543,F,0,,114344.0,"0,88543,",
H,T50.4X1,T50.4X2,T50.4X3,T50.4X4,T50.4X5,T50.4X6 ,,"Huso, inactivador del",0,1,88545,F,0,,114346.0,"0,88545,",
H,T44.3X1,T44.3X2,T44.3X3,T44.3X4,T44.3X5,T44.3X6 ,,Hyoscyamus,0,0,88546,F,0,,114347.0,"0,88546,",
H,T50.8X1,T50.8X2,T50.8X3,T50.8X4,T50.8X5,T50.8X6 ,,Hypaque,0,1,88548,F,0,,114349.0,"0,88548,",
H,,,,,, ,,Hígado,0,0,88460,F,0,,114260.0,"0,88460,",
H,T45.2X1,T45.2X2,T45.2X3,T45.2X4,T45.2X5,T45.2X6 ,,"Hígado de bacalao, aceite de ",0,1,88465,F,0,,114265.0,"0,88465,",
I,T38.1X1,T38.1X2,T38.1X3,T38.1X4,T38.1X5,T38.1X6 ,,I-tiroxina sódica,0,1,88745,F,0,,114548.0,"0,88745,",
I,T37.1X1,T37.1X2,T37.1X3,T37.1X4,T37.1X5,T37.1X6 ,,INH,0,1,88601,F,0,,114402.0,"0,88601,",
I,T37.5X1,T37.5X2,T37.5X3,T37.5X4,T37.5X5,T37.5X6 ,,Ibacitabina,0,1,88549,F,0,,114350.0,"0,88549,",
I,T44.991,T44.992,T44.993,T44.994,T44.995,T44.996 ,,Ibopamina,0,1,88550,F,0,,114351.0,"0,88550,",
I,T39.311,T39.312,T39.313,T39.314,T39.315,T39.316 ,,Ibufenaco,0,1,88551,F,0,,114352.0,"0,88551,",
I,T39.311,T39.312,T39.313,T39.314,T39.315,T39.316 ,,Ibuprofeno,0,1,88552,F,0,,114353.0,"0,88552,",
I,T39.311,T39.312,T39.313,T39.314,T39.315,T39.316 ,,Ibuproxam,0,1,88553,F,0,,114354.0,"0,88553,",
I,T48.6X1,T48.6X2,T48.6X3,T48.6X4,T48.6X5,T48.6X6 ,,Ibuterol,0,1,88554,F,0,,114355.0,"0,88554,",
I,T49.0X1,T49.0X2,T49.0X3,T49.0X4,T49.0X5,T49.0X6 ,,Ictamol,0,1,88555,F,0,,114356.0,"0,88555,",
I,T49.4X1,T49.4X2,T49.4X3,T49.4X4,T49.4X5,T49.4X6 ,,Ictiol,0,1,88556,F,0,,114357.0,"0,88556,",
I,T45.1X1,T45.1X2,T45.1X3,T45.1X4,T45.1X5,T45.1X6 ,,Idarubicina,0,1,88557,F,0,,114358.0,"0,88557,",
I,T37.5X1,T37.5X2,T37.5X3,T37.5X4,T37.5X5,T37.5X6 ,,Idoxuridina,0,1,88558,F,0,,114359.0,"0,88558,",
I,T42.8X1,T42.8X2,T42.8X3,T42.8X4,T42.8X5,T42.8X6 ,,Idrocilamida,0,1,88559,F,0,,114360.0,"0,88559,",
I,T46.7X1,T46.7X2,T46.7X3,T46.7X4,T46.7X5,T46.7X6 ,,Ifenprodil,0,1,88560,F,0,,114361.0,"0,88560,",
I,T45.1X1,T45.1X2,T45.1X3,T45.1X4,T45.1X5,T45.1X6 ,,Ifosfamida,0,1,88561,F,0,,114362.0,"0,88561,",
I,T38.3X1,T38.3X2,T38.3X3,T38.3X4,T38.3X5,T38.3X6 ,,Iletina,0,1,88562,F,0,,114363.0,"0,88562,",
I,T62.2X1,T62.2X2,T62.2X3,T62.2X4,-,-- ,,Ilex,0,1,88563,F,0,,114364.0,"0,88563,",
I,T46.7X1,T46.7X2,T46.7X3,T46.7X4,T46.7X5,T46.7X6 ,,Iloprost,0,1,88565,F,0,,114366.0,"0,88565,",
I,T45.2X1,T45.2X2,T45.2X3,T45.2X4,T45.2X5,T45.2X6 ,,Ilopán,0,1,88564,F,0,,114365.0,"0,88564,",
I,T36.3X1,T36.3X2,T36.3X3,T36.3X4,T36.3X5,T36.3X6 ,,Iloticina,0,0,88566,F,0,,114367.0,"0,88566,",
I,T58.11,T58.12,T58.13,T58.14,-,-- ,,"Iluminación, gas de (después de combustión)",0,0,88569,F,0,,114370.0,"0,88569,",
I,T45.1X1,T45.1X2,T45.1X3,T45.1X4,T45.1X5,T45.1X6 ,,Imidazol-4-carboxamida,0,1,88571,F,0,,114372.0,"0,88571,",
I,T36.0X1,T36.0X2,T36.0X3,T36.0X4,T36.0X5,T36.0X6 ,,Imipenem,0,1,88572,F,0,,114373.0,"0,88572,",
I,T43.011,T43.012,T43.013,T43.014,T43.015,T43.016 ,,Imipramina,0,1,88573,F,0,,114374.0,"0,88573,",
I,T50.Z11,T50.Z12,T50.Z13,T50.Z14,T50.Z15,T50.Z16 ,,Immu-G,0,1,88574,F,0,,114375.0,"0,88574,",
I,T50.Z11,T50.Z12,T50.Z13,T50.Z14,T50.Z15,T50.Z16 ,,Immu-tétanos,0,1,88575,F,0,,114376.0,"0,88575,",
I,T43.221,T43.222,T43.223,T43.224,T43.225,T43.226 ,,Indalpino,0,1,88576,F,0,,114377.0,"0,88576,",
I,T48.5X1,T48.5X2,T48.5X3,T48.5X4,T48.5X5,T48.5X6 ,,Indanazolina,0,1,88577,F,0,,114378.0,"0,88577,",
I,T45.511,T45.512,T45.513,T45.514,T45.515,T45.516 ,,Indandiona (derivados),0,1,88578,F,0,,114379.0,"0,88578,",
I,T46.5X1,T46.5X2,T46.5X3,T46.5X4,T46.5X5,T46.5X6 ,,Indapamida,0,1,88579,F,0,,114380.0,"0,88579,",
I,T45.511,T45.512,T45.513,T45.514,T45.515,T45.516 ,,Indendiona (derivados),0,1,88580,F,0,,114381.0,"0,88580,",
I,T44.7X1,T44.7X2,T44.7X3,T44.7X4,T44.7X5,T44.7X6 ,,Indenolol,0,1,88581,F,0,,114382.0,"0,88581,",
I,T44.7X1,T44.7X2,T44.7X3,T44.7X4,T44.7X5,T44.7X6 ,,Inderal,0,1,88582,F,0,,114383.0,"0,88582,",
I,T50.8X1,T50.8X2,T50.8X3,T50.8X4,T50.8X5,T50.8X6 ,,"Indigo, carmín",0,1,88584,F,0,,114385.0,"0,88584,",
I,,,,,, ,,Indio,0,0,88585,F,0,,114386.0,"0,88585,",
I,T45.521,T45.522,T45.523,T45.524,T45.525,T45.526 ,,Indobufén,0,1,88588,F,0,,114389.0,"0,88588,",
I,T50.8X1,T50.8X2,T50.8X3,T50.8X4,T50.8X5,T50.8X6 ,,"Indocianina, verde",0,1,88589,F,0,,114390.0,"0,88589,",
I,T39.2X1,T39.2X2,T39.2X3,T39.2X4,T39.2X5,T39.2X6 ,,Indocin,0,1,88590,F,0,,114391.0,"0,88590,",
I,T39.391,T39.392,T39.393,T39.394,T39.395,T39.396 ,,Indometacina,0,0,88592,F,0,,114393.0,"0,88592,",
I,T44.6X1,T44.6X2,T44.6X3,T44.6X4,T44.6X5,T44.6X6 ,,Indoramina,0,1,88594,F,0,,114395.0,"0,88594,",
I,,,,,, ,,Industrial,0,0,88595,F,0,,114396.0,"0,88595,",
I,T50.B91,T50.B92,T50.B93,T50.B94,T50.B95,T50.B96 ,,"Influenza, vacuna contra la ",0,1,88599,F,0,,114400.0,"0,88599,",
I,T65.91,T65.92,T65.93,T65.94,-,-- ,,"Ingerida, sustancia NCOC",0,1,88600,F,0,,114401.0,"0,88600,",
I,,,,,,,,Inhalación de gas (nocivo)  - véase Gas,0,1,88602,F,0,,114403.0,"0,88602,",
I,,,,,, ,,Inhibidor,0,0,88603,F,0,,114404.0,"0,88603,",
I,,,,,, ,,Inmuno,0,0,88609,F,0,,114412.0,"0,88609,",
I,T50.Z11,T50.Z12,T50.Z13,T50.Z14,T50.Z15,T50.Z16 ,,Inmunoglobulina anti-D (humana),0,1,88612,F,0,,114415.0,"0,88612,",
I,T50.Z11,T50.Z12,T50.Z13,T50.Z14,T50.Z15,T50.Z16 ,,Inmunoglobulina humana (intravenosa) (normal),0,0,88613,F,0,,114416.0,"0,88613,",
I,T45.1X1,T45.1X2,T45.1X3,T45.1X4,T45.1X5,T45.1X6 ,,"Inmunosupresor, fármaco",0,1,88615,F,0,,114418.0,"0,88615,",
I,T37.5X1,T37.5X2,T37.5X3,T37.5X4,T37.5X5,T37.5X6 ,,Inosina pranobex,0,1,88616,F,0,,114419.0,"0,88616,",
I,T50.991,T50.992,T50.993,T50.994,T50.995,T50.996 ,,Inositol,0,0,88617,F,0,,114420.0,"0,88617,",
I,T45.1X1,T45.1X2,T45.1X3,T45.1X4,T45.1X5,T45.1X6 ,,Inprocuona,0,1,88619,F,0,,114422.0,"0,88619,",
I,T46.6X1,T46.6X2,T46.6X3,T46.6X4,T46.6X5,T46.6X6 ,,"Insaturados, ácido grasos",0,1,88620,F,0,,114423.0,"0,88620,",
I,T60.91,T60.92,T60.93,T60.94,-,-- ,,Insecticida NCOC,0,0,88621,F,0,,114424.0,"0,88621,",
I,T63.481,T63.482,T63.483,T63.484,-,-- ,,"Insecto (picadura), venenoso",0,0,88627,F,0,,114430.0,"0,88627,",
I,T38.3X1,T38.3X2,T38.3X3,T38.3X4,T38.3X5,T38.3X6 ,,"Insular, extracto de tejido ",0,1,88633,F,0,,114436.0,"0,88633,",
I,T38.3X1,T38.3X2,T38.3X3,T38.3X4,T38.3X5,T38.3X6,,Insulina NCOC (amorfa) (globina) (isofánica) (Lente) (NPH) (prolamina) (Semilente) (ultralenta) (zinc),0,0,88635,F,0,,114438.0,"0,88635,",
I,T37.5X1,T37.5X2,T37.5X3,T37.5X4,T37.5X5,T37.5X6 ,,Interferón (alfa) (beta) (gamma),0,1,88646,F,0,,114449.0,"0,88646,",
I,T41.1X1,T41.1X2,T41.1X3,T41.1X4,T41.1X5,T41.1X6 ,,Intranarcona,0,1,88647,F,0,,114450.0,"0,88647,",
I,,,,,, ,,Intravenoso,0,0,88648,F,0,,114451.0,"0,88648,",
I,T50.8X1,T50.8X2,T50.8X3,T50.8X4,T50.8X5,T50.8X6 ,,Inulina,0,1,88651,F,0,,114454.0,"0,88651,",
I,T50.3X1,T50.3X2,T50.3X3,T50.3X4,T50.3X5,T50.3X6 ,,"Invertida, azúcar",0,1,88652,F,0,,114455.0,"0,88652,",
I,,,,,, ,,Inza - véase Naproxeno,0,1,88653,F,0,,114456.0,"0,88653,",
I,T50.8X1,T50.8X2,T50.8X3,T50.8X4,T50.8X5,T50.8X6 ,,"Iobenzámico, ácido ",0,1,88654,F,0,,114457.0,"0,88654,",
I,T50.8X1,T50.8X2,T50.8X3,T50.8X4,T50.8X5,T50.8X6 ,,"Iocármico, ácido",0,1,88655,F,0,,114458.0,"0,88655,",
I,T50.8X1,T50.8X2,T50.8X3,T50.8X4,T50.8X5,T50.8X6 ,,Iodamida,0,1,88656,F,0,,114459.0,"0,88656,",
I,T50.8X1,T50.8X2,T50.8X3,T50.8X4,T50.8X5,T50.8X6 ,,Iodopiracet,0,1,88657,F,0,,114460.0,"0,88657,",
I,T50.8X1,T50.8X2,T50.8X3,T50.8X4,T50.8X5,T50.8X6 ,,"Iofenoico, ácido",0,1,88658,F,0,,114461.0,"0,88658,",
I,T50.8X1,T50.8X2,T50.8X3,T50.8X4,T50.8X5,T50.8X6 ,,Iohexol,0,1,88659,F,0,,114462.0,"0,88659,",
I,T50.8X1,T50.8X2,T50.8X3,T50.8X4,T50.8X5,T50.8X6 ,,Iopamidol,0,1,88665,F,0,,114468.0,"0,88665,",
I,T50.8X1,T50.8X2,T50.8X3,T50.8X4,T50.8X5,T50.8X6 ,,"Iopanoico, ácido",0,1,88666,F,0,,114469.0,"0,88666,",
I,T50.8X1,T50.8X2,T50.8X3,T50.8X4,T50.8X5,T50.8X6 ,,Iopidol,0,1,88667,F,0,,114470.0,"0,88667,",
I,T50.8X1,T50.8X2,T50.8X3,T50.8X4,T50.8X5,T50.8X6 ,,Iopodato de sodio,0,1,88668,F,0,,114471.0,"0,88668,",
I,T50.8X1,T50.8X2,T50.8X3,T50.8X4,T50.8X5,T50.8X6 ,,Iopromida,0,1,88670,F,0,,114473.0,"0,88670,",
I,T50.8X1,T50.8X2,T50.8X3,T50.8X4,T50.8X5,T50.8X6 ,,"Iopódico, ácido",0,1,88669,F,0,,114472.0,"0,88669,",
I,T50.8X1,T50.8X2,T50.8X3,T50.8X4,T50.8X5,T50.8X6 ,,Iotalamato,0,1,88671,F,0,,114474.0,"0,88671,",
I,T50.8X1,T50.8X2,T50.8X3,T50.8X4,T50.8X5,T50.8X6 ,,"Iotalámico, ácido ",0,1,88672,F,0,,114475.0,"0,88672,",
I,T38.2X1,T38.2X2,T38.2X3,T38.2X4,T38.2X5,T38.2X6 ,,Iotiouracil,0,1,88673,F,0,,114476.0,"0,88673,",
I,T50.8X1,T50.8X2,T50.8X3,T50.8X4,T50.8X5,T50.8X6 ,,Iotrol,0,1,88674,F,0,,114477.0,"0,88674,",
I,T50.8X1,T50.8X2,T50.8X3,T50.8X4,T50.8X5,T50.8X6 ,,Iotrolan,0,1,88675,F,0,,114478.0,"0,88675,",
I,T50.8X1,T50.8X2,T50.8X3,T50.8X4,T50.8X5,T50.8X6 ,,Iotroxato,0,1,88676,F,0,,114479.0,"0,88676,",
I,T50.8X1,T50.8X2,T50.8X3,T50.8X4,T50.8X5,T50.8X6 ,,"Iotróxico, ácido",0,1,88677,F,0,,114480.0,"0,88677,",
I,T50.8X1,T50.8X2,T50.8X3,T50.8X4,T50.8X5,T50.8X6 ,,Ioversol,0,1,88678,F,0,,114481.0,"0,88678,",
I,T50.8X1,T50.8X2,T50.8X3,T50.8X4,T50.8X5,T50.8X6 ,,Ioxaglato,0,1,88679,F,0,,114482.0,"0,88679,",
I,T50.8X1,T50.8X2,T50.8X3,T50.8X4,T50.8X5,T50.8X6 ,,"Ioxitálamico, ácido ",0,1,88681,F,0,,114484.0,"0,88681,",
I,T50.8X1,T50.8X2,T50.8X3,T50.8X4,T50.8X5,T50.8X6 ,,"Ioxáglico, ácido",0,1,88680,F,0,,114483.0,"0,88680,",
I,T48.4X1,T48.4X2,T48.4X3,T48.4X4,T48.4X5,T48.4X6,,Ipecacuana,0,1,88683,F,0,,114486.0,"0,88683,",
I,T50.8X1,T50.8X2,T50.8X3,T50.8X4,T50.8X5,T50.8X6 ,,"Ipodato, calcio",0,1,88684,F,0,,114487.0,"0,88684,",
I,T42.3X1,T42.3X2,T42.3X3,T42.3X4,T42.3X5,T42.3X6 ,,Ipral,0,1,88685,F,0,,114488.0,"0,88685,",
I,T48.6X1,T48.6X2,T48.6X3,T48.6X4,T48.6X5,T48.6X6 ,,Ipratropio (bromuro),0,1,88686,F,0,,114489.0,"0,88686,",
I,T46.3X1,T46.3X2,T46.3X3,T46.3X4,T46.3X5,T46.3X6 ,,Ipriflavona,0,1,88687,F,0,,114490.0,"0,88687,",
I,T43.1X1,T43.1X2,T43.1X3,T43.1X4,T43.1X5,T43.1X6 ,,Iproclozida,0,1,88689,F,0,,114492.0,"0,88689,",
I,T50.8X1,T50.8X2,T50.8X3,T50.8X4,T50.8X5,T50.8X6 ,,Iprofenina,0,1,88690,F,0,,114493.0,"0,88690,",
I,T49.2X1,T49.2X2,T49.2X3,T49.2X4,T49.2X5,T49.2X6 ,,Iproheptina,0,1,88691,F,0,,114494.0,"0,88691,",
I,T43.1X1,T43.1X2,T43.1X3,T43.1X4,T43.1X5,T43.1X6 ,,Iproniazida,0,1,88692,F,0,,114495.0,"0,88692,",
I,T45.1X1,T45.1X2,T45.1X3,T45.1X4,T45.1X5,T45.1X6 ,,Iproplatina,0,1,88693,F,0,,114496.0,"0,88693,",
I,T46.1X1,T46.1X2,T46.1X3,T46.1X4,T46.1X5,T46.1X6 ,,Iproveratrilo,0,1,88694,F,0,,114497.0,"0,88694,",
I,T43.011,T43.012,T43.013,T43.014,T43.015,T43.016 ,,Ipríndole,0,1,88688,F,0,,114491.0,"0,88688,",
I,T49.8X1,T49.8X2,T49.8X3,T49.8X4,T49.8X5,T49.8X6 ,,"Irrigación, líquido (vaginal)",0,0,88695,F,0,,114498.0,"0,88695,",
I,T36.5X1,T36.5X2,T36.5X3,T36.5X4,T36.5X5,T36.5X6 ,,Isepamicina,0,1,88697,F,0,,114500.0,"0,88697,",
I,T46.3X1,T46.3X2,T46.3X3,T46.3X4,T46.3X5,T46.3X6 ,,"Isoamilo, nitrito de",0,1,88698,F,0,,114501.0,"0,88698,",
I,T48.3X1,T48.3X2,T48.3X3,T48.3X4,T48.3X5,T48.3X6 ,,Isoaminila (citrato),0,1,88699,F,0,,114502.0,"0,88699,",
I,T60.1X1,T60.1X2,T60.1X3,T60.1X4,-,-- ,,Isobenzan,0,1,88700,F,0,,114503.0,"0,88700,",
I,T52.8X1,T52.8X2,T52.8X3,T52.8X4,-,-- ,,"Isobutilo, acetato de ",0,1,88701,F,0,,114504.0,"0,88701,",
I,T43.1X1,T43.1X2,T43.1X3,T43.1X4,T43.1X5,T43.1X6 ,,Isocarboxazida,0,1,88702,F,0,,114505.0,"0,88702,",
I,T65.0X1,T65.0X2,T65.0X3,T65.0X4,-,-- ,,Isocianato,0,1,88703,F,0,,114506.0,"0,88703,",
I,T49.0X1,T49.0X2,T49.0X3,T49.0X4,T49.0X5,T49.0X6 ,,Isoconazol,0,1,88704,F,0,,114507.0,"0,88704,",
I,T44.991,T44.992,T44.993,T44.994,T44.995,T44.996 ,,Isoefedrina,0,1,88705,F,0,,114508.0,"0,88705,",
I,T42.2X1,T42.2X2,T42.2X3,T42.2X4,T42.2X5,T42.2X6 ,,Isoetadiona,0,1,88706,F,0,,114509.0,"0,88706,",
I,T44.5X1,T44.5X2,T44.5X3,T44.5X4,T44.5X5,T44.5X6 ,,Isoetarina,0,1,88708,F,0,,114511.0,"0,88708,",
I,T38.3X1,T38.3X2,T38.3X3,T38.3X4,T38.3X5,T38.3X6 ,,"Isofano, insulina",0,1,88709,F,0,,114512.0,"0,88709,",
I,T41.0X1,T41.0X2,T41.0X3,T41.0X4,T41.0X5,T41.0X6 ,,Isoflurano,0,1,88710,F,0,,114513.0,"0,88710,",
I,T44.0X1,T44.0X2,T44.0X3,T44.0X4,T44.0X5,T44.0X6 ,,Isoflurofato,0,1,88711,F,0,,114514.0,"0,88711,",
I,T65.891,T65.892,T65.893,T65.894,-,-- ,,Isoforona,0,1,88712,F,0,,114515.0,"0,88712,",
I,T45.1X1,T45.1X2,T45.1X3,T45.1X4,T45.1X5,T45.1X6 ,,Isofosfamida,0,1,88713,F,0,,114516.0,"0,88713,",
I,T45.4X1,T45.4X2,T45.4X3,T45.4X4,T45.4X5,T45.4X6 ,,"Isomaltosa, complejo férrico",0,1,88714,F,0,,114517.0,"0,88714,",
I,T44.3X1,T44.3X2,T44.3X3,T44.3X4,T44.3X5,T44.3X6 ,,Isometepteno,0,1,88715,F,0,,114518.0,"0,88715,",
I,T37.1X1,T37.1X2,T37.1X3,T37.1X4,T37.1X5,T37.1X6 ,,Isoniazida,0,0,88716,F,0,,114519.0,"0,88716,",
I,T37.1X1,T37.1X2,T37.1X3,T37.1X4,T37.1X5,T37.1X6 ,,"Isonicotínico, hidrazida del ácido ",0,1,88720,F,0,,114523.0,"0,88720,",
I,T40.491,T40.492,T40.493,T40.494,T40.495,T40.496,,Isonipecaína,0,1,88721,F,0,,114524.0,"0,88721,",
I,T37.2X1,T37.2X2,T37.2X3,T37.2X4,T37.2X5,T37.2X6 ,,Isopentaquina,0,1,88722,F,0,,114525.0,"0,88722,",
I,T38.5X1,T38.5X2,T38.5X3,T38.5X4,T38.5X5,T38.5X6 ,,Isopregnenona,0,1,88723,F,0,,114526.0,"0,88723,",
I,T48.6X1,T48.6X2,T48.6X3,T48.6X4,T48.6X5,T48.6X6 ,,Isoprenalina,0,1,88724,F,0,,114527.0,"0,88724,",
I,T43.3X1,T43.3X2,T43.3X3,T43.3X4,T43.3X5,T43.3X6 ,,Isoprometacina,0,1,88725,F,0,,114528.0,"0,88725,",
I,T44.3X1,T44.3X2,T44.3X3,T44.3X4,T44.3X5,T44.3X6 ,,Isopropamida,0,0,88726,F,0,,114529.0,"0,88726,",
I,T51.2X1,T51.2X2,T51.2X3,T51.2X4,-,-- ,,Isopropanol,0,1,88728,F,0,,114531.0,"0,88728,",
I,T39.2X1,T39.2X2,T39.2X3,T39.2X4,T39.2X5,T39.2X6 ,,Isopropilaminofenazona,0,1,88729,F,0,,114532.0,"0,88729,",
I,,,,,, ,,Isopropílico,0,0,88730,F,0,,114533.0,"0,88730,",
I,T48.6X1,T48.6X2,T48.6X3,T48.6X4,T48.6X5,T48.6X6 ,,Isoproterenol,0,1,88735,F,0,,114538.0,"0,88735,",
I,T46.3X1,T46.3X2,T46.3X3,T46.3X4,T46.3X5,T46.3X6 ,,Isosorbide dinitrato,0,1,88736,F,0,,114539.0,"0,88736,",
I,T45.0X1,T45.0X2,T45.0X3,T45.0X4,T45.0X5,T45.0X6 ,,Isotipendilo,0,1,88737,F,0,,114540.0,"0,88737,",
I,T50.991,T50.992,T50.993,T50.994,T50.995,T50.996 ,,Isotretinoína,0,1,88738,F,0,,114541.0,"0,88738,",
I,T36.0X1,T36.0X2,T36.0X3,T36.0X4,T36.0X5,T36.0X6 ,,Isoxazolil la penicilina,0,1,88739,F,0,,114542.0,"0,88739,",
I,T39.391,T39.392,T39.393,T39.394,T39.395,T39.396 ,,Isoxicam,0,1,88740,F,0,,114543.0,"0,88740,",
I,T46.7X1,T46.7X2,T46.7X3,T46.7X4,T46.7X5,T46.7X6 ,,Isoxsuprina,0,1,88741,F,0,,114544.0,"0,88741,",
I,T47.4X1,T47.4X2,T47.4X3,T47.4X4,T47.4X5,T47.4X6 ,,Ispágula,0,0,88742,F,0,,114545.0,"0,88742,",
I,T46.1X1,T46.1X2,T46.1X3,T46.1X4,T46.1X5,T46.1X6 ,,Isradipino,0,1,88744,F,0,,114547.0,"0,88744,",
I,T37.8X1,T37.8X2,T37.8X3,T37.8X4,T37.8X5,T37.8X6 ,,Itraconazol,0,1,88746,F,0,,114549.0,"0,88746,",
I,T46.3X1,T46.3X2,T46.3X3,T46.3X4,T46.3X5,T46.3X6 ,,Itramina tosilato,0,1,88747,F,0,,114550.0,"0,88747,",
I,T37.4X1,T37.4X2,T37.4X3,T37.4X4,T37.4X5,T37.4X6 ,,Ivermectina,0,1,88748,F,0,,114551.0,"0,88748,",
I,T37.1X1,T37.1X2,T37.1X3,T37.1X4,T37.1X5,T37.1X6 ,,Izoniazid,0,0,88749,F,0,,114552.0,"0,88749,",
I,,,,,, ,,"Iónico, resina de intercambio ",0,0,88660,F,0,,114463.0,"0,88660,",
J,T55.0X1,T55.0X2,T55.0X3,T55.0X4,-,-,,Jabón (polvo) (producto),0,0,88751,F,0,,114554.0,"0,88751,",
J,T49.2X1,T49.2X2,T49.2X3,T49.2X4,T49.2X5,T49.2X6 ,,Jabón verde,0,1,88755,F,0,,114558.0,"0,88755,",
J,T47.2X1,T47.2X2,T47.2X3,T47.2X4,T47.2X5,T47.2X6 ,,Jalapa,0,1,88756,F,0,,114559.0,"0,88756,",
J,,,,,, ,,Jamaica,0,0,88757,F,0,,114560.0,"0,88757,",
J,T62.2X1,T62.2X2,T62.2X3,T62.2X4,-,-- ,,Jatropha,0,0,88761,F,0,,114565.0,"0,88761,",
J,T45.4X1,T45.4X2,T45.4X3,T45.4X4,T45.4X5,T45.4X6 ,,Jectofer,0,1,88763,F,0,,114567.0,"0,88763,",
J,T47.5X1,T47.5X2,T47.5X3,T47.5X4,T47.5X5,T47.5X6,,Jengibre,0,0,88764,F,0,,114568.0,"0,88764,",
J,T62.2X1,T62.2X2,T62.2X3,T62.2X4,-,-- ,,Jequirity (haba),0,1,88766,F,0,,114571.0,"0,88766,",
J,T62.2X1,T62.2X2,T62.2X3,T62.2X4,-,-- ,,"Jimson, maleza de (estramonio)",0,0,88767,F,0,,114572.0,"0,88767,",
J,T36.3X1,T36.3X2,T36.3X3,T36.3X4,T36.3X5,T36.3X6 ,,Josamicina,0,1,88769,F,0,,114574.0,"0,88769,",
J,T49.1X1,T49.1X2,T49.1X3,T49.1X4,T49.1X5,T49.1X6 ,,"Junípero, alquitrán de",0,1,88770,F,0,,114575.0,"0,88770,",
K,T46.7X1,T46.7X2,T46.7X3,T46.7X4,T46.7X5,T46.7X6 ,,Kalidinogenasa,0,1,88771,F,0,,114576.0,"0,88771,",
K,T36.5X1,T36.5X2,T36.5X3,T36.5X4,T36.5X5,T36.5X6 ,,Kanamicina,0,1,88772,F,0,,114577.0,"0,88772,",
K,T36.5X1,T36.5X2,T36.5X3,T36.5X4,T36.5X5,T36.5X6 ,,Kantrex,0,1,88773,F,0,,114578.0,"0,88773,",
K,T47.4X1,T47.4X2,T47.4X3,T47.4X4,T47.4X5,T47.4X6 ,,Karaya (goma),0,1,88774,F,0,,114579.0,"0,88774,",
K,T41.291,T41.292,T41.293,T41.294,T41.295,T41.296 ,,Ketamina,0,1,88775,F,0,,114580.0,"0,88775,",
K,T42.4X1,T42.4X2,T42.4X3,T42.4X4,T42.4X5,T42.4X6 ,,Ketazolam,0,1,88776,F,0,,114581.0,"0,88776,",
K,T39.2X1,T39.2X2,T39.2X3,T39.2X4,T39.2X5,T39.2X6 ,,Ketazon,0,1,88777,F,0,,114582.0,"0,88777,",
K,T49.0X1,T49.0X2,T49.0X3,T49.0X4,T49.0X5,T49.0X6 ,,Ketoconazol,0,1,88778,F,0,,114583.0,"0,88778,",
K,T52.4X1,T52.4X2,T52.4X3,T52.4X4,-,-- ,,Ketols,0,1,88779,F,0,,114584.0,"0,88779,",
K,T39.311,T39.312,T39.313,T39.314,T39.315,T39.316 ,,Ketoprofeno,0,1,88780,F,0,,114585.0,"0,88780,",
K,T39.8X1,T39.8X2,T39.8X3,T39.8X4,T39.8X5,T39.8X6 ,,Ketorolaco,0,1,88781,F,0,,114586.0,"0,88781,",
K,T45.0X1,T45.0X2,T45.0X3,T45.0X4,T45.0X5,T45.0X6 ,,Ketotifeno,0,1,88782,F,0,,114587.0,"0,88782,",
K,T43.691,T43.692,T43.693,T43.694,-,-- ,,Khat,0,1,88783,F,0,,114588.0,"0,88783,",
K,T46.3X1,T46.3X2,T46.3X3,T46.3X4,T46.3X5,T46.3X6 ,,Khellina,0,1,88784,F,0,,114589.0,"0,88784,",
K,T36.3X1,T36.3X2,T36.3X3,T36.3X4,T36.3X5,T36.3X6 ,,Kitasamicina,0,1,88785,F,0,,114590.0,"0,88785,",
K,T47.4X1,T47.4X2,T47.4X3,T47.4X4,T47.4X5,T47.4X6 ,,Konsyl,0,1,88786,F,0,,114591.0,"0,88786,",
K,T62.2X1,T62.2X2,T62.2X3,T62.2X4,-,-- ,,"Kosam, semillas",0,1,88787,F,0,,114592.0,"0,88787,",
K,T63.091,T63.092,T63.093,T63.094,-,-- ,,Krait (veneno),0,1,88788,F,0,,114593.0,"0,88788,",
K,T60.1X1,T60.1X2,T60.1X3,T60.1X4,-,-- ,,Kwell (insecticida),0,0,88789,F,0,,114594.0,"0,88789,",
L,T42.8X1,T42.8X2,T42.8X3,T42.8X4,T42.8X5,T42.8X6 ,,L-dopa,0,1,88833,F,0,,114642.0,"0,88833,",
L,,,,,, ,,L-triptófano - véase aminoácido,0,1,88969,F,0,,114783.0,"0,88969,",
L,T45.8X1,T45.8X2,T45.8X3,T45.8X4,T45.8X5,T45.8X6 ,,LMD,0,1,88946,F,0,,114760.0,"0,88946,",
L,T40.8X1,T40.8X2,T40.8X3,T40.8X4,,,,LSD,0,1,88968,F,0,,114782.0,"0,88968,",
L,T44.8X1,T44.8X2,T44.8X3,T44.8X4,T44.8X5,T44.8X6 ,,Labetalol,0,1,88791,F,0,,114596.0,"0,88791,",
L,T62.2X1,T62.2X2,T62.2X3,T62.2X4,-,-- ,,Laburnum (semillas),0,0,88792,F,0,,114597.0,"0,88792,",
L,T65.6X1,T65.6X2,T65.6X3,T65.6X4,-,-- ,,Laca,0,1,88794,F,0,,114599.0,"0,88794,",
L,T49.5X1,T49.5X2,T49.5X3,T49.5X4,T49.5X5,T49.5X6,,Lachesine,0,1,94745,F,0,,114600.0,"0,94745,",
L,T46.5X1,T46.5X2,T46.5X3,T46.5X4,T46.5X5,T46.5X6 ,,Lacidipino,0,1,88795,F,0,,114601.0,"0,88795,",
L,T59.3X1,T59.3X2,T59.3X3,T59.3X4,-,-- ,,"Lacrimógeno, gas",0,1,88796,F,0,,114602.0,"0,88796,",
L,T50.3X1,T50.3X2,T50.3X3,T50.3X4,T50.3X5,T50.3X6 ,,"Lactato potásico, solución salina",0,1,88797,F,0,,114603.0,"0,88797,",
L,,,,,, ,,Lactobacillus,0,0,88799,F,0,,114605.0,"0,88799,",
L,T45.2X1,T45.2X2,T45.2X3,T45.2X4,T45.2X5,T45.2X6 ,,Lactoflavina,0,1,88805,F,0,,114611.0,"0,88805,",
L,T50.901,T50.902,T50.903,T50.904,T50.905,T50.906 ,,Lactosa (como excipiente),0,1,88806,F,0,,114612.0,"0,88806,",
L,T42.6X1,T42.6X2,T42.6X3,T42.6X4,T42.6X5,T42.6X6 ,,Lactucarium,0,1,88807,F,0,,114613.0,"0,88807,",
L,T47.3X1,T47.3X2,T47.3X3,T47.3X4,T47.3X5,T47.3X6 ,,Lactulosa,0,1,88808,F,0,,114614.0,"0,88808,",
L,,,,,, ,,Laevo - véase Levo-,0,1,88809,F,0,,114615.0,"0,88809,",
L,T63.121,T63.122,T63.123,T63.124,-,-- ,,Lagarto (mordedura) (veneno),0,1,88810,F,0,,114616.0,"0,88810,",
L,T49.3X1,T49.3X2,T49.3X3,T49.3X4,T49.3X5,T49.3X6 ,,"Lana, grasa de (hidratado)",0,1,88814,F,0,,114620.0,"0,88814,",
L,T46.0X1,T46.0X2,T46.0X3,T46.0X4,T46.0X5,T46.0X6 ,,Lanatósidos,0,1,88815,F,0,,114621.0,"0,88815,",
L,T49.3X1,T49.3X2,T49.3X3,T49.3X4,T49.3X5,T49.3X6 ,,Lanolina,0,1,88816,F,0,,114622.0,"0,88816,",
L,T49.5X1,T49.5X2,T49.5X3,T49.5X4,T49.5X5,T49.5X6 ,,Laquesina,0,1,88817,F,0,,114623.0,"0,88817,",
L,T43.3X1,T43.3X2,T43.3X3,T43.3X4,T43.3X5,T43.3X6 ,,Largactil,0,1,88818,F,0,,114624.0,"0,88818,",
L,T43.011,T43.012,T43.013,T43.014,T43.015,T43.016 ,,Laroxyl,0,1,88819,F,0,,114625.0,"0,88819,",
L,T50.1X1,T50.1X2,T50.1X3,T50.1X4,T50.1X5,T50.1X6 ,,Lasix,0,1,88820,F,0,,114626.0,"0,88820,",
L,T49.4X1,T49.4X2,T49.4X3,T49.4X4,T49.4X5,T49.4X6 ,,"Lassar, pasta de",0,1,88821,F,0,,114627.0,"0,88821,",
L,T36.1X1,T36.1X2,T36.1X3,T36.1X4,T36.1X5,T36.1X6 ,,Latamoxef,0,1,88822,F,0,,114628.0,"0,88822,",
L,T62.2X1,T62.2X2,T62.2X3,T62.2X4,-,-- ,,Lathyrus (semilla),0,1,88824,F,0,,114630.0,"0,88824,",
L,T56.891,T56.892,T56.893,T56.894,-,-,,Latón (gases),0,1,88825,F,0,,114631.0,"0,88825,",
L,T48.1X1,T48.1X2,T48.1X3,T48.1X4,T48.1X5,T48.1X6 ,,Laudexio,0,1,88827,F,0,,114633.0,"0,88827,",
L,T62.2X1,T62.2X2,T62.2X3,T62.2X4,-,-- ,,"Laurel, negro o cerezo",0,1,88829,F,0,,114635.0,"0,88829,",
L,T51.8X1,T51.8X2,T51.8X3,T51.8X4,-,-- ,,"Laurel, ron de",0,1,88830,F,0,,114636.0,"0,88830,",
L,T49.0X1,T49.0X2,T49.0X3,T49.0X4,T49.0X5,T49.0X6 ,,Laurolinio,0,1,88831,F,0,,114637.0,"0,88831,",
L,T47.4X1,T47.4X2,T47.4X3,T47.4X4,T47.4X5,T47.4X6 ,,Laxante NCOC,0,0,88832,F,0,,114638.0,"0,88832,",
L,T65.891,T65.892,T65.893,T65.894,-,-- ,,Lechada de cal,0,1,88834,F,0,,114643.0,"0,88834,",
L,T42.6X1,T42.6X2,T42.6X3,T42.6X4,T42.6X5,T42.6X6 ,,Lechuga (virosa) (extracto),0,1,88835,F,0,,114644.0,"0,88835,",
L,T39.8X1,T39.8X2,T39.8X3,T39.8X4,T39.8X5,T39.8X6 ,,Lefetamina,0,1,88836,F,0,,114645.0,"0,88836,",
L,T54.3X1,T54.3X2,T54.3X3,T54.3X4,-,-- ,,Lejía (concentrada),0,1,88837,F,0,,114646.0,"0,88837,",
L,T43.4X1,T43.4X2,T43.4X3,T43.4X4,T43.4X5,T43.4X6 ,,Lenperone,0,1,88838,F,0,,114647.0,"0,88838,",
L,T38.3X1,T38.3X2,T38.3X3,T38.3X4,T38.3X5,T38.3X6 ,,Lente Iletina (insulina),0,1,88839,F,0,,114648.0,"0,88839,",
L,T49.5X1,T49.5X2,T49.5X3,T49.5X4,T49.5X5,T49.5X6 ,,"Lentes de contacto, solución para ",0,1,88840,F,0,,114649.0,"0,88840,",
L,T50.7X1,T50.7X2,T50.7X3,T50.7X4,T50.7X5,T50.7X6 ,,Leptazol,0,1,88841,F,0,,114650.0,"0,88841,",
L,T60.0X1,T60.0X2,T60.0X3,T60.0X4,-,-- ,,Leptophos,0,1,88842,F,0,,114651.0,"0,88842,",
L,T40.2X1,T40.2X2,T40.2X3,T40.2X4,T40.2X5,T40.2X6 ,,Leritina,0,1,88843,F,0,,114652.0,"0,88843,",
L,T48.4X1,T48.4X2,T48.4X3,T48.4X4,T48.4X5,T48.4X6 ,,Letosteína,0,1,88844,F,0,,114653.0,"0,88844,",
L,T38.1X1,T38.1X2,T38.1X3,T38.1X4,T38.1X5,T38.1X6 ,,Letter,0,1,88845,F,0,,114654.0,"0,88845,",
L,T42.6X1,T42.6X2,T42.6X3,T42.6X4,T42.6X5,T42.6X6 ,,Lettuce opium,0,1,88846,F,0,,114655.0,"0,88846,",
L,T41.3X1,T41.3X2,T41.3X3,T41.3X4,T41.3X5,T41.3X6 ,,Leucinocaína,0,1,88847,F,0,,114656.0,"0,88847,",
L,T46.991,T46.992,T46.993,T46.994,T46.995,T46.996 ,,Leucocianidol,0,1,88848,F,0,,114657.0,"0,88848,",
L,T45.8X1,T45.8X2,T45.8X3,T45.8X4,T45.8X5,T45.8X6 ,,Leucovorina (factor),0,1,88849,F,0,,114658.0,"0,88849,",
L,T38.891,T38.892,T38.893,T38.894,T38.895,T38.896 ,,Leuprolide,0,1,88850,F,0,,114659.0,"0,88850,",
L,T45.1X1,T45.1X2,T45.1X3,T45.1X4,T45.1X5,T45.1X6 ,,Leuquerán,0,1,88851,F,0,,114660.0,"0,88851,",
L,T45.2X1,T45.2X2,T45.2X3,T45.2X4,T45.2X5,T45.2X6 ,,Levadura,0,0,88852,F,0,,114661.0,"0,88852,",
L,T48.6X1,T48.6X2,T48.6X3,T48.6X4,T48.6X5,T48.6X6 ,,Levalbuterol,0,1,88854,F,0,,114663.0,"0,88854,",
L,T50.7X1,T50.7X2,T50.7X3,T50.7X4,T50.7X5,T50.7X6 ,,Levalorfán,0,1,88855,F,0,,114664.0,"0,88855,",
L,T37.4X1,T37.4X2,T37.4X3,T37.4X4,T37.4X5,T37.4X6 ,,Levamisol,0,1,88856,F,0,,114665.0,"0,88856,",
L,T42.6X1,T42.6X2,T42.6X3,T42.6X4,T42.6X5,T42.6X6 ,,Levanil,0,1,88857,F,0,,114666.0,"0,88857,",
L,T44.4X1,T44.4X2,T44.4X3,T44.4X4,T44.4X5,T44.4X6 ,,Levarterenol,0,1,88858,F,0,,114667.0,"0,88858,",
L,T48.3X1,T48.3X2,T48.3X3,T48.3X4,T48.3X5,T48.3X6 ,,Levdropropicina,0,1,88859,F,0,,114668.0,"0,88859,",
L,T40.2X1,T40.2X2,T40.2X3,T40.2X4,T40.2X5,T40.2X6 ,,Levo-dromoran,0,1,88865,F,0,,114674.0,"0,88865,",
L,T40.3X1,T40.3X2,T40.3X3,T40.3X4,T40.3X5,T40.3X6 ,,Levo-iso-metadona,0,1,88868,F,0,,114677.0,"0,88868,",
L,T49.5X1,T49.5X2,T49.5X3,T49.5X4,T49.5X5,T49.5X6 ,,Levobunolol,0,1,88860,F,0,,114669.0,"0,88860,",
L,T45.0X1,T45.0X2,T45.0X3,T45.0X4,T45.0X5,T45.0X6 ,,Levocabastina (clorhidrato),0,1,88861,F,0,,114670.0,"0,88861,",
L,T50.991,T50.992,T50.993,T50.994,T50.995,T50.996 ,,Levocarnitina,0,1,88862,F,0,,114671.0,"0,88862,",
L,T42.8X1,T42.8X2,T42.8X3,T42.8X4,T42.8X5,T42.8X6 ,,Levodopa,0,0,88863,F,0,,114672.0,"0,88863,",
L,T50.991,T50.992,T50.993,T50.994,T50.995,T50.996 ,,Levoglutamide,0,1,88866,F,0,,114675.0,"0,88866,",
L,T38.1X1,T38.1X2,T38.1X3,T38.1X4,T38.1X5,T38.1X6 ,,Levoide,0,1,88867,F,0,,114676.0,"0,88867,",
L,T43.3X1,T43.3X2,T43.3X3,T43.3X4,T43.3X5,T43.3X6 ,,Levomepromacina,0,1,88869,F,0,,114678.0,"0,88869,",
L,T49.6X1,T49.6X2,T49.6X3,T49.6X4,T49.6X5,T49.6X6 ,,Levonordefrina,0,1,88870,F,0,,114679.0,"0,88870,",
L,T38.4X1,T38.4X2,T38.4X3,T38.4X4,T38.4X5,T38.4X6 ,,Levonorgestrel,0,0,88871,F,0,,114680.0,"0,88871,",
L,T42.6X1,T42.6X2,T42.6X3,T42.6X4,T42.6X5,T42.6X6 ,,Levoproma,0,1,88873,F,0,,114682.0,"0,88873,",
L,T43.3X1,T43.3X2,T43.3X3,T43.3X4,T43.3X5,T43.3X6 ,,Levopromacina,0,1,88874,F,0,,114683.0,"0,88874,",
L,T50.5X1,T50.5X2,T50.5X3,T50.5X4,T50.5X5,T50.5X6 ,,Levopropilhexedrina,0,1,88875,F,0,,114684.0,"0,88875,",
L,T40.491,T40.492,T40.493,T40.494,T40.495,T40.496,,Levopropoxifeno,0,1,88876,F,0,,114685.0,"0,88876,",
L,T48.6X1,T48.6X2,T48.6X3,T48.6X4,T48.6X5,T48.6X6 ,,Levoproxifilina,0,1,88877,F,0,,114686.0,"0,88877,",
L,T40.491,T40.492,T40.493,T40.494,T40.495,T40.496,,Levorfanol,0,1,88878,F,0,,114687.0,"0,88878,",
L,T38.1X1,T38.1X2,T38.1X3,T38.1X4,T38.1X5,T38.1X6 ,,Levotiroxina,0,0,88879,F,0,,114688.0,"0,88879,",
L,T44.3X1,T44.3X2,T44.3X3,T44.3X4,T44.3X5,T44.3X6 ,,Levsina,0,1,88881,F,0,,114690.0,"0,88881,",
L,T50.3X1,T50.3X2,T50.3X3,T50.3X4,T50.3X5,T50.3X6 ,,Levulosa,0,1,88882,F,0,,114691.0,"0,88882,",
L,T57.0X1,T57.0X2,T57.0X3,T57.0X4,-,-- ,,"Lewisita (gas), no en guerra",0,1,88883,F,0,,114692.0,"0,88883,",
L,T42.4X1,T42.4X2,T42.4X3,T42.4X4,T42.4X5,T42.4X6 ,,Librium,0,1,88885,F,0,,114694.0,"0,88885,",
L,T49.0X1,T49.0X2,T49.0X3,T49.0X4,T49.0X5,T49.0X6 ,,Lidex,0,1,88886,F,0,,114695.0,"0,88886,",
L,T41.3X1,T41.3X2,T41.3X3,T41.3X4,T41.3X5,T41.3X6,,Lidocaína,0,0,88887,F,0,,114696.0,"0,88887,",
L,T50.8X1,T50.8X2,T50.8X3,T50.8X4,T50.8X5,T50.8X6 ,,Lidofenina,0,1,88890,F,0,,114699.0,"0,88890,",
L,T46.1X1,T46.1X2,T46.1X3,T46.1X4,T46.1X5,T46.1X6 ,,Lidoflacina,0,1,88891,F,0,,114700.0,"0,88891,",
L,T47.6X1,T47.6X2,T47.6X3,T47.6X4,T47.6X5,T47.6X6 ,,"Lignina, hemicelulosa",0,1,88892,F,0,,114701.0,"0,88892,",
L,T41.3X1,T41.3X2,T41.3X3,T41.3X4,T41.3X5,T41.3X6 ,,Lignocaína,0,0,88893,F,0,,114702.0,"0,88893,",
L,T52.0X1,T52.0X2,T52.0X3,T52.0X4,-,-- ,,Ligroína (disolvente),0,0,88896,F,0,,114705.0,"0,88896,",
L,T62.2X1,T62.2X2,T62.2X3,T62.2X4,-,-- ,,Ligustro,0,0,88898,F,0,,114707.0,"0,88898,",
L,T62.2X1,T62.2X2,T62.2X3,T62.2X4,-,-- ,,Ligustrum vulgare,0,1,88900,F,0,,114709.0,"0,88900,",
L,T36.4X1,T36.4X2,T36.4X3,T36.4X4,T36.4X5,T36.4X6 ,,Limeciclina,0,1,88901,F,0,,114710.0,"0,88901,",
L,T52.8X1,T52.8X2,T52.8X3,T52.8X4,-,-- ,,Limoneno,0,1,88902,F,0,,114711.0,"0,88902,",
L,T65.891,T65.892,T65.893,T65.894,-,--,,"Limpiador, agente no especificado",0,0,88903,F,0,,114712.0,"0,88903,",
L,T47.4X1,T47.4X2,T47.4X3,T47.4X4,T47.4X5,T47.4X6,,Linaza,0,1,88905,F,0,,114715.0,"0,88905,",
L,T49.3X1,T49.3X2,T49.3X3,T49.3X4,T49.3X5,T49.3X6,,Linaza (medicinal),0,1,88906,F,0,,114716.0,"0,88906,",
L,T36.8X1,T36.8X2,T36.8X3,T36.8X4,T36.8X5,T36.8X6 ,,Lincomicina,0,1,88907,F,0,,114717.0,"0,88907,",
L,T53.6X1,T53.6X2,T53.6X3,T53.6X4,-,-- ,,Lindano (insecticida) (no medicinal) (emanaciones),0,0,88908,F,0,,114718.0,"0,88908,",
L,T38.4X1,T38.4X2,T38.4X3,T38.4X4,T38.4X5,T38.4X6 ,,Linestrenol,0,1,88910,F,0,,114720.0,"0,88910,",
L,T50.8X1,T50.8X2,T50.8X3,T50.8X4,T50.8X5,T50.8X6 ,,"Linfogranuloma venéreo, antígeno del",0,1,88911,F,0,,114721.0,"0,88911,",
L,T49.91,T49.92,T49.93,T49.94,T49.95,T49.96 ,,Linimentos NCOC,0,1,88912,F,0,,114722.0,"0,88912,",
L,T46.6X1,T46.6X2,T46.6X3,T46.6X4,T46.6X5,T46.6X6 ,,"Linoleico, ácido ",0,1,88913,F,0,,114723.0,"0,88913,",
L,T46.6X1,T46.6X2,T46.6X3,T46.6X4,T46.6X5,T46.6X6 ,,"Linolénico, ácido ",0,1,88914,F,0,,114724.0,"0,88914,",
L,T38.1X1,T38.1X2,T38.1X3,T38.1X4,T38.1X5,T38.1X6 ,,Liotironina,0,1,88915,F,0,,114725.0,"0,88915,",
L,T38.1X1,T38.1X2,T38.1X3,T38.1X4,T38.1X5,T38.1X6 ,,Liotrix,0,1,88916,F,0,,114726.0,"0,88916,",
L,T50.1X1,T50.1X2,T50.1X3,T50.1X4,T50.1X5,T50.1X6 ,,Liovac sodio edecrina,0,1,88917,F,0,,114727.0,"0,88917,",
L,T47.5X1,T47.5X2,T47.5X3,T47.5X4,T47.5X5,T47.5X6 ,,Lipancreatina,0,1,88918,F,0,,114728.0,"0,88918,",
L,T46.7X1,T46.7X2,T46.7X3,T46.7X4,T46.7X5,T46.7X6 ,,Lipo-alprostadil,0,1,88919,F,0,,114729.0,"0,88919,",
L,T38.5X1,T38.5X2,T38.5X3,T38.5X4,T38.5X5,T38.5X6 ,,Lipo-lutina,0,1,88920,F,0,,114730.0,"0,88920,",
L,T50.901,T50.902,T50.903,T50.904,T50.905,T50.906 ,,"Lipotrópico, fármaco NCOC",0,1,88921,F,0,,114731.0,"0,88921,",
L,T38.891,T38.892,T38.893,T38.894,T38.895,T38.896 ,,Lipresina,0,1,88922,F,0,,114732.0,"0,88922,",
L,T65.891,T65.892,T65.893,T65.894,-,-- ,,Liquor creosolis compositus,0,1,88930,F,0,,114744.0,"0,88930,",
L,T62.2X1,T62.2X2,T62.2X3,T62.2X4,-,-- ,,Lirio de los valles,0,1,88931,F,0,,114745.0,"0,88931,",
L,T40.8X1,T40.8X2,T40.8X3,T40.8X4,,,,Lisergida,0,1,88933,F,0,,114747.0,"0,88933,",
L,T38.891,T38.892,T38.893,T38.894,T38.895,T38.896 ,,Lisina vasopresina,0,1,88934,F,0,,114748.0,"0,88934,",
L,T46.4X1,T46.4X2,T46.4X3,T46.4X4,T46.4X5,T46.4X6 ,,Lisinopril,0,1,88935,F,0,,114749.0,"0,88935,",
L,T54.1X1,T54.1X2,T54.1X3,T54.1X4,-,-- ,,Lisol,0,1,88936,F,0,,114750.0,"0,88936,",
L,T49.0X1,T49.0X2,T49.0X3,T49.0X4,T49.0X5,T49.0X6 ,,Lisozima,0,1,88937,F,0,,114751.0,"0,88937,",
L,T42.8X1,T42.8X2,T42.8X3,T42.8X4,T42.8X5,T42.8X6 ,,Lisurida,0,1,88938,F,0,,114752.0,"0,88938,",
L,T40.8X1,T40.8X2,T40.8X3,T40.8X4,,,,"Lisérgico, dietilamida de ácido",0,1,88932,F,0,,114746.0,"0,88932,",
L,T43.8X1,T43.8X2,T43.8X3,T43.8X4,T43.8X5,T43.8X6 ,,Litano,0,1,88939,F,0,,114753.0,"0,88939,",
L,T56.891,T56.892,T56.893,T56.894,-,-- ,,Litio,0,0,88940,F,0,,114754.0,"0,88940,",
L,T43.8X1,T43.8X2,T43.8X3,T43.8X4,T43.8X5,T43.8X6 ,,Litonato,0,1,88943,F,0,,114757.0,"0,88943,",
L,T50.5X1,T50.5X2,T50.5X3,T50.5X4,T50.5X5,T50.5X6 ,,Llenado a granel,0,0,88944,F,0,,114758.0,"0,88944,",
L,T62.2X1,T62.2X2,T62.2X3,T62.2X4,-,-- ,,Lobelia,0,1,88947,F,0,,114761.0,"0,88947,",
L,T50.7X1,T50.7X2,T50.7X3,T50.7X4,T50.7X5,T50.7X6 ,,Lobelina,0,1,88948,F,0,,114762.0,"0,88948,",
L,T49.8X1,T49.8X2,T49.8X3,T49.8X4,T49.8X5,T49.8X6 ,,"Local, fármacos de acción local NCOC",0,1,88949,F,0,,114763.0,"0,88949,",
L,T49.91,T49.92,T49.93,T49.94,T49.95,T49.96 ,,Lociones NCOC,0,1,88950,F,0,,114764.0,"0,88950,",
L,T49.0X1,T49.0X2,T49.0X3,T49.0X4,T49.0X5,T49.0X6 ,,Locorten,0,1,88951,F,0,,114765.0,"0,88951,",
L,T43.011,T43.012,T43.013,T43.014,T43.015,T43.016 ,,Lofepramina,0,1,88952,F,0,,114766.0,"0,88952,",
L,T62.2X1,T62.2X2,T62.2X3,T62.2X4,-,-- ,,Lolium temulentum,0,1,88953,F,0,,114767.0,"0,88953,",
L,T47.6X1,T47.6X2,T47.6X3,T47.6X4,T47.6X5,T47.6X6 ,,Lomotil,0,1,88954,F,0,,114768.0,"0,88954,",
L,T45.1X1,T45.1X2,T45.1X3,T45.1X4,T45.1X5,T45.1X6 ,,Lomustina,0,1,88955,F,0,,114769.0,"0,88955,",
L,T45.1X1,T45.1X2,T45.1X3,T45.1X4,T45.1X5,T45.1X6 ,,Lonidamina,0,1,88956,F,0,,114770.0,"0,88956,",
L,T47.6X1,T47.6X2,T47.6X3,T47.6X4,T47.6X5,T47.6X6 ,,Loperamida,0,1,88957,F,0,,114771.0,"0,88957,",
L,T42.4X1,T42.4X2,T42.4X3,T42.4X4,T42.4X5,T42.4X6 ,,Loprazolam,0,1,88958,F,0,,114772.0,"0,88958,",
L,T46.2X1,T46.2X2,T46.2X3,T46.2X4,T46.2X5,T46.2X6 ,,Lorajmine,0,1,88959,F,0,,114773.0,"0,88959,",
L,T45.0X1,T45.0X2,T45.0X3,T45.0X4,T45.0X5,T45.0X6 ,,Loratadina,0,1,88960,F,0,,114774.0,"0,88960,",
L,T42.4X1,T42.4X2,T42.4X3,T42.4X4,T42.4X5,T42.4X6 ,,Lorazepam,0,1,88961,F,0,,114775.0,"0,88961,",
L,T46.2X1,T46.2X2,T46.2X3,T46.2X4,T46.2X5,T46.2X6 ,,Lorcainida,0,1,88962,F,0,,114776.0,"0,88962,",
L,T42.4X1,T42.4X2,T42.4X3,T42.4X4,T42.4X5,T42.4X6 ,,Lormetazepam,0,1,88963,F,0,,114777.0,"0,88963,",
L,T42.3X1,T42.3X2,T42.3X3,T42.3X4,T42.3X5,T42.3X6 ,,Lotusato,0,1,88964,F,0,,114778.0,"0,88964,",
L,T46.6X1,T46.6X2,T46.6X3,T46.6X4,T46.6X5,T46.6X6 ,,Lovastatina,0,1,88965,F,0,,114779.0,"0,88965,",
L,T49.2X1,T49.2X2,T49.2X3,T49.2X4,T49.2X5,T49.2X6 ,,Lowila,0,1,88966,F,0,,114780.0,"0,88966,",
L,T43.591,T43.592,T43.593,T43.594,T43.595,T43.596 ,,Loxapina,0,1,88967,F,0,,114781.0,"0,88967,",
L,T52.0X1,T52.0X2,T52.0X3,T52.0X4,-,-- ,,"Lubricante, aceite NCOC",0,1,88970,F,0,,114784.0,"0,88970,",
L,T49.5X1,T49.5X2,T49.5X3,T49.5X4,T49.5X5,T49.5X6 ,,"Lubricante, ojo",0,1,88971,F,0,,114785.0,"0,88971,",
L,T37.4X1,T37.4X2,T37.4X3,T37.4X4,T37.4X5,T37.4X6 ,,Lucantona,0,1,88972,F,0,,114786.0,"0,88972,",
L,T42.3X1,T42.3X2,T42.3X3,T42.3X4,T42.3X5,T42.3X6 ,,Luminal,0,1,88973,F,0,,114787.0,"0,88973,",
L,T65.891,T65.892,T65.893,T65.894,-,-- ,,Lustrador de muebles,0,1,88974,F,0,,114788.0,"0,88974,",
L,T38.811,T38.812,T38.813,T38.814,T38.815,T38.816 ,,"Luteinizante, hormona",0,1,88975,F,0,,114789.0,"0,88975,",
L,T38.5X1,T38.5X2,T38.5X3,T38.5X4,T38.5X5,T38.5X6 ,,Lutocilol,0,1,88976,F,0,,114790.0,"0,88976,",
L,T38.5X1,T38.5X2,T38.5X3,T38.5X4,T38.5X5,T38.5X6 ,,Lutromona,0,1,88977,F,0,,114791.0,"0,88977,",
L,T48.291,T48.292,T48.293,T48.294,T48.295,T48.296 ,,Lututrina,0,1,88978,F,0,,114792.0,"0,88978,",
L,T50.8X1,T50.8X2,T50.8X3,T50.8X4,T50.8X5,T50.8X6 ,,Lygranum (prueba cutánea),0,1,88980,F,0,,114794.0,"0,88980,",
L,T49.8X1,T49.8X2,T49.8X3,T49.8X4,T49.8X5,T49.8X6 ,,Lytta (vitatta),0,1,88981,F,0,,114795.0,"0,88981,",
L,T49.8X1,T49.8X2,T49.8X3,T49.8X4,T49.8X5,T49.8X6 ,,"Láctico, ácido",0,1,88798,F,0,,114604.0,"0,88798,",
L,,,,,, ,,Lágrimal,0,0,88811,F,0,,114617.0,"0,88811,",
L,T65.811,T65.812,T65.813,T65.814,-,-- ,,Látex,0,1,88823,F,0,,114629.0,"0,88823,",
L,T40.0X1,T40.0X2,T40.0X3,T40.0X4,T40.0X5,T40.0X6 ,,Láudano,0,1,88826,F,0,,114632.0,"0,88826,",
L,T40.711,T40.712,T40.713,T40.714,T40.715,T40.716,,Líbano rojo,0,1,88884,F,0,,114693.0,"0,88884,",
L,,,,,, ,,Líquido,0,0,88923,F,0,,114733.0,"0,88923,",
L,T52.0X1,T52.0X2,T52.0X3,T52.0X4,-,-- ,,Líquido para encendedores,0,1,88926,F,0,,114740.0,"0,88926,",
L,T47.4X1,T47.4X2,T47.4X3,T47.4X4,T47.4X5,T47.4X6 ,,Líquido vaselina,0,0,88927,F,0,,114741.0,"0,88927,",
M,T45.1X1,T45.1X2,T45.1X3,T45.1X4,T45.1X5,T45.1X6 ,,M-AMSA,0,1,89011,F,0,,114825.0,"0,89011,",
M,T45.1X1,T45.1X2,T45.1X3,T45.1X4,T45.1X5,T45.1X6 ,,M-vac,0,1,89523,F,0,,115338.0,"0,89523,",
M,T43.1X1,T43.1X2,T43.1X3,T43.1X4,T43.1X5,T43.1X6 ,,"MAO, inhibidores de la ",0,1,89021,F,0,,114835.0,"0,89021,",
M,T60.3X1,T60.3X2,T60.3X3,T60.3X4,-,-- ,,MCPA,0,1,89047,F,0,,114861.0,"0,89047,",
M,T43.641,T43.642,T43.643,T43.644,-,--,,MDMA,0,1,89048,F,0,,114862.0,"0,89048,",
M,T52.4X1,T52.4X2,T52.4X3,T52.4X4,-,-- ,,MEK (metil etil cetona),0,1,89103,F,0,,114917.0,"0,89103,",
M,T45.1X1,T45.1X2,T45.1X3,T45.1X4,T45.1X5,T45.1X6 ,,MOPP (mecloretamina + vincristina + prednisona + procarbazina),0,1,89486,F,0,,115300.0,"0,89486,",
M,T59.3X1,T59.3X2,T59.3X3,T59.3X4,-,-- ,,Macis,0,1,88982,F,0,,114796.0,"0,88982,",
M,T50.991,T50.992,T50.993,T50.994,T50.995,T50.996 ,,Macrogol,0,1,88983,F,0,,114797.0,"0,88983,",
M,,,,,, ,,Macrólido,0,0,88984,F,0,,114798.0,"0,88984,",
M,T51.1X1,T51.1X2,T51.1X3,T51.1X4,-,-- ,,"Madera, alcohol o esencia de",0,1,88987,F,0,,114801.0,"0,88987,",
M,T37.8X1,T37.8X2,T37.8X3,T37.8X4,T37.8X5,T37.8X6 ,,Mafarseno,0,1,88988,F,0,,114802.0,"0,88988,",
M,T49.0X1,T49.0X2,T49.0X3,T49.0X4,T49.0X5,T49.0X6 ,,Mafenida,0,1,88990,F,0,,114804.0,"0,88990,",
M,T47.1X1,T47.1X2,T47.1X3,T47.1X4,T47.1X5,T47.1X6 ,,Magaldrato,0,1,88991,F,0,,114805.0,"0,88991,",
M,T40.991,T40.992,T40.993,T40.994,,,,"Magicas, setas",0,1,88992,F,0,,114806.0,"0,88992,",
M,T36.8X1,T36.8X2,T36.8X3,T36.8X4,T36.8X5,T36.8X6 ,,Magnamicina,0,1,88993,F,0,,114807.0,"0,88993,",
M,T47.1X1,T47.1X2,T47.1X3,T47.1X4,T47.1X5,T47.1X6 ,,"Magnesia, leche de",0,1,88994,F,0,,114808.0,"0,88994,",
M,T47.1X1,T47.1X2,T47.1X3,T47.1X4,T47.1X5,T47.1X6 ,,"Magnesia, magma de",0,1,88995,F,0,,114809.0,"0,88995,",
M,T56.891,T56.892,T56.893,T56.894,-,-- ,,Magnesio NCOC,0,0,88996,F,0,,114810.0,"0,88996,",
M,T49.0X1,T49.0X2,T49.0X3,T49.0X4,T49.0X5,T49.0X6 ,,Malatión (medicinal),0,0,89009,F,0,,114823.0,"0,89009,",
M,T62.2X1,T62.2X2,T62.2X3,T62.2X4,-,-- ,,Mandioca,0,1,89013,F,0,,114827.0,"0,89013,",
M,T37.8X1,T37.8X2,T37.8X3,T37.8X4,T37.8X5,T37.8X6 ,,"Mandélico, ácido",0,1,89012,F,0,,114826.0,"0,89012,",
M,T57.2X1,T57.2X2,T57.2X3,T57.2X4,-,-- ,,Manganeso (dióxido) (sales),0,0,89014,F,0,,114828.0,"0,89014,",
M,T47.3X1,T47.3X2,T47.3X3,T47.3X4,T47.3X5,T47.3X6 ,,Manitol,0,0,89016,F,0,,114830.0,"0,89016,",
M,T45.1X1,T45.1X2,T45.1X3,T45.1X4,T45.1X5,T45.1X6 ,,Manomustina,0,1,89018,F,0,,114832.0,"0,89018,",
M,,,,,, ,,Mantequilla de antimonio - véase Antimonio,0,1,89019,F,0,,114833.0,"0,89019,",
M,T49.0X1,T49.0X2,T49.0X3,T49.0X4,T49.0X5,T49.0X6 ,,Manzanilla,0,1,89020,F,0,,114834.0,"0,89020,",
M,T43.021,T43.022,T43.023,T43.024,T43.025,T43.026 ,,Maprotilina,0,1,89022,F,0,,114836.0,"0,89022,",
M,,,,,, ,,Mar,0,0,89023,F,0,,114837.0,"0,89023,",
M,T41.3X1,T41.3X2,T41.3X3,T41.3X4,T41.3X5,T41.3X6 ,,Marcaína,0,0,89028,F,0,,114842.0,"0,89028,",
M,T45.0X1,T45.0X2,T45.0X3,T45.0X4,T45.0X5,T45.0X6 ,,Marecina,0,1,89031,F,0,,114845.0,"0,89031,",
M,T40.711,T40.712,T40.713,T40.714,T40.715,T40.716,,Marihuana,0,1,89033,F,0,,114847.0,"0,89033,",
M,T49.0X1,T49.0X2,T49.0X3,T49.0X4,T49.0X5,T49.0X6 ,,Marihuana medicinal,0,0,89034,F,0,,114848.0,"0,89034,",
M,T40.711,T40.712,T40.713,T40.714,T40.715,T40.716,,Marijuana,0,1,89036,F,0,,114850.0,"0,89036,",
M,T63.691,T63.692,T63.693,T63.694,-,-- ,,Marina (picadura),0,0,89037,F,0,,114851.0,"0,89037,",
M,T61.91,T61.92,T61.93,T61.94,-,-- ,,Marisco,0,0,89040,F,0,,114854.0,"0,89040,",
M,T61.781,T61.782,T61.783,T61.784,-,-- ,,"Mariscos, nocivos, no bacterianos",0,1,89042,F,0,,114856.0,"0,89042,",
M,T43.1X1,T43.1X2,T43.1X3,T43.1X4,T43.1X5,T43.1X6 ,,Marplán,0,1,89043,F,0,,114857.0,"0,89043,",
M,T43.1X1,T43.1X2,T43.1X3,T43.1X4,T43.1X5,T43.1X6 ,,Marsilida,0,1,89044,F,0,,114858.0,"0,89044,",
M,T40.711,T40.712,T40.713,T40.714,T40.715,T40.716,,María,0,1,89032,F,0,,114846.0,"0,89032,",
M,T45.1X1,T45.1X2,T45.1X3,T45.1X4,T45.1X5,T45.1X6 ,,Matulano,0,1,89045,F,0,,114859.0,"0,89045,",
M,T50.5X1,T50.5X2,T50.5X3,T50.5X4,T50.5X5,T50.5X6 ,,Mazindol,0,1,89046,F,0,,114860.0,"0,89046,",
M,T49.3X1,T49.3X2,T49.3X3,T49.3X4,T49.3X5,T49.3X6 ,,"Maíz, almidón",0,1,89007,F,0,,114821.0,"0,89007,",
M,T49.4X1,T49.4X2,T49.4X3,T49.4X4,T49.4X5,T49.4X6 ,,"Maíz, curas de",0,1,89008,F,0,,114822.0,"0,89008,",
M,T42.3X1,T42.3X2,T42.3X3,T42.3X4,T42.3X5,T42.3X6 ,,Meballymal,0,1,89049,F,0,,114863.0,"0,89049,",
M,T43.1X1,T43.1X2,T43.1X3,T43.1X4,T43.1X5,T43.1X6 ,,Mebanacina,0,1,89050,F,0,,114864.0,"0,89050,",
M,T42.3X1,T42.3X2,T42.3X3,T42.3X4,T42.3X5,T42.3X6 ,,Mebaral,0,1,89051,F,0,,114865.0,"0,89051,",
M,T37.4X1,T37.4X2,T37.4X3,T37.4X4,T37.4X5,T37.4X6 ,,Mebendazol,0,1,89052,F,0,,114866.0,"0,89052,",
M,T44.3X1,T44.3X2,T44.3X3,T44.3X4,T44.3X5,T44.3X6 ,,Mebeverine,0,1,89053,F,0,,114867.0,"0,89053,",
M,T45.0X1,T45.0X2,T45.0X3,T45.0X4,T45.0X5,T45.0X6 ,,Mebhidrolina,0,1,89054,F,0,,114868.0,"0,89054,",
M,T42.3X1,T42.3X2,T42.3X3,T42.3X4,T42.3X5,T42.3X6 ,,Mebumal,0,1,89055,F,0,,114869.0,"0,89055,",
M,T43.591,T43.592,T43.593,T43.594,T43.595,T43.596 ,,Mebutamato,0,1,89056,F,0,,114870.0,"0,89056,",
M,T44.2X1,T44.2X2,T44.2X3,T44.2X4,T44.2X5,T44.2X6 ,,Mecamilamina,0,1,89057,F,0,,114871.0,"0,89057,",
M,T36.0X1,T36.0X2,T36.0X3,T36.0X4,T36.0X5,T36.0X6 ,,Mecilinamo,0,1,89058,F,0,,114872.0,"0,89058,",
M,T48.4X1,T48.4X2,T48.4X3,T48.4X4,T48.4X5,T48.4X6 ,,Mecisteína,0,1,89059,F,0,,114873.0,"0,89059,",
M,T45.0X1,T45.0X2,T45.0X3,T45.0X4,T45.0X5,T45.0X6 ,,Meclizina (clorhidrato),0,1,89060,F,0,,114874.0,"0,89060,",
M,T36.4X1,T36.4X2,T36.4X3,T36.4X4,T36.4X5,T36.4X6 ,,Meclociclina,0,1,89061,F,0,,114875.0,"0,89061,",
M,T45.0X1,T45.0X2,T45.0X3,T45.0X4,T45.0X5,T45.0X6 ,,Meclocina,0,1,89062,F,0,,114876.0,"0,89062,",
M,T39.391,T39.392,T39.393,T39.394,T39.395,T39.396 ,,Meclofenamato,0,1,89063,F,0,,114877.0,"0,89063,",
M,T43.691,T43.692,T43.693,T43.694,T43.695,T43.696 ,,Meclofenoxato,0,1,89065,F,0,,114879.0,"0,89065,",
M,T39.391,T39.392,T39.393,T39.394,T39.395,T39.396 ,,"Meclofenámico, ácido",0,1,89064,F,0,,114878.0,"0,89064,",
M,T45.1X1,T45.1X2,T45.1X3,T45.1X4,T45.1X5,T45.1X6 ,,Mecloretamina,0,1,89066,F,0,,114880.0,"0,89066,",
M,T45.8X1,T45.8X2,T45.8X3,T45.8X4,T45.8X5,T45.8X6 ,,Mecobalamina,0,1,89067,F,0,,114881.0,"0,89067,",
M,T60.3X1,T60.3X2,T60.3X3,T60.3X4,-,-- ,,Mecoprop,0,1,89068,F,0,,114882.0,"0,89068,",
M,T49.3X1,T49.3X2,T49.3X3,T49.3X4,T49.3X5,T49.3X6 ,,Mecrilato,0,1,89069,F,0,,114883.0,"0,89069,",
M,T42.4X1,T42.4X2,T42.4X3,T42.4X4,T42.4X5,T42.4X6 ,,Medazepam,0,1,89070,F,0,,114884.0,"0,89070,",
M,T50.901,T50.902,T50.903,T50.904,T50.905,T50.906,,"Medicamento, fármaco NCOC",0,1,89071,F,0,,114885.0,"0,89071,",
M,T42.3X1,T42.3X2,T42.3X3,T42.3X4,T42.3X5,T42.3X6 ,,Medinal,0,1,89074,F,0,,114888.0,"0,89074,",
M,T42.3X1,T42.3X2,T42.3X3,T42.3X4,T42.3X5,T42.3X6 ,,Medomina,0,1,89075,F,0,,114889.0,"0,89075,",
M,T49.0X1,T49.0X2,T49.0X3,T49.0X4,T49.0X5,T49.0X6 ,,Medrisona,0,1,89076,F,0,,114890.0,"0,89076,",
M,T38.5X1,T38.5X2,T38.5X3,T38.5X4,T38.5X5,T38.5X6 ,,Medrogestona,0,1,89077,F,0,,114891.0,"0,89077,",
M,T44.8X1,T44.8X2,T44.8X3,T44.8X4,T44.8X5,T44.8X6 ,,Medroxalol,0,1,89078,F,0,,114892.0,"0,89078,",
M,T38.5X1,T38.5X2,T38.5X3,T38.5X4,T38.5X5,T38.5X6 ,,"Medroxiprogesterona, acetato (depósito)",0,1,89079,F,0,,114893.0,"0,89079,",
M,T63.621,T63.622,T63.623,T63.624,-,-- ,,Medusa (picadura),0,1,89080,F,0,,114894.0,"0,89080,",
M,T42.8X1,T42.8X2,T42.8X3,T42.8X4,T42.8X5,T42.8X6 ,,Mefenamina,0,1,89082,F,0,,114896.0,"0,89082,",
M,T42.8X1,T42.8X2,T42.8X3,T42.8X4,T42.8X5,T42.8X6 ,,Mefenesina,0,1,89083,F,0,,114897.0,"0,89083,",
M,T45.0X1,T45.0X2,T45.0X3,T45.0X4,T45.0X5,T45.0X6 ,,Mefenhidramina,0,1,89084,F,0,,114898.0,"0,89084,",
M,T42.0X1,T42.0X2,T42.0X3,T42.0X4,T42.0X5,T42.0X6 ,,Mefenitoína,0,0,89085,F,0,,114899.0,"0,89085,",
M,T50.5X1,T50.5X2,T50.5X3,T50.5X4,T50.5X5,T50.5X6 ,,Mefenorex,0,1,89087,F,0,,114901.0,"0,89087,",
M,T42.8X1,T42.8X2,T42.8X3,T42.8X4,T42.8X5,T42.8X6 ,,Mefenoxalona,0,1,89088,F,0,,114902.0,"0,89088,",
M,T44.991,T44.992,T44.993,T44.994,T44.995,T44.996 ,,Mefentermina,0,1,89089,F,0,,114903.0,"0,89089,",
M,T39.391,T39.392,T39.393,T39.394,T39.395,T39.396 ,,"Mefenámico, ácido",0,1,89081,F,0,,114895.0,"0,89081,",
M,T37.2X1,T37.2X2,T37.2X3,T37.2X4,T37.2X5,T37.2X6 ,,Mefloquina,0,1,89090,F,0,,114904.0,"0,89090,",
M,T42.3X1,T42.3X2,T42.3X3,T42.3X4,T42.3X5,T42.3X6 ,,Mefobarbital,0,1,89092,F,0,,114906.0,"0,89092,",
M,T60.0X1,T60.0X2,T60.0X3,T60.0X4,-,-- ,,Mefosfolano,0,1,89093,F,0,,114907.0,"0,89093,",
M,T50.2X1,T50.2X2,T50.2X3,T50.2X4,T50.2X5,T50.2X6 ,,Mefrusida,0,1,89094,F,0,,114908.0,"0,89094,",
M,T40.901,T40.902,T40.903,T40.904,T40.905,T40.906,,Megaalucinógeno,0,1,89095,F,0,,114909.0,"0,89095,",
M,T38.5X1,T38.5X2,T38.5X3,T38.5X4,T38.5X5,T38.5X6 ,,Megestrol,0,1,89096,F,0,,114910.0,"0,89096,",
M,,,,,, ,,Meglumina,0,0,89097,F,0,,114911.0,"0,89097,",
M,T61.781,T61.782,T61.783,T61.784,-,-- ,,"Mejillón, nocivo",0,1,89102,F,0,,114916.0,"0,89102,",
M,T49.3X1,T49.3X2,T49.3X3,T49.3X4,T49.3X5,T49.3X6 ,,Meladinina,0,1,89104,F,0,,114918.0,"0,89104,",
M,T44.3X1,T44.3X2,T44.3X3,T44.3X4,T44.3X5,T44.3X6 ,,Meladracina,0,1,89105,F,0,,114919.0,"0,89105,",
M,T49.0X1,T49.0X2,T49.0X3,T49.0X4,T49.0X5,T49.0X6 ,,"Melaleuca alternifolia, aceite de",0,1,89106,F,0,,114920.0,"0,89106,",
M,T49.3X1,T49.3X2,T49.3X3,T49.3X4,T49.3X5,T49.3X6 ,,"Melanizantes, agentes",0,1,89107,F,0,,114921.0,"0,89107,",
M,T38.891,T38.892,T38.893,T38.894,T38.895,T38.896 ,,"Melanocitos, hormona estimulante de los ",0,1,89108,F,0,,114922.0,"0,89108,",
M,T43.3X1,T43.3X2,T43.3X3,T43.3X4,T43.3X5,T43.3X6 ,,Melaril,0,1,89109,F,0,,114923.0,"0,89109,",
M,T37.3X1,T37.3X2,T37.3X3,T37.3X4,T37.3X5,T37.3X6 ,,Melarsonil potásico,0,1,89110,F,0,,114924.0,"0,89110,",
M,T37.3X1,T37.3X2,T37.3X3,T37.3X4,T37.3X5,T37.3X6 ,,Melarsoprol,0,1,89111,F,0,,114925.0,"0,89111,",
M,T45.1X1,T45.1X2,T45.1X3,T45.1X4,T45.1X5,T45.1X6 ,,Melfalán,0,1,89112,F,0,,114926.0,"0,89112,",
M,T62.2X1,T62.2X2,T62.2X3,T62.2X4,-,-- ,,Melia azedarach,0,1,89113,F,0,,114927.0,"0,89113,",
M,T43.011,T43.012,T43.013,T43.014,T43.015,T43.016 ,,Melitracen,0,1,89114,F,0,,114928.0,"0,89114,",
M,T49.3X1,T49.3X2,T49.3X3,T49.3X4,T49.3X5,T49.3X6 ,,Meloxina,0,1,89115,F,0,,114929.0,"0,89115,",
M,T43.4X1,T43.4X2,T43.4X3,T43.4X4,T43.4X5,T43.4X6 ,,Melperona,0,1,89116,F,0,,114930.0,"0,89116,",
M,T43.8X1,T43.8X2,T43.8X3,T43.8X4,T43.8X5,T43.8X6 ,,Memantina,0,1,89117,F,0,,114931.0,"0,89117,",
M,T49.91,T49.92,T49.93,T49.94,T49.95,T49.96 ,,"Membrana mucosa, agentes de la (externa)",0,0,89118,F,0,,114932.0,"0,89118,",
M,T45.7X1,T45.7X2,T45.7X3,T45.7X4,T45.7X5,T45.7X6 ,,Menadiol,0,0,89120,F,0,,114934.0,"0,89120,",
M,T45.7X1,T45.7X2,T45.7X3,T45.7X4,T45.7X5,T45.7X6 ,,Menadiona,0,0,89122,F,0,,114936.0,"0,89122,",
M,T45.7X1,T45.7X2,T45.7X3,T45.7X4,T45.7X5,T45.7X6 ,,Menaftona,0,1,89124,F,0,,114938.0,"0,89124,",
M,T45.7X1,T45.7X2,T45.7X3,T45.7X4,T45.7X5,T45.7X6 ,,Menaquinona,0,1,89125,F,0,,114939.0,"0,89125,",
M,T45.7X1,T45.7X2,T45.7X3,T45.7X4,T45.7X5,T45.7X6 ,,Menatetrenona,0,1,89126,F,0,,114940.0,"0,89126,",
M,T50.A91,T50.A92,T50.A93,T50.A94,T50.A95,T50.A96 ,,"Meningocócica, vacuna",0,1,89127,F,0,,114941.0,"0,89127,",
M,T50.A91,T50.A92,T50.A93,T50.A94,T50.A95,T50.A96 ,,Menningovax (-AC) (-C),0,1,89128,F,0,,114942.0,"0,89128,",
M,T38.811,T38.812,T38.813,T38.814,T38.815,T38.816 ,,Menotropinas,0,1,89129,F,0,,114943.0,"0,89129,",
M,T48.5X1,T48.5X2,T48.5X3,T48.5X4,T48.5X5,T48.5X6 ,,Mentol,0,1,89130,F,0,,114944.0,"0,89130,",
M,T43.3X1,T43.3X2,T43.3X3,T43.3X4,T43.3X5,T43.3X6 ,,Mepacina,0,1,89131,F,0,,114945.0,"0,89131,",
M,T37.2X1,T37.2X2,T37.2X3,T37.2X4,T37.2X5,T37.2X6 ,,Mepacrina,0,1,89132,F,0,,114946.0,"0,89132,",
M,T42.6X1,T42.6X2,T42.6X3,T42.6X4,T42.6X5,T42.6X6 ,,Meparfinol,0,1,89133,F,0,,114947.0,"0,89133,",
M,T36.7X1,T36.7X2,T36.7X3,T36.7X4,T36.7X5,T36.7X6 ,,Mepartricina,0,1,89134,F,0,,114948.0,"0,89134,",
M,T44.3X1,T44.3X2,T44.3X3,T44.3X4,T44.3X5,T44.3X6 ,,Mepenzolato,0,0,89135,F,0,,114949.0,"0,89135,",
M,T40.491,T40.492,T40.493,T40.494,T40.495,T40.496,,Meperidina,0,1,89137,F,0,,114951.0,"0,89137,",
M,T44.7X1,T44.7X2,T44.7X3,T44.7X4,T44.7X5,T44.7X6 ,,Mepindolol,0,1,89138,F,0,,114952.0,"0,89138,",
M,T44.3X1,T44.3X2,T44.3X3,T44.3X4,T44.3X5,T44.3X6 ,,Mepiperfenidol,0,1,89139,F,0,,114953.0,"0,89139,",
M,T45.0X1,T45.0X2,T45.0X3,T45.0X4,T45.0X5,T45.0X6 ,,Mepiramina,0,1,89140,F,0,,114954.0,"0,89140,",
M,T38.7X1,T38.7X2,T38.7X3,T38.7X4,T38.7X5,T38.7X6 ,,Mepitiostano,0,1,89141,F,0,,114955.0,"0,89141,",
M,T41.3X1,T41.3X2,T41.3X3,T41.3X4,T41.3X5,T41.3X6 ,,Mepivacaína,0,0,89142,F,0,,114956.0,"0,89142,",
M,T38.0X1,T38.0X2,T38.0X3,T38.0X4,T38.0X5,T38.0X6 ,,Meprednisona,0,1,89144,F,0,,114958.0,"0,89144,",
M,T41.3X1,T41.3X2,T41.3X3,T41.3X4,T41.3X5,T41.3X6 ,,Meprilcaína,0,1,89145,F,0,,114959.0,"0,89145,",
M,T43.591,T43.592,T43.593,T43.594,T43.595,T43.596 ,,Meprobam,0,1,89146,F,0,,114960.0,"0,89146,",
M,T43.591,T43.592,T43.593,T43.594,T43.595,T43.596 ,,Meprobamato,0,1,89147,F,0,,114961.0,"0,89147,",
M,T46.0X1,T46.0X2,T46.0X3,T46.0X4,T46.0X5,T46.0X6 ,,Meproscilarina,0,1,89148,F,0,,114962.0,"0,89148,",
M,T39.8X1,T39.8X2,T39.8X3,T39.8X4,T39.8X5,T39.8X6 ,,Meptazinol,0,1,89149,F,0,,114963.0,"0,89149,",
M,T43.3X1,T43.3X2,T43.3X3,T43.3X4,T43.3X5,T43.3X6 ,,Mequitacina,0,1,89150,F,0,,114964.0,"0,89150,",
M,T50.2X1,T50.2X2,T50.2X3,T50.2X4,T50.2X5,T50.2X6 ,,Meralurida,0,1,89151,F,0,,114965.0,"0,89151,",
M,T50.2X1,T50.2X2,T50.2X3,T50.2X4,T50.2X5,T50.2X6 ,,Merbafén,0,1,89152,F,0,,114966.0,"0,89152,",
M,T49.0X1,T49.0X2,T49.0X3,T49.0X4,T49.0X5,T49.0X6 ,,Merbromina,0,1,89153,F,0,,114967.0,"0,89153,",
M,T49.0X1,T49.0X2,T49.0X3,T49.0X4,T49.0X5,T49.0X6 ,,"Mercaptobenzotiazol, sales de",0,1,89154,F,0,,114968.0,"0,89154,",
M,T50.2X1,T50.2X2,T50.2X3,T50.2X4,T50.2X5,T50.2X6 ,,Mercaptomerina,0,1,89155,F,0,,114969.0,"0,89155,",
M,T45.1X1,T45.1X2,T45.1X3,T45.1X4,T45.1X5,T45.1X6 ,,Mercaptopurina,0,1,89156,F,0,,114970.0,"0,89156,",
M,T50.2X1,T50.2X2,T50.2X3,T50.2X4,T50.2X5,T50.2X6 ,,Mercumatilina,0,1,89157,F,0,,114971.0,"0,89157,",
M,T50.2X1,T50.2X2,T50.2X3,T50.2X4,T50.2X5,T50.2X6 ,,Mercuramida,0,1,89158,F,0,,114972.0,"0,89158,",
M,T56.1X1,T56.1X2,T56.1X3,T56.1X4,-,-- ,,Mercurio (compuesto) (cianuro) (humo) (no medicinal) (emanaciones) NCOC,0,0,89159,F,0,,114973.0,"0,89159,",
M,T49.0X1,T49.0X2,T49.0X3,T49.0X4,T49.0X5,T49.0X6 ,,Mercurocromo,0,1,89171,F,0,,114985.0,"0,89171,",
M,T50.2X1,T50.2X2,T50.2X3,T50.2X4,T50.2X5,T50.2X6 ,,Mercurofilina,0,1,89172,F,0,,114986.0,"0,89172,",
M,T50.2X1,T50.2X2,T50.2X3,T50.2X4,T50.2X5,T50.2X6 ,,Mersalilo,0,1,89173,F,0,,114987.0,"0,89173,",
M,T49.0X1,T49.0X2,T49.0X3,T49.0X4,T49.0X5,T49.0X6 ,,Mertiolato,0,0,89174,F,0,,114988.0,"0,89174,",
M,T50.B91,T50.B92,T50.B93,T50.B94,T50.B95,T50.B96 ,,Meruvax,0,1,89176,F,0,,114990.0,"0,89176,",
M,T47.8X1,T47.8X2,T47.8X3,T47.8X4,T47.8X5,T47.8X6 ,,Mesalacina,0,1,89177,F,0,,114991.0,"0,89177,",
M,T40.991,T40.992,T40.993,T40.994,,,,"Mescal, botones de",0,1,89178,F,0,,114992.0,"0,89178,",
M,T40.991,T40.992,T40.993,T40.994,,,,Mescalina,0,1,89179,F,0,,114993.0,"0,89179,",
M,T48.4X1,T48.4X2,T48.4X3,T48.4X4,T48.4X5,T48.4X6 ,,Mesna,0,1,89180,F,0,,114994.0,"0,89180,",
M,T46.6X1,T46.6X2,T46.6X3,T46.6X4,T46.6X5,T46.6X6 ,,Mesoglicano,0,1,89181,F,0,,114995.0,"0,89181,",
M,T43.3X1,T43.3X2,T43.3X3,T43.3X4,T43.3X5,T43.3X6 ,,Mesoridacina,0,1,89182,F,0,,114996.0,"0,89182,",
M,T38.7X1,T38.7X2,T38.7X3,T38.7X4,T38.7X5,T38.7X6 ,,Mestanolona,0,1,89183,F,0,,114997.0,"0,89183,",
M,T38.7X1,T38.7X2,T38.7X3,T38.7X4,T38.7X5,T38.7X6 ,,Mesterolona,0,1,89184,F,0,,114998.0,"0,89184,",
M,T38.5X1,T38.5X2,T38.5X3,T38.5X4,T38.5X5,T38.5X6 ,,Mestranol,0,1,89185,F,0,,114999.0,"0,89185,",
M,T42.8X1,T42.8X2,T42.8X3,T42.8X4,T42.8X5,T42.8X6 ,,Mesulergina,0,1,89186,F,0,,115000.0,"0,89186,",
M,T49.0X1,T49.0X2,T49.0X3,T49.0X4,T49.0X5,T49.0X6 ,,Mesulfeno,0,1,89187,F,0,,115001.0,"0,89187,",
M,T42.2X1,T42.2X2,T42.2X3,T42.2X4,T42.2X5,T42.2X6 ,,Mesuximida,0,1,89188,F,0,,115002.0,"0,89188,",
M,T41.3X1,T41.3X2,T41.3X3,T41.3X4,T41.3X5,T41.3X6 ,,Metabutetamina,0,1,89189,F,0,,115003.0,"0,89189,",
M,T36.4X1,T36.4X2,T36.4X3,T36.4X4,T36.4X5,T36.4X6 ,,Metaciclina,0,1,89191,F,0,,115005.0,"0,89191,",
M,T44.1X1,T44.1X2,T44.1X3,T44.1X4,T44.1X5,T44.1X6 ,,Metacolina,0,1,89192,F,0,,115006.0,"0,89192,",
M,T49.0X1,T49.0X2,T49.0X3,T49.0X4,T49.0X5,T49.0X6 ,,Metactesilacetato,0,1,89193,F,0,,115007.0,"0,89193,",
M,T42.6X1,T42.6X2,T42.6X3,T42.6X4,T42.6X5,T42.6X6 ,,Metacualona (compuesto),0,1,89194,F,0,,115008.0,"0,89194,",
M,T40.3X1,T40.3X2,T40.3X3,T40.3X4,T40.3X5,T40.3X6 ,,Metadona,0,1,89195,F,0,,115009.0,"0,89195,",
M,T45.0X1,T45.0X2,T45.0X3,T45.0X4,T45.0X5,T45.0X6 ,,Metafenileno,0,1,89196,F,0,,115010.0,"0,89196,",
M,T49.0X1,T49.0X2,T49.0X3,T49.0X4,T49.0X5,T49.0X6 ,,Metafeno,0,1,89197,F,0,,115011.0,"0,89197,",
M,T60.0X1,T60.0X2,T60.0X3,T60.0X4,-,-- ,,Metafos,0,1,89198,F,0,,115012.0,"0,89198,",
M,T45.8X1,T45.8X2,T45.8X3,T45.8X4,T45.8X5,T45.8X6 ,,"Metal pesado, antídoto",0,1,89199,F,0,,115013.0,"0,89199,",
M,T60.8X1,T60.8X2,T60.8X3,T60.8X4,-,-- ,,Metaldehído (molusquicida) NCOC,0,1,89200,F,0,,115014.0,"0,89200,",
M,T38.5X1,T38.5X2,T38.5X3,T38.5X4,T38.5X5,T38.5X6 ,,Metalenestril,0,1,89201,F,0,,115015.0,"0,89201,",
M,T38.5X1,T38.5X2,T38.5X3,T38.5X4,T38.5X5,T38.5X6 ,,Metalenoestrilo,0,1,89202,F,0,,115016.0,"0,89202,",
M,T56.91,T56.92,T56.93,T56.94,-,-- ,,Metales (pesados) (no medicinal),0,0,89203,F,0,,115017.0,"0,89203,",
M,T39.2X1,T39.2X2,T39.2X3,T39.2X4,T39.2X5,T39.2X6 ,,Metamizol sódico,0,1,89209,F,0,,115023.0,"0,89209,",
M,T36.0X1,T36.0X2,T36.0X3,T36.0X4,T36.0X5,T36.0X6 ,,Metampicilina,0,1,89210,F,0,,115024.0,"0,89210,",
M,T39.2X1,T39.2X2,T39.2X3,T39.2X4,T39.2X5,T39.2X6 ,,Metampirona,0,1,89211,F,0,,115025.0,"0,89211,",
M,T47.4X1,T47.4X2,T47.4X3,T47.4X4,T47.4X5,T47.4X6 ,,Metamucil,0,1,89212,F,0,,115026.0,"0,89212,",
M,T38.7X1,T38.7X2,T38.7X3,T38.7X4,T38.7X5,T38.7X6 ,,Metandienona,0,1,89214,F,0,,115028.0,"0,89214,",
M,T38.7X1,T38.7X2,T38.7X3,T38.7X4,T38.7X5,T38.7X6 ,,Metandriol,0,1,89215,F,0,,115029.0,"0,89215,",
M,T38.7X1,T38.7X2,T38.7X3,T38.7X4,T38.7X5,T38.7X6 ,,Metandrostenolona,0,1,89217,F,0,,115031.0,"0,89217,",
M,T43.651,T43.652,T43.653,T43.654,T43.655,T43.656,,Metanfetamina,0,1,89219,F,0,,115033.0,"0,89219,",
M,T37.1X1,T37.1X2,T37.1X3,T37.1X4,T37.1X5,T37.1X6 ,,Metaniazida,0,1,89220,F,0,,115034.0,"0,89220,",
M,T59.891,T59.892,T59.893,T59.894,-,-- ,,Metano,0,1,89221,F,0,,115035.0,"0,89221,",
M,T51.1X1,T51.1X2,T51.1X3,T51.1X4,-,-- ,,Metanol (emanaciones),0,1,89222,F,0,,115036.0,"0,89222,",
M,T59.891,T59.892,T59.893,T59.894,-,-- ,,Metanotiol,0,1,89223,F,0,,115037.0,"0,89223,",
M,T44.3X1,T44.3X2,T44.3X3,T44.3X4,T44.3X5,T44.3X6 ,,Metantelina,0,1,89224,F,0,,115038.0,"0,89224,",
M,T44.3X1,T44.3X2,T44.3X3,T44.3X4,T44.3X5,T44.3X6 ,,"Metantelinio, bromuro de",0,1,89225,F,0,,115039.0,"0,89225,",
M,T45.0X1,T45.0X2,T45.0X3,T45.0X4,T45.0X5,T45.0X6 ,,Metapirileno,0,1,89226,F,0,,115040.0,"0,89226,",
M,T43.011,T43.012,T43.013,T43.014,T43.015,T43.016 ,,Metapramina,0,1,89227,F,0,,115041.0,"0,89227,",
M,T48.291,T48.292,T48.293,T48.294,T48.295,T48.296 ,,Metaproterenol,0,1,89228,F,0,,115042.0,"0,89228,",
M,T44.4X1,T44.4X2,T44.4X3,T44.4X4,T44.4X5,T44.4X6 ,,Metaraminol,0,1,89229,F,0,,115043.0,"0,89229,",
M,T42.3X1,T42.3X2,T42.3X3,T42.3X4,T42.3X5,T42.3X6 ,,Metarbital,0,1,89230,F,0,,115044.0,"0,89230,",
M,T42.8X1,T42.8X2,T42.8X3,T42.8X4,T42.8X5,T42.8X6 ,,Metaxalona,0,1,89231,F,0,,115045.0,"0,89231,",
M,T50.2X1,T50.2X2,T50.2X3,T50.2X4,T50.2X5,T50.2X6 ,,Metazolamida,0,1,89232,F,0,,115046.0,"0,89232,",
M,T43.3X1,T43.3X2,T43.3X3,T43.3X4,T43.3X5,T43.3X6 ,,Metdilazina,0,1,89233,F,0,,115047.0,"0,89233,",
M,T43.651,T43.652,T43.653,T43.654,T43.655,T43.656,,Metedrina,0,1,89234,F,0,,115048.0,"0,89234,",
M,T37.8X1,T37.8X2,T37.8X3,T37.8X4,T37.8X5,T37.8X6 ,,Metenamina (mandelato),0,1,89235,F,0,,115049.0,"0,89235,",
M,T38.7X1,T38.7X2,T38.7X3,T38.7X4,T38.7X5,T38.7X6 ,,Metenolona,0,1,89237,F,0,,115051.0,"0,89237,",
M,T48.0X1,T48.0X2,T48.0X3,T48.0X4,T48.0X5,T48.0X6 ,,Metergina,0,1,89238,F,0,,115052.0,"0,89238,",
M,T42.8X1,T42.8X2,T42.8X3,T42.8X4,T42.8X5,T42.8X6 ,,Metergolina,0,1,89239,F,0,,115053.0,"0,89239,",
M,T44.3X1,T44.3X2,T44.3X3,T44.3X4,T44.3X5,T44.3X6 ,,"Metescopolamina, bromuro de",0,1,89240,F,0,,115054.0,"0,89240,",
M,T46.991,T46.992,T46.993,T46.994,T46.995,T46.996 ,,Metescufilina,0,1,89241,F,0,,115055.0,"0,89241,",
M,T42.0X1,T42.0X2,T42.0X3,T42.0X4,T42.0X5,T42.0X6 ,,Metetoína,0,1,89243,F,0,,115057.0,"0,89243,",
M,T38.3X1,T38.3X2,T38.3X3,T38.3X4,T38.3X5,T38.3X6 ,,Metformina,0,1,89244,F,0,,115058.0,"0,89244,",
M,T39.8X1,T39.8X2,T39.8X3,T39.8X4,T39.8X5,T39.8X6 ,,Methofolina,0,1,89245,F,0,,115059.0,"0,89245,",
M,T38.2X1,T38.2X2,T38.2X3,T38.2X4,T38.2X5,T38.2X6 ,,Metiacil,0,1,89246,F,0,,115060.0,"0,89246,",
M,T47.1X1,T47.1X2,T47.1X3,T47.1X4,T47.1X5,T47.1X6 ,,Metiamida,0,1,89247,F,0,,115061.0,"0,89247,",
M,T41.3X1,T41.3X2,T41.3X3,T41.3X4,T41.3X5,T41.3X6 ,,Meticaína,0,0,89248,F,0,,115062.0,"0,89248,",
M,T36.0X1,T36.0X2,T36.0X3,T36.0X4,T36.0X5,T36.0X6 ,,Meticilina,0,1,89253,F,0,,115067.0,"0,89253,",
M,T50.2X1,T50.2X2,T50.2X3,T50.2X4,T50.2X5,T50.2X6 ,,Meticlotiazida,0,1,89254,F,0,,115068.0,"0,89254,",
M,T50.2X1,T50.2X2,T50.2X3,T50.2X4,T50.2X5,T50.2X6 ,,Meticrano,0,1,89255,F,0,,115069.0,"0,89255,",
M,T51.1X1,T51.1X2,T51.1X3,T51.1X4,-,-- ,,"Metilado, alcohol",0,1,89256,F,0,,115070.0,"0,89256,",
M,T43.651,T43.652,T43.653,T43.654,T43.655,T43.656,,Metilanfetamina,0,1,89257,F,0,,115071.0,"0,89257,",
M,T44.3X1,T44.3X2,T44.3X3,T44.3X4,T44.3X5,T44.3X6 ,,Metilatropina nitrato,0,1,89258,F,0,,115072.0,"0,89258,",
M,T44.3X1,T44.3X2,T44.3X3,T44.3X4,T44.3X5,T44.3X6 ,,"Metilbenactizio, bromuro de",0,1,89259,F,0,,115073.0,"0,89259,",
M,T49.0X1,T49.0X2,T49.0X3,T49.0X4,T49.0X5,T49.0X6 ,,"Metilbencetonio, cloruro de",0,1,89260,F,0,,115074.0,"0,89260,",
M,T47.4X1,T47.4X2,T47.4X3,T47.4X4,T47.4X5,T47.4X6 ,,Metilcelulosa,0,0,89261,F,0,,115075.0,"0,89261,",
M,T60.3X1,T60.3X2,T60.3X3,T60.3X4,-,-- ,,"Metilclorofenoxiacético, ácido",0,1,89263,F,0,,115077.0,"0,89263,",
M,T46.0X1,T46.0X2,T46.0X3,T46.0X4,T46.0X5,T46.0X6 ,,Metildigoxina,0,1,89264,F,0,,115078.0,"0,89264,",
M,T46.5X1,T46.5X2,T46.5X3,T46.5X4,T46.5X5,T46.5X6 ,,Metildopa,0,1,89265,F,0,,115079.0,"0,89265,",
M,T46.5X1,T46.5X2,T46.5X3,T46.5X4,T46.5X5,T46.5X6 ,,Metildopato,0,1,89266,F,0,,115080.0,"0,89266,",
M,T43.621,T43.622,T43.623,T43.624,T43.625,T43.626 ,,Metilendioxianfetamina,0,1,89267,F,0,,115081.0,"0,89267,",
M,T43.641,T43.642,T43.643,T43.644,-,--,,Metilendioximetanfetamina,0,1,89268,F,0,,115082.0,"0,89268,",
M,,,,,, ,,Metileno,0,0,89269,F,0,,115083.0,"0,89269,",
M,T48.0X1,T48.0X2,T48.0X3,T48.0X4,T48.0X5,T48.0X6 ,,Metilergometrina,0,1,89272,F,0,,115086.0,"0,89272,",
M,T48.0X1,T48.0X2,T48.0X3,T48.0X4,T48.0X5,T48.0X6 ,,Metilergonovina,0,1,89273,F,0,,115087.0,"0,89273,",
M,T38.5X1,T38.5X2,T38.5X3,T38.5X4,T38.5X5,T38.5X6 ,,Metilestrenolona,0,1,89274,F,0,,115088.0,"0,89274,",
M,T50.991,T50.992,T50.993,T50.994,T50.995,T50.996 ,,Metiletil celulosa,0,1,89275,F,0,,115089.0,"0,89275,",
M,T43.631,T43.632,T43.633,T43.634,T43.635,T43.636 ,,Metilfenidato,0,1,89276,F,0,,115090.0,"0,89276,",
M,T42.3X1,T42.3X2,T42.3X3,T42.3X4,T42.3X5,T42.3X6 ,,Metilfenobarbital,0,1,89277,F,0,,115091.0,"0,89277,",
M,T42.3X1,T42.3X2,T42.3X3,T42.3X4,T42.3X5,T42.3X6 ,,Metilhexabital,0,1,89278,F,0,,115092.0,"0,89278,",
M,T40.2X1,T40.2X2,T40.2X3,T40.2X4,T40.2X5,T40.2X6 ,,Metilmorfina,0,1,89279,F,0,,115093.0,"0,89279,",
M,,,,,, ,,Metilo,0,0,89280,F,0,,115094.0,"0,89280,",
M,T49.5X1,T49.5X2,T49.5X3,T49.5X4,T49.5X5,T49.5X6 ,,Metilparaben (oftálmico),0,1,89337,F,0,,115151.0,"0,89337,",
M,T42.6X1,T42.6X2,T42.6X3,T42.6X4,T42.6X5,T42.6X6 ,,Metilparafinol,0,1,89338,F,0,,115152.0,"0,89338,",
M,T42.6X1,T42.6X2,T42.6X3,T42.6X4,T42.6X5,T42.6X6 ,,Metilpentinol,0,1,89339,F,0,,115153.0,"0,89339,",
M,T47.1X1,T47.1X2,T47.1X3,T47.1X4,T47.1X5,T47.1X6 ,,Metilpolisiloxano,0,1,89340,F,0,,115154.0,"0,89340,",
M,,,,,,,,"Metilprednisolona - véase Metilo, prednisolona",0,1,89341,F,0,,115155.0,"0,89341,",
M,T49.0X1,T49.0X2,T49.0X3,T49.0X4,T49.0X5,T49.0X6 ,,Metilrosanilina,0,1,89342,F,0,,115156.0,"0,89342,",
M,T49.0X1,T49.0X2,T49.0X3,T49.0X4,T49.0X5,T49.0X6 ,,"Metilrosanilina, cloruro de ",0,1,89343,F,0,,115157.0,"0,89343,",
M,T38.7X1,T38.7X2,T38.7X3,T38.7X4,T38.7X5,T38.7X6 ,,Metiltestosterona,0,1,89344,F,0,,115158.0,"0,89344,",
M,T50.6X1,T50.6X2,T50.6X3,T50.6X4,T50.6X5,T50.6X6 ,,"Metiltionina, cloruro",0,1,89345,F,0,,115159.0,"0,89345,",
M,T50.6X1,T50.6X2,T50.6X3,T50.6X4,T50.6X5,T50.6X6 ,,"Metiltioninio, cloruro",0,1,89346,F,0,,115160.0,"0,89346,",
M,T38.2X1,T38.2X2,T38.2X3,T38.2X4,T38.2X5,T38.2X6 ,,Metiltiouracil,0,1,89347,F,0,,115161.0,"0,89347,",
M,T38.2X1,T38.2X2,T38.2X3,T38.2X4,T38.2X5,T38.2X6 ,,Metimazol,0,1,89348,F,0,,115162.0,"0,89348,",
M,T50.8X1,T50.8X2,T50.8X3,T50.8X4,T50.8X5,T50.8X6 ,,Metiodal sódico,0,1,89349,F,0,,115163.0,"0,89349,",
M,T50.991,T50.992,T50.993,T50.994,T50.995,T50.996 ,,Metionina,0,1,89350,F,0,,115164.0,"0,89350,",
M,T49.5X1,T49.5X2,T49.5X3,T49.5X4,T49.5X5,T49.5X6 ,,Metipranolol,0,1,89351,F,0,,115165.0,"0,89351,",
M,T42.6X1,T42.6X2,T42.6X3,T42.6X4,T42.6X5,T42.6X6 ,,Metiprilona,0,1,89352,F,0,,115166.0,"0,89352,",
M,T50.8X1,T50.8X2,T50.8X3,T50.8X4,T50.8X5,T50.8X6 ,,Metirapona,0,1,89353,F,0,,115167.0,"0,89353,",
M,T46.5X1,T46.5X2,T46.5X3,T46.5X4,T46.5X5,T46.5X6 ,,Metirosina,0,1,89354,F,0,,115168.0,"0,89354,",
M,T37.5X1,T37.5X2,T37.5X3,T37.5X4,T37.5X5,T37.5X6 ,,Metisazona,0,1,89356,F,0,,115170.0,"0,89356,",
M,T46.5X1,T46.5X2,T46.5X3,T46.5X4,T46.5X5,T46.5X6 ,,Metisergida,0,1,89357,F,0,,115171.0,"0,89357,",
M,T37.5X1,T37.5X2,T37.5X3,T37.5X4,T37.5X5,T37.5X6 ,,Metisoprinol,0,1,89358,F,0,,115172.0,"0,89358,",
M,T42.3X1,T42.3X2,T42.3X3,T42.3X4,T42.3X5,T42.3X6 ,,Metitural,0,1,89359,F,0,,115173.0,"0,89359,",
M,T44.3X1,T44.3X2,T44.3X3,T44.3X4,T44.3X5,T44.3X6 ,,Metixeno,0,1,89361,F,0,,115175.0,"0,89361,",
M,T48.5X1,T48.5X2,T48.5X3,T48.5X4,T48.5X5,T48.5X6 ,,Metizolina,0,1,89362,F,0,,115176.0,"0,89362,",
M,T42.3X1,T42.3X2,T42.3X3,T42.3X4,T42.3X5,T42.3X6 ,,"Metobarbital, metobarbitona",0,1,89363,F,0,,115177.0,"0,89363,",
M,T42.8X1,T42.8X2,T42.8X3,T42.8X4,T42.8X5,T42.8X6 ,,Metocarbamol,0,0,89364,F,0,,115178.0,"0,89364,",
M,T45.0X1,T45.0X2,T45.0X3,T45.0X4,T45.0X5,T45.0X6 ,,Metoclopramida,0,1,89366,F,0,,115180.0,"0,89366,",
M,T43.3X1,T43.3X2,T43.3X3,T43.3X4,T43.3X5,T43.3X6 ,,Metofenazato,0,1,89367,F,0,,115181.0,"0,89367,",
M,T39.8X1,T39.8X2,T39.8X3,T39.8X4,T39.8X5,T39.8X6 ,,Metofolina,0,1,89368,F,0,,115182.0,"0,89368,",
M,T41.1X1,T41.1X2,T41.1X3,T41.1X4,T41.1X5,T41.1X6 ,,Metohexital,0,1,89369,F,0,,115183.0,"0,89369,",
M,T41.1X1,T41.1X2,T41.1X3,T41.1X4,T41.1X5,T41.1X6 ,,Metohexitona,0,1,89370,F,0,,115184.0,"0,89370,",
M,T50.2X1,T50.2X2,T50.2X3,T50.2X4,T50.2X5,T50.2X6 ,,Metolazona,0,1,89372,F,0,,115186.0,"0,89372,",
M,T45.1X1,T45.1X2,T45.1X3,T45.1X4,T45.1X5,T45.1X6 ,,Metoprina,0,1,89374,F,0,,115188.0,"0,89374,",
M,T44.7X1,T44.7X2,T44.7X3,T44.7X4,T44.7X5,T44.7X6 ,,Metoprolol,0,1,89375,F,0,,115189.0,"0,89375,",
M,T43.3X1,T43.3X2,T43.3X3,T43.3X4,T43.3X5,T43.3X6 ,,Metopromacina,0,1,89376,F,0,,115190.0,"0,89376,",
M,T40.2X1,T40.2X2,T40.2X3,T40.2X4,T40.2X5,T40.2X6 ,,Metopón,0,1,89373,F,0,,115187.0,"0,89373,",
M,T48.3X1,T48.3X2,T48.3X3,T48.3X4,T48.3X5,T48.3X6 ,,Metorato,0,1,89377,F,0,,115191.0,"0,89377,",
M,T46.5X1,T46.5X2,T46.5X3,T46.5X4,T46.5X5,T46.5X6 ,,Metoserpidina,0,1,89378,F,0,,115192.0,"0,89378,",
M,T45.1X1,T45.1X2,T45.1X3,T45.1X4,T45.1X5,T45.1X6 ,,Metotrexato,0,1,89379,F,0,,115193.0,"0,89379,",
M,T43.3X1,T43.3X2,T43.3X3,T43.3X4,T43.3X5,T43.3X6 ,,Metotrimepracina,0,1,89380,F,0,,115194.0,"0,89380,",
M,T49.3X1,T49.3X2,T49.3X3,T49.3X4,T49.3X5,T49.3X6 ,,Metoxa-Domo,0,1,89381,F,0,,115195.0,"0,89381,",
M,T50.991,T50.992,T50.993,T50.994,T50.995,T50.996 ,,Metoxaleno,0,1,89382,F,0,,115196.0,"0,89382,",
M,T44.4X1,T44.4X2,T44.4X3,T44.4X4,T44.4X5,T44.4X6 ,,Metoxamina,0,1,89383,F,0,,115197.0,"0,89383,",
M,T53.7X1,T53.7X2,T53.7X3,T53.7X4,-,-- ,,Metoxi-DDT,0,1,89387,F,0,,115201.0,"0,89387,",
M,T65.3X1,T65.3X2,T65.3X3,T65.3X4,-,-- ,,Metoxianilina,0,1,89384,F,0,,115198.0,"0,89384,",
M,T36.0X1,T36.0X2,T36.0X3,T36.0X4,T36.0X5,T36.0X6 ,,"Metoxibencil, penicilina",0,1,89385,F,0,,115199.0,"0,89385,",
M,T53.7X1,T53.7X2,T53.7X3,T53.7X4,-,-- ,,Metoxicloro,0,1,89386,F,0,,115200.0,"0,89386,",
M,T48.6X1,T48.6X2,T48.6X3,T48.6X4,T48.6X5,T48.6X6 ,,Metoxifenamina,0,1,89388,F,0,,115202.0,"0,89388,",
M,T41.0X1,T41.0X2,T41.0X3,T41.0X4,T41.0X5,T41.0X6 ,,Metoxiflurano,0,1,89389,F,0,,115203.0,"0,89389,",
M,T43.3X1,T43.3X2,T43.3X3,T43.3X4,T43.3X5,T43.3X6 ,,Metoxipromacina,0,1,89390,F,0,,115204.0,"0,89390,",
M,T42.0X1,T42.0X2,T42.0X3,T42.0X4,T42.0X5,T42.0X6 ,,Metoína,0,1,89371,F,0,,115185.0,"0,89371,",
M,T60.0X1,T60.0X2,T60.0X3,T60.0X4,-,-- ,,Metrifonato,0,1,89391,F,0,,115205.0,"0,89391,",
M,T50.8X1,T50.8X2,T50.8X3,T50.8X4,T50.8X5,T50.8X6 ,,Metrizamida,0,1,89392,F,0,,115206.0,"0,89392,",
M,T50.8X1,T50.8X2,T50.8X3,T50.8X4,T50.8X5,T50.8X6 ,,"Metrizoico, ácido",0,1,89393,F,0,,115207.0,"0,89393,",
M,T37.8X1,T37.8X2,T37.8X3,T37.8X4,T37.8X5,T37.8X6 ,,Metronidazol,0,1,89394,F,0,,115208.0,"0,89394,",
M,T42.2X1,T42.2X2,T42.2X3,T42.2X4,T42.2X5,T42.2X6 ,,Metsuximida,0,1,89395,F,0,,115209.0,"0,89395,",
M,T60.0X1,T60.0X2,T60.0X3,T60.0X4,-,-- ,,Mevinfós,0,1,89396,F,0,,115210.0,"0,89396,",
M,T42.4X1,T42.4X2,T42.4X3,T42.4X4,T42.4X5,T42.4X6 ,,Mexazolam,0,1,89397,F,0,,115211.0,"0,89397,",
M,T49.3X1,T49.3X2,T49.3X3,T49.3X4,T49.3X5,T49.3X6 ,,Mexenona,0,1,89398,F,0,,115212.0,"0,89398,",
M,T46.2X1,T46.2X2,T46.2X3,T46.2X4,T46.2X5,T46.2X6 ,,Mexiletina,0,1,89399,F,0,,115213.0,"0,89399,",
M,T62.2X1,T62.2X2,T62.2X3,T62.2X4,-,-- ,,Mezereon,0,0,89400,F,0,,115214.0,"0,89400,",
M,T36.0X1,T36.0X2,T36.0X3,T36.0X4,T36.0X5,T36.0X6 ,,Mezlocilina,0,1,89402,F,0,,115216.0,"0,89402,",
M,T43.021,T43.022,T43.023,T43.024,T43.025,T43.026 ,,Mianserina,0,1,89403,F,0,,115217.0,"0,89403,",
M,T49.0X1,T49.0X2,T49.0X3,T49.0X4,T49.0X5,T49.0X6 ,,Micatina,0,1,89404,F,0,,115218.0,"0,89404,",
M,T36.5X1,T36.5X2,T36.5X3,T36.5X4,T36.5X5,T36.5X6,,Micifradina,0,0,89405,F,0,,115219.0,"0,89405,",
M,T36.8X1,T36.8X2,T36.8X3,T36.8X4,T36.8X5,T36.8X6 ,,Micitracina,0,0,89407,F,0,,115221.0,"0,89407,",
M,T49.0X1,T49.0X2,T49.0X3,T49.0X4,T49.0X5,T49.0X6 ,,Miconazol,0,1,89409,F,0,,115223.0,"0,89409,",
M,T36.7X1,T36.7X2,T36.7X3,T36.7X4,T36.7X5,T36.7X6 ,,Micostatina,0,0,89410,F,0,,115224.0,"0,89410,",
M,T64.81,T64.82,T64.83,T64.84,-,-- ,,Micotoxinas,0,0,89412,F,0,,115226.0,"0,89412,",
M,T36.5X1,T36.5X2,T36.5X3,T36.5X4,T36.5X5,T36.5X6 ,,Micronomicina,0,1,89415,F,0,,115229.0,"0,89415,",
M,T42.4X1,T42.4X2,T42.4X3,T42.4X4,T42.4X5,T42.4X6 ,,Midazolam,0,1,89416,F,0,,115230.0,"0,89416,",
M,T36.3X1,T36.3X2,T36.3X3,T36.3X4,T36.3X5,T36.3X6 ,,Midecamicina,0,1,89417,F,0,,115231.0,"0,89417,",
M,T44.3X1,T44.3X2,T44.3X3,T44.3X4,T44.3X5,T44.3X6 ,,Midriacil,0,1,89418,F,0,,115232.0,"0,89418,",
M,T49.5X1,T49.5X2,T49.5X3,T49.5X4,T49.5X5,T49.5X6 ,,"Midriático, fármaco",0,1,89419,F,0,,115233.0,"0,89419,",
M,T45.1X1,T45.1X2,T45.1X3,T45.1X4,T45.1X5,T45.1X6 ,,Mielobromal,0,1,89420,F,0,,115234.0,"0,89420,",
M,T38.6X1,T38.6X2,T38.6X3,T38.6X4,T38.6X5,T38.6X6 ,,Mifepristona,0,1,89421,F,0,,115235.0,"0,89421,",
M,T45.1X1,T45.1X2,T45.1X3,T45.1X4,T45.1X5,T45.1X6 ,,Milerán,0,1,89422,F,0,,115236.0,"0,89422,",
M,T43.591,T43.592,T43.593,T43.594,T43.595,T43.596 ,,Miltown,0,1,89424,F,0,,115238.0,"0,89424,",
M,T44.3X1,T44.3X2,T44.3X3,T44.3X4,T44.3X5,T44.3X6 ,,Milverina,0,1,89425,F,0,,115239.0,"0,89425,",
M,T63.411,T63.412,T63.413,T63.414,-,-- ,,Milípedo (tropical) (venenosa),0,1,89423,F,0,,115237.0,"0,89423,",
M,T43.291,T43.292,T43.293,T43.294,T43.295,T43.296 ,,Minaprina,0,1,89426,F,0,,115240.0,"0,89426,",
M,T41.291,T41.292,T41.293,T41.294,T41.295,T41.296 ,,Minaxolona,0,1,89427,F,0,,115241.0,"0,89427,",
M,,,,,, ,,Mineral,0,0,89428,F,0,,115242.0,"0,89428,",
M,T50.0X1,T50.0X2,T50.0X3,T50.0X4,T50.0X5,T50.0X6 ,,Mineralocorticoide,0,1,89436,F,0,,115250.0,"0,89436,",
M,T36.4X1,T36.4X2,T36.4X3,T36.4X4,T36.4X5,T36.4X6 ,,Minociclina,0,1,89437,F,0,,115251.0,"0,89437,",
M,T46.7X1,T46.7X2,T46.7X3,T46.7X4,T46.7X5,T46.7X6 ,,Minoxidil,0,1,89438,F,0,,115252.0,"0,89438,",
M,T39.2X1,T39.2X2,T39.2X3,T39.2X4,T39.2X5,T39.2X6 ,,Miocrisina,0,1,89439,F,0,,115253.0,"0,89439,",
M,T36.3X1,T36.3X2,T36.3X3,T36.3X4,T36.3X5,T36.3X6 ,,Miokamicina,0,1,89440,F,0,,115254.0,"0,89440,",
M,T48.1X1,T48.1X2,T48.1X3,T48.1X4,T48.1X5,T48.1X6 ,,"Mioneurales, agentes bloqueantes",0,1,89441,F,0,,115255.0,"0,89441,",
M,T60.0X1,T60.0X2,T60.0X3,T60.0X4,-,-- ,,Mipafox,0,1,89443,F,0,,115257.0,"0,89443,",
M,T49.0X1,T49.0X2,T49.0X3,T49.0X4,T49.0X5,T49.0X6 ,,Miralacto,0,1,89444,F,0,,115258.0,"0,89444,",
M,T60.1X1,T60.1X2,T60.1X3,T60.1X4,-,-- ,,Mirex,0,1,89445,F,0,,115259.0,"0,89445,",
M,T65.891,T65.892,T65.893,T65.894,-,-- ,,Miristicina,0,1,89446,F,0,,115260.0,"0,89446,",
M,T43.021,T43.022,T43.023,T43.024,T43.025,T43.026 ,,Mirtazapina,0,1,89447,F,0,,115261.0,"0,89447,",
M,T42.3X1,T42.3X2,T42.3X3,T42.3X4,T42.3X5,T42.3X6 ,,Misoline,0,1,89448,F,0,,115262.0,"0,89448,",
M,T37.3X1,T37.3X2,T37.3X3,T37.3X4,T37.3X5,T37.3X6 ,,Misonidazol,0,1,89449,F,0,,115263.0,"0,89449,",
M,T47.1X1,T47.1X2,T47.1X3,T47.1X4,T47.1X5,T47.1X6 ,,Misoprostol,0,1,89450,F,0,,115264.0,"0,89450,",
M,T45.1X1,T45.1X2,T45.1X3,T45.1X4,T45.1X5,T45.1X6 ,,Mitobronitol,0,1,89451,F,0,,115265.0,"0,89451,",
M,T45.1X1,T45.1X2,T45.1X3,T45.1X4,T45.1X5,T45.1X6 ,,Mitoguazona,0,1,89452,F,0,,115266.0,"0,89452,",
M,T45.1X1,T45.1X2,T45.1X3,T45.1X4,T45.1X5,T45.1X6 ,,Mitolactol,0,1,89453,F,0,,115267.0,"0,89453,",
M,T45.1X1,T45.1X2,T45.1X3,T45.1X4,T45.1X5,T45.1X6 ,,Mitomicina,0,1,89454,F,0,,115268.0,"0,89454,",
M,T45.1X1,T45.1X2,T45.1X3,T45.1X4,T45.1X5,T45.1X6 ,,Mitopodózido,0,1,89455,F,0,,115269.0,"0,89455,",
M,T45.1X1,T45.1X2,T45.1X3,T45.1X4,T45.1X5,T45.1X6 ,,Mitotano,0,1,89456,F,0,,115270.0,"0,89456,",
M,T45.1X1,T45.1X2,T45.1X3,T45.1X4,T45.1X5,T45.1X6 ,,Mitoxantrona,0,1,89457,F,0,,115271.0,"0,89457,",
M,T45.1X1,T45.1X2,T45.1X3,T45.1X4,T45.1X5,T45.1X6 ,,Mitramicina,0,1,89458,F,0,,115272.0,"0,89458,",
M,T48.1X1,T48.1X2,T48.1X3,T48.1X4,T48.1X5,T48.1X6 ,,"Mivacurio, cloruro de ",0,1,89459,F,0,,115273.0,"0,89459,",
M,T47.6X1,T47.6X2,T47.6X3,T47.6X4,T47.6X5,T47.6X6 ,,"Miyari, bacteria",0,1,89460,F,0,,115274.0,"0,89460,",
M,T49.5X1,T49.5X2,T49.5X3,T49.5X4,T49.5X5,T49.5X6 ,,"Miótica, fármaco",0,1,89442,F,0,,115256.0,"0,89442,",
M,T43.1X1,T43.1X2,T43.1X3,T43.1X4,T43.1X5,T43.1X6 ,,Moclobemida,0,1,89461,F,0,,115275.0,"0,89461,",
M,T46.5X1,T46.5X2,T46.5X3,T46.5X4,T46.5X5,T46.5X6 ,,Moderil,0,1,89462,F,0,,115276.0,"0,89462,",
M,T39.2X1,T39.2X2,T39.2X3,T39.2X4,T39.2X5,T39.2X6 ,,Mofebutazona,0,1,89463,F,0,,115277.0,"0,89463,",
M,,,,,, ,,Mogadon - véase Nitrazepam,0,1,89464,F,0,,115278.0,"0,89464,",
M,T43.591,T43.592,T43.593,T43.594,T43.595,T43.596 ,,Molindona,0,1,89465,F,0,,115279.0,"0,89465,",
M,T46.3X1,T46.3X2,T46.3X3,T46.3X4,T46.3X5,T46.3X6 ,,Molsidomina,0,1,89466,F,0,,115280.0,"0,89466,",
M,T49.0X1,T49.0X2,T49.0X3,T49.0X4,T49.0X5,T49.0X6 ,,Mometasona,0,1,89467,F,0,,115281.0,"0,89467,",
M,T49.0X1,T49.0X2,T49.0X3,T49.0X4,T49.0X5,T49.0X6 ,,Monistat,0,1,89468,F,0,,115282.0,"0,89468,",
M,T43.1X1,T43.1X2,T43.1X3,T43.1X4,T43.1X5,T43.1X6 ,,"Monoamino oxidasa NCOC, inhibidor de",0,0,89469,F,0,,115283.0,"0,89469,",
M,T49.4X1,T49.4X2,T49.4X3,T49.4X4,T49.4X5,T49.4X6 ,,Monobenzona,0,1,89471,F,0,,115285.0,"0,89471,",
M,T60.3X1,T60.3X2,T60.3X3,T60.3X4,-,-- ,,"Monocloroacético, ácido",0,1,89472,F,0,,115286.0,"0,89472,",
M,T53.7X1,T53.7X2,T53.7X3,T53.7X4,-,-- ,,Monoclorobenceno,0,1,89473,F,0,,115287.0,"0,89473,",
M,T46.8X1,T46.8X2,T46.8X3,T46.8X4,T46.8X5,T46.8X6 ,,Monoetanolamina,0,0,89474,F,0,,115288.0,"0,89474,",
M,T39.2X1,T39.2X2,T39.2X3,T39.2X4,T39.2X5,T39.2X6 ,,Monofenilbutazone,0,1,89476,F,0,,115290.0,"0,89476,",
M,T50.991,T50.992,T50.993,T50.994,T50.995,T50.996 ,,Monooctanoína,0,1,89477,F,0,,115291.0,"0,89477,",
M,T49.0X1,T49.0X2,T49.0X3,T49.0X4,T49.0X5,T49.0X6 ,,Monosulfiram,0,1,89479,F,0,,115293.0,"0,89479,",
M,T65.891,T65.892,T65.893,T65.894,-,-- ,,"Monosódico, glutamato ",0,1,89478,F,0,,115292.0,"0,89478,",
M,T46.1X1,T46.1X2,T46.1X3,T46.1X4,T46.1X5,T46.1X6 ,,Monoxidina clorhidrato,0,1,89480,F,0,,115294.0,"0,89480,",
M,T50.A91,T50.A92,T50.A93,T50.A94,T50.A95,T50.A96 ,,"Montañas Rocosas, vacuna contra la fiebre",0,1,89482,F,0,,115296.0,"0,89482,",
M,T60.3X1,T60.3X2,T60.3X3,T60.3X4,-,-- ,,Monuron,0,1,89483,F,0,,115297.0,"0,89483,",
M,,,,,, ,,"Monóxido, carbono - véase Carbono, monóxido",0,1,89481,F,0,,115295.0,"0,89481,",
M,T43.4X1,T43.4X2,T43.4X3,T43.4X4,T43.4X5,T43.4X6 ,,Moperona,0,1,89484,F,0,,115298.0,"0,89484,",
M,T45.1X1,T45.1X2,T45.1X3,T45.1X4,T45.1X5,T45.1X6 ,,Mopidamol,0,1,89485,F,0,,115299.0,"0,89485,",
M,T37.1X1,T37.1X2,T37.1X3,T37.1X4,T37.1X5,T37.1X6 ,,Morfazinamida,0,1,89487,F,0,,115301.0,"0,89487,",
M,T40.2X1,T40.2X2,T40.2X3,T40.2X4,T40.2X5,T40.2X6 ,,Morfina,0,0,89489,F,0,,115303.0,"0,89489,",
M,T40.2X1,T40.2X2,T40.2X3,T40.2X4,T40.2X5,T40.2X6,,Morfoliniletilmorfina,0,1,89491,F,0,,115305.0,"0,89491,",
M,T37.1X1,T37.1X2,T37.1X3,T37.1X4,T37.1X5,T37.1X6 ,,Morinamida,0,1,89492,F,0,,115306.0,"0,89492,",
M,T37.5X1,T37.5X2,T37.5X3,T37.5X4,T37.5X5,T37.5X6 ,,Moroxidina,0,1,89493,F,0,,115307.0,"0,89493,",
M,T42.2X1,T42.2X2,T42.2X3,T42.2X4,T42.2X5,T42.2X6 ,,Morsuximida,0,1,89494,F,0,,115308.0,"0,89494,",
M,T43.591,T43.592,T43.593,T43.594,T43.595,T43.596 ,,Mosapramina,0,1,89495,F,0,,115309.0,"0,89495,",
M,T47.7X1,T47.7X2,T47.7X3,T47.7X4,T47.7X5,T47.7X6 ,,Mostaza (vomitivo),0,0,89496,F,0,,115310.0,"0,89496,",
M,T47.6X1,T47.6X2,T47.6X3,T47.6X4,T47.6X5,T47.6X6 ,,"Motilidad intestinal, fármaco de control de",0,0,89500,F,0,,115314.0,"0,89500,",
M,T45.0X1,T45.0X2,T45.0X3,T45.0X4,T45.0X5,T45.0X6 ,,Moxastina,0,1,89502,F,0,,115316.0,"0,89502,",
M,T44.3X1,T44.3X2,T44.3X3,T44.3X4,T44.3X5,T44.3X6 ,,Moxaverina,0,1,89503,F,0,,115317.0,"0,89503,",
M,T46.7X1,T46.7X2,T46.7X3,T46.7X4,T46.7X5,T46.7X6 ,,Moxisilita,0,1,89504,F,0,,115318.0,"0,89504,",
M,T48.4X1,T48.4X2,T48.4X3,T48.4X4,T48.4X5,T48.4X6 ,,"Mucolítico, fármaco",0,1,89506,F,0,,115320.0,"0,89506,",
M,T48.4X1,T48.4X2,T48.4X3,T48.4X4,T48.4X5,T48.4X6 ,,Mucomyst,0,1,89507,F,0,,115321.0,"0,89507,",
M,T47.4X1,T47.4X2,T47.4X3,T47.4X4,T47.4X5,T47.4X6 ,,"Mucílago, planta",0,1,89505,F,0,,115319.0,"0,89505,",
M,T50.B91,T50.B92,T50.B93,T50.B94,T50.B95,T50.B96 ,,Mumpsvax,0,1,89508,F,0,,115323.0,"0,89508,",
M,T49.0X1,T49.0X2,T49.0X3,T49.0X4,T49.0X5,T49.0X6 ,,Mupirocina,0,1,89509,F,0,,115324.0,"0,89509,",
M,,,,,, ,,"Muriático, ácido - véase Clorhídrico, ácido",0,1,89510,F,0,,115325.0,"0,89510,",
M,T45.1X1,T45.1X2,T45.1X3,T45.1X4,T45.1X5,T45.1X6 ,,Muromonab-CD3,0,1,89511,F,0,,115326.0,"0,89511,",
M,,,,,, ,,"Muscular, relajante - véase Relajante, muscular",0,1,89515,F,0,,115330.0,"0,89515,",
M,T45.1X1,T45.1X2,T45.1X3,T45.1X4,T45.1X5,T45.1X6 ,,Mustina,0,1,89522,F,0,,115337.0,"0,89522,",
M,T62.2X1,T62.2X2,T62.2X3,T62.2X4,-,-- ,,Myristica fragrans,0,1,89524,F,0,,115339.0,"0,89524,",
M,T50.911,T50.912,T50.913,T50.914,T50.915,T50.916,T50.911,"Múltiples fármacos, medicamentos y sustancias biológicas no especificados",0,1,114742,F,0,,115322.0,"0,114742,",
M,T42.8X1,T42.8X2,T42.8X3,T42.8X4,T42.8X5,T42.8X6 ,,"Múscular, depresor central de tono NCOC",0,0,89512,F,0,,115327.0,"0,89512,",
M,T48.201,T48.202,T48.203,T48.204,T48.205,T48.206 ,,"Múscular, fármacos de acción NCOC",0,1,89514,F,0,,115329.0,"0,89514,",
M,T48.201,T48.202,T48.203,T48.204,T48.205,T48.206 ,,"Músculos, agentes que afectan los NCOC",0,0,89516,F,0,,115331.0,"0,89516,",
N,T38.3X1,T38.3X2,T38.3X3,T38.3X4,T38.3X5,T38.3X6 ,,NPH Iletina (insulina),0,1,89748,F,0,,115564.0,"0,89748,",
N,T40.711,T40.712,T40.713,T40.714,T40.715,T40.716,,Nabilona,0,1,89525,F,0,,115340.0,"0,89525,",
N,T39.391,T39.392,T39.393,T39.394,T39.395,T39.396 ,,Nabumetona,0,1,89526,F,0,,115341.0,"0,89526,",
N,T44.7X1,T44.7X2,T44.7X3,T44.7X4,T44.7X5,T44.7X6 ,,Nadolol,0,1,89527,F,0,,115342.0,"0,89527,",
N,T48.5X1,T48.5X2,T48.5X3,T48.5X4,T48.5X5,T48.5X6 ,,Nafazolina,0,1,89528,F,0,,115343.0,"0,89528,",
N,T36.0X1,T36.0X2,T36.0X3,T36.0X4,T36.0X5,T36.0X6 ,,Nafcilina,0,1,89529,F,0,,115344.0,"0,89529,",
N,T38.6X1,T38.6X2,T38.6X3,T38.6X4,T38.6X5,T38.6X6 ,,Nafoxidina,0,1,89530,F,0,,115345.0,"0,89530,",
N,T52.0X1,T52.0X2,T52.0X3,T52.0X4,-,--,,Nafta (de pintor) (petróleo),0,0,89531,F,0,,115346.0,"0,89531,",
N,T60.2X1,T60.2X2,T60.2X3,T60.2X4,-,-- ,,Naftalina (no clorado),0,0,89534,F,0,,115349.0,"0,89534,",
N,T46.991,T46.992,T46.993,T46.994,T46.995,T46.996 ,,Naftazona,0,1,89541,F,0,,115356.0,"0,89541,",
N,T46.7X1,T46.7X2,T46.7X3,T46.7X4,T46.7X5,T46.7X6 ,,Naftidrofurilo (oxalato),0,1,89542,F,0,,115357.0,"0,89542,",
N,T49.0X1,T49.0X2,T49.0X3,T49.0X4,T49.0X5,T49.0X6 ,,Naftifina,0,1,89543,F,0,,115358.0,"0,89543,",
N,T65.891,T65.892,T65.893,T65.894,-,-- ,,Naftilamina,0,1,89544,F,0,,115359.0,"0,89544,",
N,T60.4X1,T60.4X2,T60.4X3,T60.4X4,-,-- ,,Naftiltiourea (ANTU),0,1,89545,F,0,,115360.0,"0,89545,",
N,T65.891,T65.892,T65.893,T65.894,-,-- ,,Naftol,0,1,89546,F,0,,115361.0,"0,89546,",
N,T40.491,T40.492,T40.493,T40.494,T40.495,T40.496,,Nalbufina,0,1,89547,F,0,,115362.0,"0,89547,",
N,T60.0X1,T60.0X2,T60.0X3,T60.0X4,-,-- ,,Naled,0,1,89548,F,0,,115363.0,"0,89548,",
N,T37.8X1,T37.8X2,T37.8X3,T37.8X4,T37.8X5,T37.8X6 ,,"Nalidíxico, ácido",0,1,89549,F,0,,115364.0,"0,89549,",
N,T50.7X1,T50.7X2,T50.7X3,T50.7X4,T50.7X5,T50.7X6 ,,Nalorfina,0,1,89550,F,0,,115365.0,"0,89550,",
N,T50.7X1,T50.7X2,T50.7X3,T50.7X4,T50.7X5,T50.7X6 ,,Naloxona,0,1,89551,F,0,,115366.0,"0,89551,",
N,T50.7X1,T50.7X2,T50.7X3,T50.7X4,T50.7X5,T50.7X6 ,,Naltrexona,0,1,89552,F,0,,115367.0,"0,89552,",
N,T43.8X1,T43.8X2,T43.8X3,T43.8X4,T43.8X5,T43.8X6 ,,Namenda,0,1,89553,F,0,,115368.0,"0,89553,",
N,T38.7X1,T38.7X2,T38.7X3,T38.7X4,T38.7X5,T38.7X6 ,,Nandrolona,0,1,89554,F,0,,115369.0,"0,89554,",
N,,,,,, ,,Naprosyn - véase Naproxeno,0,1,89555,F,0,,115370.0,"0,89555,",
N,T39.311,T39.312,T39.313,T39.314,T39.315,T39.316 ,,Naproxeno,0,1,89556,F,0,,115371.0,"0,89556,",
N,T48.3X1,T48.3X2,T48.3X3,T48.3X4,T48.3X5,T48.3X6 ,,Narcotina,0,1,89561,F,0,,115377.0,"0,89561,",
N,T40.601,T40.602,T40.603,T40.604,T40.605,T40.606 ,,Narcótico (fármaco),0,0,89557,F,0,,115372.0,"0,89557,",
N,T43.1X1,T43.1X2,T43.1X3,T43.1X4,T43.1X5,T43.1X6 ,,Nardil,0,1,89562,F,0,,115378.0,"0,89562,",
N,T49.6X1,T49.6X2,T49.6X3,T49.6X4,T49.6X5,T49.6X6 ,,"Nasal, fármaco NCOC",0,1,89563,F,0,,115379.0,"0,89563,",
N,T49.6X1,T49.6X2,T49.6X3,T49.6X4,T49.6X5,T49.6X6 ,,"Nasales, preparados",0,1,89564,F,0,,115380.0,"0,89564,",
N,T49.0X1,T49.0X2,T49.0X3,T49.0X4,T49.0X5,T49.0X6 ,,Natamicina,0,1,89565,F,0,,115381.0,"0,89565,",
N,,,,,, ,,Natural,0,0,89566,F,0,,115382.0,"0,89566,",
N,T42.3X1,T42.3X2,T42.3X3,T42.3X4,T42.3X5,T42.3X6 ,,Nealbarbital,0,1,89570,F,0,,115386.0,"0,89570,",
N,T48.3X1,T48.3X2,T48.3X3,T48.3X4,T48.3X5,T48.3X6 ,,Nectadon,0,1,89571,F,0,,115387.0,"0,89571,",
N,T48.6X1,T48.6X2,T48.6X3,T48.6X4,T48.6X5,T48.6X6 ,,Nedocromil,0,1,89572,F,0,,115388.0,"0,89572,",
N,T39.8X1,T39.8X2,T39.8X3,T39.8X4,T39.8X5,T39.8X6 ,,Nefopam,0,1,89573,F,0,,115389.0,"0,89573,",
N,,,,,, ,,Negro,0,0,89574,F,0,,115390.0,"0,89574,",
N,T63.691,T63.692,T63.693,T63.694,-,-- ,,Nematocisto (picadura),0,1,89580,F,0,,115396.0,"0,89580,",
N,T42.3X1,T42.3X2,T42.3X3,T42.3X4,T42.3X5,T42.3X6 ,,Nembutal,0,1,89581,F,0,,115397.0,"0,89581,",
N,T43.591,T43.592,T43.593,T43.594,T43.595,T43.596 ,,Nemonapride,0,1,89582,F,0,,115398.0,"0,89582,",
N,T37.8X1,T37.8X2,T37.8X3,T37.8X4,T37.8X5,T37.8X6 ,,Neoarsfenamina,0,1,89583,F,0,,115399.0,"0,89583,",
N,T50.4X1,T50.4X2,T50.4X3,T50.4X4,T50.4X5,T50.4X6 ,,Neocincófeno,0,1,89584,F,0,,115400.0,"0,89584,",
N,T36.5X1,T36.5X2,T36.5X3,T36.5X4,T36.5X5,T36.5X6 ,,Neomicina (derivados),0,0,89585,F,0,,115401.0,"0,89585,",
N,T42.3X1,T42.3X2,T42.3X3,T42.3X4,T42.3X5,T42.3X6 ,,Neonal,0,1,89592,F,0,,115408.0,"0,89592,",
N,T37.0X1,T37.0X2,T37.0X3,T37.0X4,T37.0X5,T37.0X6 ,,Neoprontosil,0,1,89593,F,0,,115409.0,"0,89593,",
N,T37.8X1,T37.8X2,T37.8X3,T37.8X4,T37.8X5,T37.8X6 ,,Neosalvarsan,0,1,89594,F,0,,115410.0,"0,89594,",
N,T37.8X1,T37.8X2,T37.8X3,T37.8X4,T37.8X5,T37.8X6 ,,Neosilversalvarsan,0,1,89595,F,0,,115411.0,"0,89595,",
N,T36.8X1,T36.8X2,T36.8X3,T36.8X4,T36.8X5,T36.8X6 ,,Neosporin,0,0,89596,F,0,,115412.0,"0,89596,",
N,T44.0X1,T44.0X2,T44.0X3,T44.0X4,T44.0X5,T44.0X6 ,,"Neostigmina, bromuro de ",0,1,89600,F,0,,115416.0,"0,89600,",
N,T42.3X1,T42.3X2,T42.3X3,T42.3X4,T42.3X5,T42.3X6 ,,Neraval,0,1,89601,F,0,,115417.0,"0,89601,",
N,T42.3X1,T42.3X2,T42.3X3,T42.3X4,T42.3X5,T42.3X6 ,,Neravan,0,1,89602,F,0,,115418.0,"0,89602,",
N,T62.2X1,T62.2X2,T62.2X3,T62.2X4,-,-- ,,Nerium oleander,0,1,89603,F,0,,115419.0,"0,89603,",
N,T41.3X1,T41.3X2,T41.3X3,T41.3X4,T41.3X5,T41.3X6 ,,Nesacaína,0,0,89604,F,0,,115420.0,"0,89604,",
N,T36.5X1,T36.5X2,T36.5X3,T36.5X4,T36.5X5,T36.5X6 ,,Netilmicina,0,1,89607,F,0,,115423.0,"0,89607,",
N,T42.3X1,T42.3X2,T42.3X3,T42.3X4,T42.3X5,T42.3X6 ,,Neurobarb,0,1,89608,F,0,,115424.0,"0,89608,",
N,T43.501,T43.502,T43.503,T43.504,T43.505,T43.506 ,,"Neuroléptico, fármaco NCOC",0,1,89609,F,0,,115425.0,"0,89609,",
N,T48.1X1,T48.1X2,T48.1X3,T48.1X4,T48.1X5,T48.1X6 ,,"Neuromuscular, fármaco de bloqueo",0,1,89610,F,0,,115426.0,"0,89610,",
N,T38.3X1,T38.3X2,T38.3X3,T38.3X4,T38.3X5,T38.3X6 ,,"Neutral, inyección de insulina",0,1,89611,F,0,,115427.0,"0,89611,",
N,T51.0X1,T51.0X2,T51.0X3,T51.0X4,-,-- ,,"Neutro, espíritu",0,0,89612,F,0,,115428.0,"0,89612,",
N,T46.7X1,T46.7X2,T46.7X3,T46.7X4,T46.7X5,T46.7X6 ,,Niacina,0,1,89614,F,0,,115430.0,"0,89614,",
N,T45.2X1,T45.2X2,T45.2X3,T45.2X4,T45.2X5,T45.2X6 ,,Niacinamida,0,1,89615,F,0,,115431.0,"0,89615,",
N,T43.1X1,T43.1X2,T43.1X3,T43.1X4,T43.1X5,T43.1X6 ,,Nialamida,0,1,89616,F,0,,115432.0,"0,89616,",
N,T42.6X1,T42.6X2,T42.6X3,T42.6X4,T42.6X5,T42.6X6 ,,Niapracina,0,1,89617,F,0,,115433.0,"0,89617,",
N,T46.7X1,T46.7X2,T46.7X3,T46.7X4,T46.7X5,T46.7X6 ,,Nicametato,0,1,89618,F,0,,115434.0,"0,89618,",
N,T46.1X1,T46.1X2,T46.1X3,T46.1X4,T46.1X5,T46.1X6 ,,Nicardipino,0,1,89619,F,0,,115435.0,"0,89619,",
N,T46.7X1,T46.7X2,T46.7X3,T46.7X4,T46.7X5,T46.7X6 ,,Nicergolina,0,1,89620,F,0,,115436.0,"0,89620,",
N,T50.7X1,T50.7X2,T50.7X3,T50.7X4,T50.7X5,T50.7X6 ,,Nicetamida,0,1,89621,F,0,,115437.0,"0,89621,",
N,T37.4X1,T37.4X2,T37.4X3,T37.4X4,T37.4X5,T37.4X6 ,,Niclosamida,0,1,89622,F,0,,115438.0,"0,89622,",
N,T46.7X1,T46.7X2,T46.7X3,T46.7X4,T46.7X5,T46.7X6 ,,Nicofuranosa,0,1,89623,F,0,,115439.0,"0,89623,",
N,T40.2X1,T40.2X2,T40.2X3,T40.2X4,T40.2X5,T40.2X6,,Nicomorfina,0,1,89624,F,0,,115440.0,"0,89624,",
N,T46.3X1,T46.3X2,T46.3X3,T46.3X4,T46.3X5,T46.3X6 ,,Nicorandil,0,1,89625,F,0,,115441.0,"0,89625,",
N,T62.2X1,T62.2X2,T62.2X3,T62.2X4,-,-- ,,Nicotiana (planta),0,1,89626,F,0,,115442.0,"0,89626,",
N,T60.2X1,T60.2X2,T60.2X3,T60.2X4,-,-- ,,Nicotina (insecticida) (spray) (sulfato) NCOC,0,0,89627,F,0,,115443.0,"0,89627,",
N,T45.2X1,T45.2X2,T45.2X3,T45.2X4,T45.2X5,T45.2X6 ,,Nicotinamida,0,1,89631,F,0,,115447.0,"0,89631,",
N,T46.7X1,T46.7X2,T46.7X3,T46.7X4,T46.7X5,T46.7X6 ,,"Nicotinílico, alcohol",0,1,89633,F,0,,115449.0,"0,89633,",
N,T46.7X1,T46.7X2,T46.7X3,T46.7X4,T46.7X5,T46.7X6 ,,"Nicotínico, ácido ",0,1,89632,F,0,,115448.0,"0,89632,",
N,T45.511,T45.512,T45.513,T45.514,T45.515,T45.516 ,,Nicumalona,0,1,89634,F,0,,115450.0,"0,89634,",
N,T37.1X1,T37.1X2,T37.1X3,T37.1X4,T37.1X5,T37.1X6 ,,Nidrazida,0,1,89635,F,0,,115451.0,"0,89635,",
N,T59.1X1,T59.1X2,T59.1X3,T59.1X4,-,-- ,,Niebla tóxica,0,1,89636,F,0,,115452.0,"0,89636,",
N,T46.1X1,T46.1X2,T46.1X3,T46.1X4,T46.1X5,T46.1X6 ,,Nifedipino,0,1,89637,F,0,,115453.0,"0,89637,",
N,T39.2X1,T39.2X2,T39.2X3,T39.2X4,T39.2X5,T39.2X6 ,,Nifenazona,0,1,89638,F,0,,115454.0,"0,89638,",
N,T37.91,T37.92,T37.93,T37.94,T37.95,T37.96 ,,Nifuraldezona,0,1,89639,F,0,,115455.0,"0,89639,",
N,T37.8X1,T37.8X2,T37.8X3,T37.8X4,T37.8X5,T37.8X6 ,,Nifuratel,0,1,89640,F,0,,115456.0,"0,89640,",
N,T37.3X1,T37.3X2,T37.3X3,T37.3X4,T37.3X5,T37.3X6 ,,Nifurtimox,0,1,89641,F,0,,115457.0,"0,89641,",
N,T37.8X1,T37.8X2,T37.8X3,T37.8X4,T37.8X5,T37.8X6 ,,Nifurtoinol,0,1,89642,F,0,,115458.0,"0,89642,",
N,T46.7X1,T46.7X2,T46.7X3,T46.7X4,T46.7X5,T46.7X6 ,,Nilidrina,0,1,89643,F,0,,115459.0,"0,89643,",
N,T36.7X1,T36.7X2,T36.7X3,T36.7X4,T36.7X5,T36.7X6 ,,Nilstat,0,0,89644,F,0,,115460.0,"0,89644,",
N,T38.6X1,T38.6X2,T38.6X3,T38.6X4,T38.6X5,T38.6X6 ,,Nilutamida,0,1,89646,F,0,,115462.0,"0,89646,",
N,T39.391,T39.392,T39.393,T39.394,T39.395,T39.396 ,,Nimesulida,0,1,89647,F,0,,115463.0,"0,89647,",
N,T42.4X1,T42.4X2,T42.4X3,T42.4X4,T42.4X5,T42.4X6 ,,Nimetazepam,0,1,89648,F,0,,115464.0,"0,89648,",
N,T46.1X1,T46.1X2,T46.1X3,T46.1X4,T46.1X5,T46.1X6 ,,Nimodipino,0,1,89649,F,0,,115465.0,"0,89649,",
N,T37.3X1,T37.3X2,T37.3X3,T37.3X4,T37.3X5,T37.3X6 ,,Nimorazole,0,1,89650,F,0,,115466.0,"0,89650,",
N,T45.1X1,T45.1X2,T45.1X3,T45.1X4,T45.1X5,T45.1X6 ,,Nimustina,0,1,89651,F,0,,115467.0,"0,89651,",
N,T56.891,T56.892,T56.893,T56.894,-,-- ,,Niqueloceno,0,1,89653,F,0,,115469.0,"0,89653,",
N,T37.4X1,T37.4X2,T37.4X3,T37.4X4,T37.4X5,T37.4X6 ,,Niridazol,0,1,89654,F,0,,115470.0,"0,89654,",
N,T40.2X1,T40.2X2,T40.2X3,T40.2X4,T40.2X5,T40.2X6 ,,Nisentil,0,1,89655,F,0,,115471.0,"0,89655,",
N,T46.1X1,T46.1X2,T46.1X3,T46.1X4,T46.1X5,T46.1X6 ,,Nisoldipino,0,1,89656,F,0,,115472.0,"0,89656,",
N,T36.7X1,T36.7X2,T36.7X3,T36.7X4,T36.7X5,T36.7X6 ,,Nistatina,0,0,89657,F,0,,115473.0,"0,89657,",
N,T45.0X1,T45.0X2,T45.0X3,T45.0X4,T45.0X5,T45.0X6 ,,Nitol,0,1,89659,F,0,,115475.0,"0,89659,",
N,T65.3X1,T65.3X2,T65.3X3,T65.3X4,-,-- ,,Nitramina,0,1,89660,F,0,,115476.0,"0,89660,",
N,T46.3X1,T46.3X2,T46.3X3,T46.3X4,T46.3X5,T46.3X6 ,,"Nitrato, orgánico",0,1,89661,F,0,,115477.0,"0,89661,",
N,T42.4X1,T42.4X2,T42.4X3,T42.4X4,T42.4X5,T42.4X6 ,,Nitrazepam,0,1,89662,F,0,,115478.0,"0,89662,",
N,T50.6X1,T50.6X2,T50.6X3,T50.6X4,T50.6X5,T50.6X6 ,,Nitrefazol,0,1,89663,F,0,,115479.0,"0,89663,",
N,T46.1X1,T46.1X2,T46.1X3,T46.1X4,T46.1X5,T46.1X6 ,,Nitrendipino,0,1,89664,F,0,,115480.0,"0,89664,",
N,T37.3X1,T37.3X2,T37.3X3,T37.3X4,T37.3X5,T37.3X6 ,,Nitrimidacina,0,1,89669,F,0,,115485.0,"0,89669,",
N,T46.3X1,T46.3X2,T46.3X3,T46.3X4,T46.3X5,T46.3X6 ,,"Nitrito, amilo (medicamentos) (emanaciones)",0,1,89670,F,0,,115486.0,"0,89670,",
N,T65.3X1,T65.3X2,T65.3X3,T65.3X4,-,-- ,,Nitroanilina,0,0,89671,F,0,,115487.0,"0,89671,",
N,T65.3X1,T65.3X2,T65.3X3,T65.3X4,-,-- ,,"Nitrobenceno, nitrobenzol",0,0,89673,F,0,,115489.0,"0,89673,",
N,T65.891,T65.892,T65.893,T65.894,-,-- ,,Nitrocelulosa,0,0,89675,F,0,,115491.0,"0,89675,",
N,T65.3X1,T65.3X2,T65.3X3,T65.3X4,-,-- ,,Nitrodifenil,0,1,89677,F,0,,115493.0,"0,89677,",
N,T54.0X1,T54.0X2,T54.0X3,T54.0X4,-,-- ,,Nitrofenol,0,1,89678,F,0,,115494.0,"0,89678,",
N,T49.0X1,T49.0X2,T49.0X3,T49.0X4,T49.0X5,T49.0X6 ,,Nitrofural,0,1,89679,F,0,,115495.0,"0,89679,",
N,T37.8X1,T37.8X2,T37.8X3,T37.8X4,T37.8X5,T37.8X6 ,,Nitrofurantoína,0,1,89680,F,0,,115496.0,"0,89680,",
N,T49.0X1,T49.0X2,T49.0X3,T49.0X4,T49.0X5,T49.0X6 ,,Nitrofurazona,0,1,89681,F,0,,115497.0,"0,89681,",
N,T46.3X1,T46.3X2,T46.3X3,T46.3X4,T46.3X5,T46.3X6 ,,Nitroglicerina (medicinal),0,0,89684,F,0,,115500.0,"0,89684,",
N,T52.3X1,T52.3X2,T52.3X3,T52.3X4,-,-- ,,Nitroglicol,0,1,89687,F,0,,115503.0,"0,89687,",
N,T54.2X1,T54.2X2,T54.2X3,T54.2X4,-,-- ,,"Nitrohidroclórico, ácido",0,1,89688,F,0,,115504.0,"0,89688,",
N,T49.0X1,T49.0X2,T49.0X3,T49.0X4,T49.0X5,T49.0X6 ,,Nitromersol,0,1,89689,F,0,,115505.0,"0,89689,",
N,T65.891,T65.892,T65.893,T65.894,-,-- ,,Nitronaftaleno,0,1,89690,F,0,,115506.0,"0,89690,",
N,T52.8X1,T52.8X2,T52.8X3,T52.8X4,-,-- ,,Nitropropano,0,1,89691,F,0,,115507.0,"0,89691,",
N,T46.5X1,T46.5X2,T46.5X3,T46.5X4,T46.5X5,T46.5X6 ,,Nitroprusiato,0,1,89692,F,0,,115508.0,"0,89692,",
N,,,,,, ,,Nitroso,0,0,89693,F,0,,115509.0,"0,89693,",
N,T65.3X1,T65.3X2,T65.3X3,T65.3X4,-,-- ,,Nitrosodimetilamina,0,1,89698,F,0,,115514.0,"0,89698,",
N,T37.4X1,T37.4X2,T37.4X3,T37.4X4,T37.4X5,T37.4X6 ,,Nitrotiazol,0,1,89699,F,0,,115515.0,"0,89699,",
N,T65.3X1,T65.3X2,T65.3X3,T65.3X4,-,-- ,,"Nitrotolueno, nitrotoluol",0,0,89700,F,0,,115516.0,"0,89700,",
N,T37.8X1,T37.8X2,T37.8X3,T37.8X4,T37.8X5,T37.8X6 ,,Nitroxolina,0,1,89702,F,0,,115518.0,"0,89702,",
N,T49.0X1,T49.0X2,T49.0X3,T49.0X4,T49.0X5,T49.0X6 ,,Nitrozona,0,1,89703,F,0,,115519.0,"0,89703,",
N,T59.0X1,T59.0X2,T59.0X3,T59.0X4,-,-- ,,Nitrógeno,0,0,89682,F,0,,115498.0,"0,89682,",
N,T47.0X1,T47.0X2,T47.0X3,T47.0X4,T47.0X5,T47.0X6 ,,Nizatidina,0,1,89704,F,0,,115520.0,"0,89704,",
N,T43.8X1,T43.8X2,T43.8X3,T43.8X4,T43.8X5,T43.8X6 ,,Nizofenona,0,1,89705,F,0,,115521.0,"0,89705,",
N,T62.91,T62.92,T62.93,T62.94,-,-- ,,Nocivos. Alimentos,0,0,89706,F,0,,115522.0,"0,89706,",
N,T42.6X1,T42.6X2,T42.6X3,T42.6X4,T42.6X5,T42.6X6 ,,Noctec,0,1,89708,F,0,,115524.0,"0,89708,",
N,T62.2X1,T62.2X2,T62.2X3,T62.2X4,-,-- ,,"Nocturna, mortal (Solanum) - véase además Belladona",0,0,89709,F,0,,115525.0,"0,89709,",
N,T42.6X1,T42.6X2,T42.6X3,T42.6X4,T42.6X5,T42.6X6 ,,Noludar,0,1,89711,F,0,,115527.0,"0,89711,",
N,T38.5X1,T38.5X2,T38.5X3,T38.5X4,T38.5X5,T38.5X6 ,,Nomegestrol,0,1,89712,F,0,,115528.0,"0,89712,",
N,T43.291,T43.292,T43.293,T43.294,T43.295,T43.296 ,,Nomifensina,0,1,89713,F,0,,115529.0,"0,89713,",
N,T49.8X1,T49.8X2,T49.8X3,T49.8X4,T49.8X5,T49.8X6 ,,Nonilfenoxi (polietoxi-etanol),0,1,89714,F,0,,115530.0,"0,89714,",
N,T49.8X1,T49.8X2,T49.8X3,T49.8X4,T49.8X5,T49.8X6 ,,Nonoxinol,0,1,89715,F,0,,115531.0,"0,89715,",
N,T42.3X1,T42.3X2,T42.3X3,T42.3X4,T42.3X5,T42.3X6 ,,Noptil,0,1,89716,F,0,,115532.0,"0,89716,",
N,T44.4X1,T44.4X2,T44.4X3,T44.4X4,T44.4X5,T44.4X6 ,,Noradrenalina,0,1,89718,F,0,,115534.0,"0,89718,",
N,T39.2X1,T39.2X2,T39.2X3,T39.2X4,T39.2X5,T39.2X6 ,,Noramidopirina,0,0,89719,F,0,,115535.0,"0,89719,",
N,T60.4X1,T60.4X2,T60.4X3,T60.4X4,-,-- ,,Norbormida,0,1,89721,F,0,,115537.0,"0,89721,",
N,T42.4X1,T42.4X2,T42.4X3,T42.4X4,T42.4X5,T42.4X6 ,,Nordazepam,0,1,89722,F,0,,115538.0,"0,89722,",
N,T38.7X1,T38.7X2,T38.7X3,T38.7X4,T38.7X5,T38.7X6 ,,Norentandrolona,0,1,89723,F,0,,115539.0,"0,89723,",
N,T44.4X1,T44.4X2,T44.4X3,T44.4X4,T44.4X5,T44.4X6 ,,Norepinefrina,0,1,89724,F,0,,115540.0,"0,89724,",
N,T38.4X1,T38.4X2,T38.4X3,T38.4X4,T38.4X5,T38.4X6 ,,Noretindrona,0,1,89725,F,0,,115541.0,"0,89725,",
N,T38.5X1,T38.5X2,T38.5X3,T38.5X4,T38.5X5,T38.5X6 ,,Noretinodrel,0,1,89726,F,0,,115542.0,"0,89726,",
N,T38.4X1,T38.4X2,T38.4X3,T38.4X4,T38.4X5,T38.4X6 ,,Noretisterona (acetato) (enantato),0,0,89727,F,0,,115543.0,"0,89727,",
N,T44.4X1,T44.4X2,T44.4X3,T44.4X4,T44.4X5,T44.4X6 ,,Norfenefrina,0,1,89729,F,0,,115545.0,"0,89729,",
N,T36.8X1,T36.8X2,T36.8X3,T36.8X4,T36.8X5,T36.8X6 ,,Norfloxacina,0,1,89730,F,0,,115546.0,"0,89730,",
N,T38.4X1,T38.4X2,T38.4X3,T38.4X4,T38.4X5,T38.4X6 ,,Norgestrel,0,1,89731,F,0,,115547.0,"0,89731,",
N,T38.4X1,T38.4X2,T38.4X3,T38.4X4,T38.4X5,T38.4X6 ,,Norgestrienona,0,1,89732,F,0,,115548.0,"0,89732,",
N,T38.4X1,T38.4X2,T38.4X3,T38.4X4,T38.4X5,T38.4X6 ,,Norlestrina,0,1,89733,F,0,,115549.0,"0,89733,",
N,T38.4X1,T38.4X2,T38.4X3,T38.4X4,T38.4X5,T38.4X6 ,,Norlutina,0,1,89734,F,0,,115550.0,"0,89734,",
N,T38.5X1,T38.5X2,T38.5X3,T38.5X4,T38.5X5,T38.5X6 ,,Normetandrona,0,1,89735,F,0,,115551.0,"0,89735,",
N,,,,,, ,,Normison - véase Benzodiazepinas,0,1,89736,F,0,,115552.0,"0,89736,",
N,T40.2X1,T40.2X2,T40.2X3,T40.2X4,T40.2X5,T40.2X6,,Normorfina,0,1,89737,F,0,,115553.0,"0,89737,",
N,T50.5X1,T50.5X2,T50.5X3,T50.5X4,T50.5X5,T50.5X6 ,,Norseudoefedrina,0,1,89738,F,0,,115554.0,"0,89738,",
N,T38.7X1,T38.7X2,T38.7X3,T38.7X4,T38.7X5,T38.7X6 ,,Nortestosterona (furanpropionato),0,1,89739,F,0,,115555.0,"0,89739,",
N,T43.011,T43.012,T43.013,T43.014,T43.015,T43.016 ,,Nortriptilina,0,1,89740,F,0,,115556.0,"0,89740,",
N,T48.3X1,T48.3X2,T48.3X3,T48.3X4,T48.3X5,T48.3X6 ,,Noscapina,0,1,89741,F,0,,115557.0,"0,89741,",
N,T36.5X1,T36.5X2,T36.5X3,T36.5X4,T36.5X5,T36.5X6 ,,Novobiocina,0,1,89742,F,0,,115558.0,"0,89742,",
N,T41.3X1,T41.3X2,T41.3X3,T41.3X4,T41.3X5,T41.3X6 ,,Novocaína (infiltración) (tópica),0,0,89743,F,0,,115559.0,"0,89743,",
N,T43.011,T43.012,T43.013,T43.014,T43.015,T43.016 ,,Noxiptilina,0,1,89746,F,0,,115562.0,"0,89746,",
N,T49.0X1,T49.0X2,T49.0X3,T49.0X4,T49.0X5,T49.0X6 ,,Noxitiolina,0,1,89747,F,0,,115563.0,"0,89747,",
N,T49.3X1,T49.3X2,T49.3X3,T49.3X4,T49.3X5,T49.3X6 ,,"Nuez moscada, aceite de (linimento)",0,1,89749,F,0,,115565.0,"0,89749,",
N,T65.1X1,T65.1X2,T65.1X3,T65.1X4,-,-- ,,Nuez vómica,0,1,89750,F,0,,115566.0,"0,89750,",
N,T40.2X1,T40.2X2,T40.2X3,T40.2X4,T40.2X5,T40.2X6 ,,Numorfano,0,1,89751,F,0,,115567.0,"0,89751,",
N,T42.3X1,T42.3X2,T42.3X3,T42.3X4,T42.3X5,T42.3X6 ,,Nunol,0,1,89752,F,0,,115568.0,"0,89752,",
N,T41.3X1,T41.3X2,T41.3X3,T41.3X4,T41.3X5,T41.3X6 ,,Nupercaína (anestesia espinal),0,0,89753,F,0,,115569.0,"0,89753,",
N,T56.891,T56.892,T56.893,T56.894,-,-- ,,Níquel (carbonilo) (tetra-carbonilo) (humos) (emanaciones),0,1,89652,F,0,,115468.0,"0,89652,",
N,,,,,, ,,Nítrico,0,0,89665,F,0,,115481.0,"0,89665,",
O,T60.0X1,T60.0X2,T60.0X3,T60.0X4,-,-- ,,OMPA,0,1,89782,F,0,,115599.0,"0,89782,",
O,T49.6X1,T49.6X2,T49.6X3,T49.6X4,T49.6X5,T49.6X6 ,,"ORL, preparados (anti-infeccioso)",0,1,89805,F,0,,115623.0,"0,89805,",
O,T50.6X1,T50.6X2,T50.6X3,T50.6X4,T50.6X5,T50.6X6 ,,Obidoxima cloruro,0,1,89755,F,0,,115571.0,"0,89755,",
O,T42.6X1,T42.6X2,T42.6X3,T42.6X4,T42.6X5,T42.6X6 ,,Oblivión,0,1,89756,F,0,,115572.0,"0,89756,",
O,T50.8X1,T50.8X2,T50.8X3,T50.8X4,T50.8X5,T50.8X6,,"Ocetámico, ácido",0,1,89757,F,0,,115573.0,"0,89757,",
O,T49.3X1,T49.3X2,T49.3X3,T49.3X4,T49.3X5,T49.3X6 ,,Octafonio (cloruro),0,1,89758,F,0,,115574.0,"0,89758,",
O,T60.0X1,T60.0X2,T60.0X3,T60.0X4,-,-- ,,Octametil pirofosforamida,0,1,89759,F,0,,115575.0,"0,89759,",
O,T50.991,T50.992,T50.993,T50.994,T50.995,T50.996 ,,Octanoína,0,1,89760,F,0,,115576.0,"0,89760,",
O,T44.3X1,T44.3X2,T44.3X3,T44.3X4,T44.3X5,T44.3X6 ,,"Octatropina, metil-bromuro",0,1,89761,F,0,,115577.0,"0,89761,",
O,T46.3X1,T46.3X2,T46.3X3,T46.3X4,T46.3X5,T46.3X6 ,,"Octilo, nitrito",0,1,89762,F,0,,115578.0,"0,89762,",
O,T45.2X1,T45.2X2,T45.2X3,T45.2X4,T45.2X5,T45.2X6 ,,Octotiamina,0,1,89763,F,0,,115579.0,"0,89763,",
O,T49.8X1,T49.8X2,T49.8X3,T49.8X4,T49.8X5,T49.8X6 ,,Octoxinol,0,1,89764,F,0,,115580.0,"0,89764,",
O,T38.991,T38.992,T38.993,T38.994,T38.995,T38.996 ,,Octreotida,0,1,89765,F,0,,115581.0,"0,89765,",
O,T41.3X1,T41.3X2,T41.3X3,T41.3X4,T41.3X5,T41.3X6 ,,Ofataína,0,1,89766,F,0,,115582.0,"0,89766,",
O,T41.3X1,T41.3X2,T41.3X3,T41.3X4,T41.3X5,T41.3X6 ,,Ofetético,0,1,89767,F,0,,115583.0,"0,89767,",
O,T36.8X1,T36.8X2,T36.8X3,T36.8X4,T36.8X5,T36.8X6 ,,Ofloxacina,0,1,89768,F,0,,115584.0,"0,89768,",
O,T49.5X1,T49.5X2,T49.5X3,T49.5X4,T49.5X5,T49.5X6 ,,"Ojo, agente para (anti-infeccioso)",0,1,89771,F,0,,115587.0,"0,89771,",
O,T49.5X1,T49.5X2,T49.5X3,T49.5X4,T49.5X5,T49.5X6 ,,"Ojo, fármaco NCOC",0,1,89772,F,0,,115588.0,"0,89772,",
O,T43.591,T43.592,T43.593,T43.594,T43.595,T43.596,,Olanzapina,0,1,94762,F,0,,115589.0,"0,94762,",
O,T36.3X1,T36.3X2,T36.3X3,T36.3X4,T36.3X5,T36.3X6 ,,Oleandomicina,0,1,89773,F,0,,115590.0,"0,89773,",
O,T46.0X1,T46.0X2,T46.0X3,T46.0X4,T46.0X5,T46.0X6 ,,Oleandrina,0,1,89774,F,0,,115591.0,"0,89774,",
O,T46.6X1,T46.6X2,T46.6X3,T46.6X4,T46.6X5,T46.6X6 ,,"Oleico, aceite",0,1,89775,F,0,,115592.0,"0,89775,",
O,T45.2X1,T45.2X2,T45.2X3,T45.2X4,T45.2X5,T45.2X6,,Oleovitamina A,0,1,89776,F,0,,115593.0,"0,89776,",
O,T47.2X1,T47.2X2,T47.2X3,T47.2X4,T47.2X5,T47.2X6 ,,Oleum ricini,0,1,89777,F,0,,115594.0,"0,89777,",
O,T47.4X1,T47.4X2,T47.4X3,T47.4X4,T47.4X5,T47.4X6 ,,"Oliva, aceite de (medicamentos) NCOC",0,1,89778,F,0,,115595.0,"0,89778,",
O,T45.1X1,T45.1X2,T45.1X3,T45.1X4,T45.1X5,T45.1X6 ,,Olivomicina,0,1,89779,F,0,,115596.0,"0,89779,",
O,T47.8X1,T47.8X2,T47.8X3,T47.8X4,T47.8X5,T47.8X6 ,,Olsalacina,0,1,89780,F,0,,115597.0,"0,89780,",
O,T47.1X1,T47.1X2,T47.1X3,T47.1X4,T47.1X5,T47.1X6 ,,Omeprazol,0,1,89781,F,0,,115598.0,"0,89781,",
O,T45.1X1,T45.1X2,T45.1X3,T45.1X4,T45.1X5,T45.1X6 ,,"Oncológico, medicamentos de régimen quimioterápico",0,1,89783,F,0,,115600.0,"0,89783,",
O,T45.1X1,T45.1X2,T45.1X3,T45.1X4,T45.1X5,T45.1X6 ,,Oncovin,0,1,89784,F,0,,115601.0,"0,89784,",
O,T45.0X1,T45.0X2,T45.0X3,T45.0X4,T45.0X5,T45.0X6 ,,Ondansetrón,0,1,89785,F,0,,115602.0,"0,89785,",
O,T40.0X1,T40.0X2,T40.0X3,T40.0X4,T40.0X5,T40.0X6 ,,"Opio, alcaloides de (total)",0,0,89788,F,0,,115605.0,"0,89788,",
O,T40.2X1,T40.2X2,T40.2X3,T40.2X4,T40.2X5,T40.2X6,,"Opioide, NCOC",0,1,94252,F,0,,115608.0,"0,94252,",
O,T43.011,T43.012,T43.013,T43.014,T43.015,T43.016 ,,Opipramol,0,1,89791,F,0,,115609.0,"0,89791,",
O,T40.601,T40.602,T40.603,T40.604,T40.605,T40.606 ,,Opiáceo NCOC,0,0,89786,F,0,,115603.0,"0,89786,",
O,T38.4X1,T38.4X2,T38.4X3,T38.4X4,T38.4X5,T38.4X6 ,,Oracón,0,1,89792,F,0,,115610.0,"0,89792,",
O,T50.8X1,T50.8X2,T50.8X3,T50.8X4,T50.8X5,T50.8X6 ,,Oragrafina,0,1,89793,F,0,,115611.0,"0,89793,",
O,T50.3X1,T50.3X2,T50.3X3,T50.3X4,T50.3X5,T50.3X6 ,,"Oral, sales de rehidratación",0,1,89794,F,0,,115612.0,"0,89794,",
O,T38.4X1,T38.4X2,T38.4X3,T38.4X4,T38.4X5,T38.4X6 ,,"Orales, anticonceptivos",0,1,89795,F,0,,115613.0,"0,89795,",
O,T50.991,T50.992,T50.993,T50.994,T50.995,T50.996 ,,Orazamida,0,1,89796,F,0,,115614.0,"0,89796,",
O,T48.291,T48.292,T48.293,T48.294,T48.295,T48.296 ,,Orciprenalina,0,1,89797,F,0,,115615.0,"0,89797,",
O,T42.8X1,T42.8X2,T42.8X3,T42.8X4,T42.8X5,T42.8X6 ,,Orfenadrina (clorhidrato),0,1,89798,F,0,,115616.0,"0,89798,",
O,T48.4X1,T48.4X2,T48.4X3,T48.4X4,T48.4X5,T48.4X6 ,,Organidina,0,1,89799,F,0,,115617.0,"0,89799,",
O,T60.0X1,T60.0X2,T60.0X3,T60.0X4,-,-- ,,Organofosforados,0,1,89800,F,0,,115618.0,"0,89800,",
O,T46.3X1,T46.3X2,T46.3X3,T46.3X4,T46.3X5,T46.3X6 ,,Organonitrato NCOC,0,1,89801,F,0,,115619.0,"0,89801,",
O,T62.2X1,T62.2X2,T62.2X3,T62.2X4,-,-- ,,Orgullo de China,0,1,89802,F,0,,115620.0,"0,89802,",
O,T50.B91,T50.B92,T50.B93,T50.B94,T50.B95,T50.B96 ,,Orimuna,0,1,89803,F,0,,115621.0,"0,89803,",
O,T38.3X1,T38.3X2,T38.3X3,T38.3X4,T38.3X5,T38.3X6 ,,Orinase,0,1,89804,F,0,,115622.0,"0,89804,",
O,T38.6X1,T38.6X2,T38.6X3,T38.6X4,T38.6X5,T38.6X6 ,,Ormeloxifeno,0,1,89806,F,0,,115624.0,"0,89806,",
O,T37.3X1,T37.3X2,T37.3X3,T37.3X4,T37.3X5,T37.3X6 ,,Ornidazol,0,1,89807,F,0,,115625.0,"0,89807,",
O,T50.991,T50.992,T50.993,T50.994,T50.995,T50.996 ,,Ornitina aspartato,0,1,89808,F,0,,115626.0,"0,89808,",
O,T47.1X1,T47.1X2,T47.1X3,T47.1X4,T47.1X5,T47.1X6 ,,Ornoprostil,0,1,89809,F,0,,115627.0,"0,89809,",
O,,,,,, ,,Oro,0,0,89810,F,0,,115628.0,"0,89810,",
O,T42.3X1,T42.3X2,T42.3X3,T42.3X4,T42.3X5,T42.3X6 ,,Ortal (sodio),0,1,89813,F,0,,115631.0,"0,89813,",
O,T38.4X1,T38.4X2,T38.4X3,T38.4X4,T38.4X5,T38.4X6 ,,Orto-Novum,0,1,89819,F,0,,115637.0,"0,89819,",
O,T49.0X1,T49.0X2,T49.0X3,T49.0X4,T49.0X5,T49.0X6 ,,"Ortobórico, ácido",0,0,89814,F,0,,115632.0,"0,89814,",
O,T41.3X1,T41.3X2,T41.3X3,T41.3X4,T41.3X5,T41.3X6 ,,Ortocaína,0,1,89817,F,0,,115635.0,"0,89817,",
O,T53.7X1,T53.7X2,T53.7X3,T53.7X4,-,-- ,,Ortodiclorobenceno,0,1,89818,F,0,,115636.0,"0,89818,",
O,T54.2X1,T54.2X2,T54.2X3,T54.2X4,-,-- ,,Ortotolidina (reactiva),0,1,89820,F,0,,115638.0,"0,89820,",
O,T50.2X1,T50.2X2,T50.2X3,T50.2X4,T50.2X5,T50.2X6 ,,"Osmóticos, diuréticos",0,1,89823,F,0,,115641.0,"0,89823,",
O,T44.3X1,T44.3X2,T44.3X3,T44.3X4,T44.3X5,T44.3X6 ,,"Otilonio, bromuro de",0,1,89824,F,0,,115642.0,"0,89824,",
O,T49.6X1,T49.6X2,T49.6X3,T49.6X4,T49.6X5,T49.6X6,,"Otorrinolaringológico, fármaco NCOC",0,1,94764,F,0,,115643.0,"0,94764,",
O,T46.0X1,T46.0X2,T46.0X3,T46.0X4,T46.0X5,T46.0X6 ,,Ouabaína,0,1,89825,F,0,,115644.0,"0,89825,",
O,,,,,, ,,Ovario,0,0,89826,F,0,,115645.0,"0,89826,",
O,T38.4X1,T38.4X2,T38.4X3,T38.4X4,T38.4X5,T38.4X6 ,,Ovral,0,1,89829,F,0,,115648.0,"0,89829,",
O,T38.4X1,T38.4X2,T38.4X3,T38.4X4,T38.4X5,T38.4X6 ,,Ovulén,0,1,89830,F,0,,115649.0,"0,89830,",
O,T36.0X1,T36.0X2,T36.0X3,T36.0X4,T36.0X5,T36.0X6 ,,Oxacilina,0,1,89831,F,0,,115650.0,"0,89831,",
O,T37.4X1,T37.4X2,T37.4X3,T37.4X4,T37.4X5,T37.4X6 ,,Oxamniquina,0,1,89834,F,0,,115653.0,"0,89834,",
O,T43.591,T43.592,T43.593,T43.594,T43.595,T43.596 ,,Oxanamida,0,1,89835,F,0,,115654.0,"0,89835,",
O,T38.7X1,T38.7X2,T38.7X3,T38.7X4,T38.7X5,T38.7X6 ,,Oxandrolona,0,1,89836,F,0,,115655.0,"0,89836,",
O,T37.4X1,T37.4X2,T37.4X3,T37.4X4,T37.4X5,T37.4X6 ,,Oxantel,0,1,89837,F,0,,115656.0,"0,89837,",
O,T44.3X1,T44.3X2,T44.3X3,T44.3X4,T44.3X5,T44.3X6 ,,"Oxapio, yoduro de",0,1,89838,F,0,,115657.0,"0,89838,",
O,T43.021,T43.022,T43.023,T43.024,T43.025,T43.026 ,,Oxaprotilina,0,1,89839,F,0,,115658.0,"0,89839,",
O,T39.311,T39.312,T39.313,T39.314,T39.315,T39.316 ,,Oxaprozina,0,1,89840,F,0,,115659.0,"0,89840,",
O,T45.0X1,T45.0X2,T45.0X3,T45.0X4,T45.0X5,T45.0X6 ,,Oxatomida,0,1,89841,F,0,,115660.0,"0,89841,",
O,T42.4X1,T42.4X2,T42.4X3,T42.4X4,T42.4X5,T42.4X6 ,,Oxazepam,0,1,89842,F,0,,115661.0,"0,89842,",
O,T50.5X1,T50.5X2,T50.5X3,T50.5X4,T50.5X5,T50.5X6 ,,Oxazimedrina,0,1,89843,F,0,,115662.0,"0,89843,",
O,T42.4X1,T42.4X2,T42.4X3,T42.4X4,T42.4X5,T42.4X6 ,,Oxazolam,0,1,89844,F,0,,115663.0,"0,89844,",
O,T42.2X1,T42.2X2,T42.2X3,T42.2X4,T42.2X5,T42.2X6 ,,"Oxazolidina, derivados de",0,1,89845,F,0,,115664.0,"0,89845,",
O,T42.1X1,T42.1X2,T42.1X3,T42.1X4,T42.1X5,T42.1X6 ,,Oxcarbazepina,0,1,89846,F,0,,115665.0,"0,89846,",
O,T44.4X1,T44.4X2,T44.4X3,T44.4X4,T44.4X5,T44.4X6 ,,Oxedrina,0,1,89847,F,0,,115666.0,"0,89847,",
O,T48.3X1,T48.3X2,T48.3X3,T48.3X4,T48.3X5,T48.3X6 ,,Oxeladina (citrato),0,1,89848,F,0,,115667.0,"0,89848,",
O,T38.5X1,T38.5X2,T38.5X3,T38.5X4,T38.5X5,T38.5X6 ,,Oxendolona,0,1,89849,F,0,,115668.0,"0,89849,",
O,T41.3X1,T41.3X2,T41.3X3,T41.3X4,T41.3X5,T41.3X6 ,,Oxetacaína,0,1,89850,F,0,,115669.0,"0,89850,",
O,T41.3X1,T41.3X2,T41.3X3,T41.3X4,T41.3X5,T41.3X6 ,,Oxetacina,0,1,89851,F,0,,115670.0,"0,89851,",
O,T39.8X1,T39.8X2,T39.8X3,T39.8X4,T39.8X5,T39.8X6 ,,Oxetorona,0,1,89852,F,0,,115671.0,"0,89852,",
O,T41.291,T41.292,T41.293,T41.294,T41.295,T41.296 ,,Oxibato de sodio,0,1,89853,F,0,,115672.0,"0,89853,",
O,T41.3X1,T41.3X2,T41.3X3,T41.3X4,T41.3X5,T41.3X6 ,,Oxibuprocaína,0,1,89854,F,0,,115673.0,"0,89854,",
O,T44.3X1,T44.3X2,T44.3X3,T44.3X4,T44.3X5,T44.3X6 ,,Oxibutinina,0,1,89855,F,0,,115674.0,"0,89855,",
O,T49.0X1,T49.0X2,T49.0X3,T49.0X4,T49.0X5,T49.0X6 ,,Oxicloroseno,0,1,89856,F,0,,115675.0,"0,89856,",
O,T40.2X1,T40.2X2,T40.2X3,T40.2X4,T40.2X5,T40.2X6 ,,Oxicodona,0,1,89857,F,0,,115676.0,"0,89857,",
O,T49.0X1,T49.0X2,T49.0X3,T49.0X4,T49.0X5,T49.0X6 ,,Oxiconazol,0,1,89858,F,0,,115677.0,"0,89858,",
O,T54.91,T54.92,T54.93,T54.94,-,-- ,,"Oxidante, agente NCOC",0,1,89859,F,0,,115678.0,"0,89859,",
O,T46.3X1,T46.3X2,T46.3X3,T46.3X4,T46.3X5,T46.3X6 ,,Oxifedrina,0,1,89860,F,0,,115679.0,"0,89860,",
O,T39.2X1,T39.2X2,T39.2X3,T39.2X4,T39.2X5,T39.2X6 ,,Oxifenbutazona,0,1,89861,F,0,,115680.0,"0,89861,",
O,T44.3X1,T44.3X2,T44.3X3,T44.3X4,T44.3X5,T44.3X6 ,,Oxifenciclimina,0,1,89862,F,0,,115681.0,"0,89862,",
O,T47.2X1,T47.2X2,T47.2X3,T47.2X4,T47.2X5,T47.2X6 ,,Oxifenisatina,0,1,89863,F,0,,115682.0,"0,89863,",
O,T44.3X1,T44.3X2,T44.3X3,T44.3X4,T44.3X5,T44.3X6 ,,"Oxifenonio, bromuro de",0,1,89864,F,0,,115683.0,"0,89864,",
O,T49.0X1,T49.0X2,T49.0X3,T49.0X4,T49.0X5,T49.0X6 ,,Oxilona,0,0,89866,F,0,,115685.0,"0,89866,",
O,T38.7X1,T38.7X2,T38.7X3,T38.7X4,T38.7X5,T38.7X6 ,,Oximesterona,0,1,89868,F,0,,115687.0,"0,89868,",
O,T48.5X1,T48.5X2,T48.5X3,T48.5X4,T48.5X5,T48.5X6 ,,Oximetazolina,0,1,89869,F,0,,115688.0,"0,89869,",
O,T38.7X1,T38.7X2,T38.7X3,T38.7X4,T38.7X5,T38.7X6 ,,Oximetolona,0,1,89870,F,0,,115689.0,"0,89870,",
O,T40.2X1,T40.2X2,T40.2X3,T40.2X4,T40.2X5,T40.2X6 ,,Oximorfona,0,1,89871,F,0,,115690.0,"0,89871,",
O,T43.591,T43.592,T43.593,T43.594,T43.595,T43.596 ,,Oxipertina,0,1,89872,F,0,,115691.0,"0,89872,",
O,T45.8X1,T45.8X2,T45.8X3,T45.8X4,T45.8X5,T45.8X6 ,,Oxipoligelatina,0,1,89873,F,0,,115692.0,"0,89873,",
O,T50.4X1,T50.4X2,T50.4X3,T50.4X4,T50.4X5,T50.4X6 ,,Oxipurinol,0,1,89874,F,0,,115693.0,"0,89874,",
O,T37.8X1,T37.8X2,T37.8X3,T37.8X4,T37.8X5,T37.8X6 ,,Oxiquinolina (derivados),0,1,89875,F,0,,115694.0,"0,89875,",
O,T36.4X1,T36.4X2,T36.4X3,T36.4X4,T36.4X5,T36.4X6 ,,Oxitetraciclina,0,1,89876,F,0,,115695.0,"0,89876,",
O,T48.0X1,T48.0X2,T48.0X3,T48.0X4,T48.0X5,T48.0X6 ,,Oxitocina (sintético),0,1,89878,F,0,,115697.0,"0,89878,",
O,T43.291,T43.292,T43.293,T43.294,T43.295,T43.296 ,,Oxitriptan,0,1,89879,F,0,,115698.0,"0,89879,",
O,T48.6X1,T48.6X2,T48.6X3,T48.6X4,T48.6X5,T48.6X6 ,,"Oxitropio, bromuro de",0,1,89880,F,0,,115699.0,"0,89880,",
O,T48.0X1,T48.0X2,T48.0X3,T48.0X4,T48.0X5,T48.0X6 ,,"Oxitócico, fármaco NCOC",0,1,89877,F,0,,115696.0,"0,89877,",
O,T46.1X1,T46.1X2,T46.1X3,T46.1X4,T46.1X5,T46.1X6 ,,Oxodipina,0,1,89881,F,0,,115700.0,"0,89881,",
O,T37.3X1,T37.3X2,T37.3X3,T37.3X4,T37.3X5,T37.3X6 ,,Oxofenarsina,0,1,89882,F,0,,115701.0,"0,89882,",
O,T48.3X1,T48.3X2,T48.3X3,T48.3X4,T48.3X5,T48.3X6 ,,Oxolamina,0,1,89883,F,0,,115702.0,"0,89883,",
O,T37.8X1,T37.8X2,T37.8X3,T37.8X4,T37.8X5,T37.8X6 ,,"Oxolínico, ácido",0,1,89884,F,0,,115703.0,"0,89884,",
O,T43.3X1,T43.3X2,T43.3X3,T43.3X4,T43.3X5,T43.3X6 ,,Oxomemacina,0,1,89885,F,0,,115704.0,"0,89885,",
O,T44.7X1,T44.7X2,T44.7X3,T44.7X4,T44.7X5,T44.7X6 ,,Oxprenolol,0,1,89886,F,0,,115705.0,"0,89886,",
O,T49.3X1,T49.3X2,T49.3X3,T49.3X4,T49.3X5,T49.3X6 ,,Oxsoraleno,0,1,89887,F,0,,115706.0,"0,89887,",
O,T48.6X1,T48.6X2,T48.6X3,T48.6X4,T48.6X5,T48.6X6 ,,Oxtrifilina,0,1,89888,F,0,,115707.0,"0,89888,",
O,T54.2X1,T54.2X2,T54.2X3,T54.2X4,-,-- ,,"Oxálico, ácido",0,0,89832,F,0,,115651.0,"0,89832,",
O,T41.5X1,T41.5X2,T41.5X3,T41.5X4,T41.5X5,T41.5X6 ,,Oxígeno,0,1,89865,F,0,,115684.0,"0,89865,",
O,T59.891,T59.892,T59.893,T59.894,-,-- ,,Ozono,0,1,89889,F,0,,115708.0,"0,89889,",
O,T49.6X1,T49.6X2,T49.6X3,T49.6X4,T49.6X5,T49.6X6 ,,"Oído, fármaco NCOC",0,1,89769,F,0,,115585.0,"0,89769,",
O,T49.6X1,T49.6X2,T49.6X3,T49.6X4,T49.6X5,T49.6X6 ,,"Oído, preparativos del ",0,1,89770,F,0,,115586.0,"0,89770,",
P,T39.1X1,T39.1X2,T39.1X3,T39.1X4,T39.1X5,T39.1X6 ,,P-acetamidofenol,0,1,89891,F,0,,115710.0,"0,89891,",
P,T49.3X1,T49.3X2,T49.3X3,T49.3X4,T49.3X5,T49.3X6 ,,PABA,0,1,89890,F,0,,115709.0,"0,89890,",
P,T50.6X1,T50.6X2,T50.6X3,T50.6X4,T50.6X5,T50.6X6 ,,PAM (pralidoxima),0,1,89895,F,0,,115714.0,"0,89895,",
P,T37.1X1,T37.1X2,T37.1X3,T37.1X4,T37.1X5,T37.1X6 ,,PAS,0,1,89953,F,0,,115772.0,"0,89953,",
P,T65.891,T65.892,T65.893,T65.894,-,-- ,,PBB (bifenilos polibromados),0,1,89956,F,0,,115775.0,"0,89956,",
P,T65.891,T65.892,T65.893,T65.894,-,-- ,,PCB,0,1,89957,F,0,,115776.0,"0,89957,",
P,,,,,,,,PCP,0,0,89958,F,0,,115777.0,"0,89958,",
P,T50.8X1,T50.8X2,T50.8X3,T50.8X4,T50.8X5,T50.8X6 ,,PSP (fenolsulfonataleína),0,1,90531,F,0,,116357.0,"0,90531,",
P,T45.8X1,T45.8X2,T45.8X3,T45.8X4,T45.8X5,T45.8X6 ,,PVP,0,1,90556,F,0,,116382.0,"0,90556,",
P,T38.3X1,T38.3X2,T38.3X3,T38.3X4,T38.3X5,T38.3X6 ,,PZI,0,1,90557,F,0,,116383.0,"0,90557,",
P,T49.3X1,T49.3X2,T49.3X3,T49.3X4,T49.3X5,T49.3X6 ,,Padimato,0,1,89892,F,0,,115711.0,"0,89892,",
P,T40.2X1,T40.2X2,T40.2X3,T40.2X4,T40.2X5,T40.2X6,,Palfium,0,1,89893,F,0,,115712.0,"0,89893,",
P,T37.2X1,T37.2X2,T37.2X3,T37.2X4,T37.2X5,T37.2X6 ,,Paludrine,0,1,89894,F,0,,115713.0,"0,89894,",
P,T37.2X1,T37.2X2,T37.2X3,T37.2X4,T37.2X5,T37.2X6 ,,Pamaquina (naftoato),0,1,89896,F,0,,115715.0,"0,89896,",
P,T39.1X1,T39.1X2,T39.1X3,T39.1X4,T39.1X5,T39.1X6 ,,Panadol,0,1,89897,F,0,,115716.0,"0,89897,",
P,T47.5X1,T47.5X2,T47.5X3,T47.5X4,T47.5X5,T47.5X6 ,,Pancreatina,0,1,89901,F,0,,115720.0,"0,89901,",
P,T47.5X1,T47.5X2,T47.5X3,T47.5X4,T47.5X5,T47.5X6 ,,Pancrelipasa,0,1,89902,F,0,,115721.0,"0,89902,",
P,,,,,, ,,Pancreático,0,0,89898,F,0,,115717.0,"0,89898,",
P,T48.1X1,T48.1X2,T48.1X3,T48.1X4,T48.1X5,T48.1X6 ,,Pancuronio (bromuro),0,1,89903,F,0,,115722.0,"0,89903,",
P,T45.2X1,T45.2X2,T45.2X3,T45.2X4,T45.2X5,T45.2X6 ,,"Pangámico, ácido",0,1,89904,F,0,,115723.0,"0,89904,",
P,T59.891,T59.892,T59.893,T59.894,-,-- ,,"Pantano, gas",0,1,89905,F,0,,115724.0,"0,89905,",
P,T45.2X1,T45.2X2,T45.2X3,T45.2X4,T45.2X5,T45.2X6 ,,Pantenol,0,0,89906,F,0,,115725.0,"0,89906,",
P,T40.0X1,T40.0X2,T40.0X3,T40.0X4,T40.0X5,T40.0X6 ,,Pantopón,0,1,89908,F,0,,115727.0,"0,89908,",
P,T45.2X1,T45.2X2,T45.2X3,T45.2X4,T45.2X5,T45.2X6 ,,"Pantoténico, ácido",0,1,89909,F,0,,115728.0,"0,89909,",
P,T45.511,T45.512,T45.513,T45.514,T45.515,T45.516 ,,Panwarfina,0,1,89910,F,0,,115729.0,"0,89910,",
P,T40.0X1,T40.0X2,T40.0X3,T40.0X4,T40.0X5,T40.0X6 ,,Papavereto,0,1,89913,F,0,,115732.0,"0,89913,",
P,T44.3X1,T44.3X2,T44.3X3,T44.3X4,T44.3X5,T44.3X6 ,,Papaverina,0,1,89914,F,0,,115733.0,"0,89914,",
P,T47.5X1,T47.5X2,T47.5X3,T47.5X4,T47.5X5,T47.5X6 ,,Papaína,0,0,89911,F,0,,115730.0,"0,89911,",
P,,,,,, ,,Paperas,0,0,89915,F,0,,115734.0,"0,89915,",
P,T39.1X1,T39.1X2,T39.1X3,T39.1X4,T39.1X5,T39.1X6 ,,Para-acetamidofenol,0,1,89919,F,0,,115738.0,"0,89919,",
P,T39.1X1,T39.1X2,T39.1X3,T39.1X4,T39.1X5,T39.1X6 ,,"Para-aminofenol, derivados",0,1,89921,F,0,,115740.0,"0,89921,",
P,T37.1X1,T37.1X2,T37.1X3,T37.1X4,T37.1X5,T37.1X6 ,,"Para-aminosalicílico, ácido",0,1,89922,F,0,,115741.0,"0,89922,",
P,T49.3X1,T49.3X2,T49.3X3,T49.3X4,T49.3X5,T49.3X6 ,,"Paraaminobenzoico, ácido",0,1,89920,F,0,,115739.0,"0,89920,",
P,T42.6X1,T42.6X2,T42.6X3,T42.6X4,T42.6X5,T42.6X6 ,,Paracetaldehído,0,1,89923,F,0,,115742.0,"0,89923,",
P,T39.1X1,T39.1X2,T39.1X3,T39.1X4,T39.1X5,T39.1X6 ,,Paracetamol,0,1,89924,F,0,,115743.0,"0,89924,",
P,T49.0X1,T49.0X2,T49.0X3,T49.0X4,T49.0X5,T49.0X6 ,,Paraclorofenol (alcanforado),0,1,89925,F,0,,115744.0,"0,89925,",
P,T40.2X1,T40.2X2,T40.2X3,T40.2X4,T40.2X5,T40.2X6 ,,Paracodina,0,1,89926,F,0,,115745.0,"0,89926,",
P,T42.2X1,T42.2X2,T42.2X3,T42.2X4,T42.2X5,T42.2X6 ,,Paradione,0,1,89927,F,0,,115746.0,"0,89927,",
P,T52.0X1,T52.0X2,T52.0X3,T52.0X4,-,-- ,,Parafina (-s) (cera),0,0,89928,F,0,,115747.0,"0,89928,",
P,T60.3X1,T60.3X2,T60.3X3,T60.3X4,-,-- ,,Paraformaldehído,0,1,89931,F,0,,115750.0,"0,89931,",
P,T42.6X1,T42.6X2,T42.6X3,T42.6X4,T42.6X5,T42.6X6 ,,Paraldehído,0,1,89932,F,0,,115751.0,"0,89932,",
P,T42.2X1,T42.2X2,T42.2X3,T42.2X4,T42.2X5,T42.2X6 ,,Parametadiona,0,1,89933,F,0,,115752.0,"0,89933,",
P,T38.0X1,T38.0X2,T38.0X3,T38.0X4,T38.0X5,T38.0X6 ,,Parametasona,0,0,89934,F,0,,115753.0,"0,89934,",
P,T60.0X1,T60.0X2,T60.0X3,T60.0X4,-,-- ,,Paraoxón,0,1,89936,F,0,,115755.0,"0,89936,",
P,T60.3X1,T60.3X2,T60.3X3,T60.3X4,-,-- ,,Paraquat,0,1,89937,F,0,,115756.0,"0,89937,",
P,T44.3X1,T44.3X2,T44.3X3,T44.3X4,T44.3X5,T44.3X6 ,,Parasimpaticolítico NCOC,0,1,89938,F,0,,115757.0,"0,89938,",
P,T44.1X1,T44.1X2,T44.1X3,T44.1X4,T44.1X5,T44.1X6 ,,"Parasimpaticomimético, fármaco NCOC",0,1,89939,F,0,,115758.0,"0,89939,",
P,T50.991,T50.992,T50.993,T50.994,T50.995,T50.996 ,,Parathormona,0,1,89940,F,0,,115759.0,"0,89940,",
P,T50.A91,T50.A92,T50.A93,T50.A94,T50.A95,T50.A96 ,,"Paratifoidea, vacuna",0,1,89941,F,0,,115760.0,"0,89941,",
P,T50.991,T50.992,T50.993,T50.994,T50.995,T50.996 ,,"Paratiroides, extracto de",0,1,89943,F,0,,115762.0,"0,89943,",
P,T60.0X1,T60.0X2,T60.0X3,T60.0X4,-,-- ,,Paratión,0,1,89942,F,0,,115761.0,"0,89942,",
P,T44.4X1,T44.4X2,T44.4X3,T44.4X4,T44.4X5,T44.4X6 ,,Paredrina,0,1,89944,F,0,,115763.0,"0,89944,",
P,T40.0X1,T40.0X2,T40.0X3,T40.0X4,T40.0X5,T40.0X6 ,,Paregórico,0,1,89945,F,0,,115764.0,"0,89945,",
P,T46.5X1,T46.5X2,T46.5X3,T46.5X4,T46.5X5,T46.5X6 ,,Pargilina,0,1,89946,F,0,,115765.0,"0,89946,",
P,T43.1X1,T43.1X2,T43.1X3,T43.1X4,T43.1X5,T43.1X6 ,,Parnato,0,1,89949,F,0,,115768.0,"0,89949,",
P,T36.5X1,T36.5X2,T36.5X3,T36.5X4,T36.5X5,T36.5X6 ,,Paromomicina,0,1,89950,F,0,,115769.0,"0,89950,",
P,T45.1X1,T45.1X2,T45.1X3,T45.1X4,T45.1X5,T45.1X6 ,,Paroxipropiona,0,1,89951,F,0,,115770.0,"0,89951,",
P,T40.2X1,T40.2X2,T40.2X3,T40.2X4,T40.2X5,T40.2X6 ,,Parzona,0,1,89952,F,0,,115771.0,"0,89952,",
P,T57.0X1,T57.0X2,T57.0X3,T57.0X4,-,-- ,,"París, verde de",0,0,89947,F,0,,115766.0,"0,89947,",
P,T37.1X1,T37.1X2,T37.1X3,T37.1X4,T37.1X5,T37.1X6 ,,Pasiniazida,0,1,89954,F,0,,115773.0,"0,89954,",
P,T49.6X1,T49.6X2,T49.6X3,T49.6X4,T49.6X5,T49.6X6 ,,Pastillas (garganta),0,1,89955,F,0,,115774.0,"0,89955,",
P,T43.3X1,T43.3X2,T43.3X3,T43.3X4,T43.3X5,T43.3X6 ,,Pecacina,0,1,89963,F,0,,115783.0,"0,89963,",
P,T47.6X1,T47.6X2,T47.6X3,T47.6X4,T47.6X5,T47.6X6 ,,Pectina,0,1,89964,F,0,,115784.0,"0,89964,",
P,T37.8X1,T37.8X2,T37.8X3,T37.8X4,T37.8X5,T37.8X6 ,,Pefloxacino,0,1,89965,F,0,,115785.0,"0,89965,",
P,T50.Z91,T50.Z92,T50.Z93,T50.Z94,T50.Z95,T50.Z96 ,,"Pegademasa, bovina",0,1,89966,F,0,,115786.0,"0,89966,",
P,T52.8X1,T52.8X2,T52.8X3,T52.8X4,-,-- ,,Pegamento NCOC,0,1,89967,F,0,,115787.0,"0,89967,",
P,T37.4X1,T37.4X2,T37.4X3,T37.4X4,T37.4X5,T37.4X6 ,,"Peletierina, tanato de",0,1,89968,F,0,,115788.0,"0,89968,",
P,T48.6X1,T48.6X2,T48.6X3,T48.6X4,T48.6X5,T48.6X6 ,,Pemirolast (potásico),0,1,89969,F,0,,115789.0,"0,89969,",
P,T50.7X1,T50.7X2,T50.7X3,T50.7X4,T50.7X5,T50.7X6 ,,Pemolina,0,1,89970,F,0,,115790.0,"0,89970,",
P,T44.2X1,T44.2X2,T44.2X3,T44.2X4,T44.2X5,T44.2X6 ,,Pempidina,0,1,89971,F,0,,115791.0,"0,89971,",
P,T36.0X1,T36.0X2,T36.0X3,T36.0X4,T36.0X5,T36.0X6 ,,Penamecilina,0,1,89972,F,0,,115792.0,"0,89972,",
P,T44.7X1,T44.7X2,T44.7X3,T44.7X4,T44.7X5,T44.7X6 ,,Penbutolol,0,1,89973,F,0,,115793.0,"0,89973,",
P,T36.0X1,T36.0X2,T36.0X3,T36.0X4,T36.0X5,T36.0X6 ,,Penetamato,0,1,89974,F,0,,115794.0,"0,89974,",
P,T43.591,T43.592,T43.593,T43.594,T43.595,T43.596 ,,Penfluridol,0,1,89975,F,0,,115795.0,"0,89975,",
P,T50.2X1,T50.2X2,T50.2X3,T50.2X4,T50.2X5,T50.2X6 ,,Penflutizida,0,1,89976,F,0,,115796.0,"0,89976,",
P,T46.0X1,T46.0X2,T46.0X3,T46.0X4,T46.0X5,T46.0X6 ,,Pengitoxina,0,1,89977,F,0,,115797.0,"0,89977,",
P,T50.6X1,T50.6X2,T50.6X3,T50.6X4,T50.6X5,T50.6X6 ,,Penicilamina,0,1,89978,F,0,,115798.0,"0,89978,",
P,T36.0X1,T36.0X2,T36.0X3,T36.0X4,T36.0X5,T36.0X6 ,,Penicilina (cualquiera),0,1,89979,F,0,,115799.0,"0,89979,",
P,T45.3X1,T45.3X2,T45.3X3,T45.3X4,T45.3X5,T45.3X6 ,,Penicilinasa,0,1,89980,F,0,,115800.0,"0,89980,",
P,T50.8X1,T50.8X2,T50.8X3,T50.8X4,T50.8X5,T50.8X6 ,,Peniciloil polilisina,0,1,89981,F,0,,115801.0,"0,89981,",
P,T36.4X1,T36.4X2,T36.4X3,T36.4X4,T36.4X5,T36.4X6 ,,Penimepiciclina,0,1,89982,F,0,,115802.0,"0,89982,",
P,T53.6X1,T53.6X2,T53.6X3,T53.6X4,-,-- ,,Pentacloroetano,0,1,89983,F,0,,115803.0,"0,89983,",
P,T60.1X1,T60.1X2,T60.1X3,T60.1X4,-,-,,Pentaclorofenol (plaguicida),0,0,89984,F,0,,115804.0,"0,89984,",
P,T53.7X1,T53.7X2,T53.7X3,T53.7X4,-,-- ,,Pentacloronaftaleno,0,1,89987,F,0,,115808.0,"0,89987,",
P,T46.3X1,T46.3X2,T46.3X3,T46.3X4,T46.3X5,T46.3X6 ,,Pentaeritrita,0,0,89988,F,0,,115809.0,"0,89988,",
P,T46.3X1,T46.3X2,T46.3X3,T46.3X4,T46.3X5,T46.3X6 ,,Pentaeritritilo tetranitrato,0,1,89991,F,0,,115812.0,"0,89991,",
P,T50.8X1,T50.8X2,T50.8X3,T50.8X4,T50.8X5,T50.8X6 ,,Pentagastrina,0,1,89993,F,0,,115814.0,"0,89993,",
P,T53.6X1,T53.6X2,T53.6X3,T53.6X4,-,-- ,,Pentalin,0,1,89994,F,0,,115815.0,"0,89994,",
P,T44.2X1,T44.2X2,T44.2X3,T44.2X4,T44.2X5,T44.2X6 ,,"Pentametonio, bromuro de",0,1,89995,F,0,,115816.0,"0,89995,",
P,T37.3X1,T37.3X2,T37.3X3,T37.3X4,T37.3X5,T37.3X6 ,,Pentamidina,0,1,89996,F,0,,115817.0,"0,89996,",
P,T51.3X1,T51.3X2,T51.3X3,T51.3X4,-,-- ,,Pentanol,0,1,89997,F,0,,115818.0,"0,89997,",
P,T44.2X1,T44.2X2,T44.2X3,T44.2X4,T44.2X5,T44.2X6 ,,Pentapirrolinio (bitartrato),0,1,89998,F,0,,115819.0,"0,89998,",
P,T37.2X1,T37.2X2,T37.2X3,T37.2X4,T37.2X5,T37.2X6 ,,Pentaquina,0,1,89999,F,0,,115820.0,"0,89999,",
P,T40.491,T40.492,T40.493,T40.494,T40.495,T40.496,,Pentazocina,0,1,90000,F,0,,115821.0,"0,90000,",
P,T50.7X1,T50.7X2,T50.7X3,T50.7X4,T50.7X5,T50.7X6 ,,Pentetrazol,0,1,90001,F,0,,115822.0,"0,90001,",
P,T44.3X1,T44.3X2,T44.3X3,T44.3X4,T44.3X5,T44.3X6 ,,"Pentienato, bromuro de",0,1,90002,F,0,,115823.0,"0,90002,",
P,T46.7X1,T46.7X2,T46.7X3,T46.7X4,T46.7X5,T46.7X6 ,,Pentifilina,0,1,90003,F,0,,115824.0,"0,90003,",
P,T50.7X1,T50.7X2,T50.7X3,T50.7X4,T50.7X5,T50.7X6 ,,Pentilentetrazol,0,1,90004,F,0,,115825.0,"0,90004,",
P,T37.1X1,T37.1X2,T37.1X3,T37.1X4,T37.1X5,T37.1X6 ,,Pentilsalicilamida,0,1,90005,F,0,,115826.0,"0,90005,",
P,T42.3X1,T42.3X2,T42.3X3,T42.3X4,T42.3X5,T42.3X6 ,,Pentimal,0,1,90006,F,0,,115827.0,"0,90006,",
P,T42.3X1,T42.3X2,T42.3X3,T42.3X4,T42.3X5,T42.3X6 ,,Pentobarbital,0,0,90007,F,0,,115828.0,"0,90007,",
P,T44.2X1,T44.2X2,T44.2X3,T44.2X4,T44.2X5,T44.2X6 ,,"Pentolonio, tartrato de",0,1,90010,F,0,,115831.0,"0,90010,",
P,T45.1X1,T45.1X2,T45.1X3,T45.1X4,T45.1X5,T45.1X6 ,,Pentostatina,0,1,90011,F,0,,115832.0,"0,90011,",
P,T41.1X1,T41.1X2,T41.1X3,T41.1X4,T41.1X5,T41.1X6 ,,Pentotal,0,1,90012,F,0,,115833.0,"0,90012,",
P,T46.7X1,T46.7X2,T46.7X3,T46.7X4,T46.7X5,T46.7X6 ,,Pentoxifilina,0,1,90013,F,0,,115834.0,"0,90013,",
P,T48.3X1,T48.3X2,T48.3X3,T48.3X4,T48.3X5,T48.3X6 ,,Pentoxiverina,0,1,90014,F,0,,115835.0,"0,90014,",
P,T46.3X1,T46.3X2,T46.3X3,T46.3X4,T46.3X5,T46.3X6 ,,Pentrinato,0,1,90015,F,0,,115836.0,"0,90015,",
P,T45.1X1,T45.1X2,T45.1X3,T45.1X4,T45.1X5,T45.1X6 ,,Peplomicina,0,1,90016,F,0,,115837.0,"0,90016,",
P,T47.5X1,T47.5X2,T47.5X3,T47.5X4,T47.5X5,T47.5X6 ,,Pepsina,0,0,90017,F,0,,115838.0,"0,90017,",
P,T47.1X1,T47.1X2,T47.1X3,T47.1X4,T47.1X5,T47.1X6 ,,Pepstatina,0,1,90019,F,0,,115840.0,"0,90019,",
P,T50.8X1,T50.8X2,T50.8X3,T50.8X4,T50.8X5,T50.8X6 ,,Peptavlon,0,1,90020,F,0,,115841.0,"0,90020,",
P,T43.3X1,T43.3X2,T43.3X3,T43.3X4,T43.3X5,T43.3X6 ,,Peracina,0,1,90021,F,0,,115842.0,"0,90021,",
P,T41.3X1,T41.3X2,T41.3X3,T41.3X4,T41.3X5,T41.3X6 ,,Percaína (espinal),0,0,90022,F,0,,115843.0,"0,90022,",
P,T53.3X1,T53.3X2,T53.3X3,T53.3X4,-,-- ,,Percloroetileno,0,0,90024,F,0,,115845.0,"0,90024,",
P,T40.2X1,T40.2X2,T40.2X3,T40.2X4,T40.2X5,T40.2X6 ,,Percodan,0,1,90027,F,0,,115848.0,"0,90027,",
P,T45.0X1,T45.0X2,T45.0X3,T45.0X4,T45.0X5,T45.0X6,,Percogésico - véase además Acetaminofeno,0,1,90028,F,0,,115849.0,"0,90028,",
P,T38.0X1,T38.0X2,T38.0X3,T38.0X4,T38.0X5,T38.0X6 ,,Percortén,0,1,90029,F,0,,115850.0,"0,90029,",
P,T62.2X1,T62.2X2,T62.2X3,T62.2X4,-,-- ,,Perejil loco,0,1,90030,F,0,,115851.0,"0,90030,",
P,T43.3X1,T43.3X2,T43.3X3,T43.3X4,T43.3X5,T43.3X6 ,,Perfenacina,0,1,90031,F,0,,115852.0,"0,90031,",
P,T42.8X1,T42.8X2,T42.8X3,T42.8X4,T42.8X5,T42.8X6 ,,Pergolida,0,1,90032,F,0,,115853.0,"0,90032,",
P,T38.811,T38.812,T38.813,T38.814,T38.815,T38.816 ,,Pergonal,0,1,90033,F,0,,115854.0,"0,90033,",
P,T46.3X1,T46.3X2,T46.3X3,T46.3X4,T46.3X5,T46.3X6 ,,Perhexilene,0,1,90034,F,0,,115855.0,"0,90034,",
P,T46.3X1,T46.3X2,T46.3X3,T46.3X4,T46.3X5,T46.3X6 ,,Perhexilina (maleato),0,1,90035,F,0,,115856.0,"0,90035,",
P,T45.0X1,T45.0X2,T45.0X3,T45.0X4,T45.0X5,T45.0X6 ,,Periactina,0,1,90036,F,0,,115857.0,"0,90036,",
P,T43.3X1,T43.3X2,T43.3X3,T43.3X4,T43.3X5,T43.3X6 ,,Periciacina,0,1,90037,F,0,,115858.0,"0,90037,",
P,T42.6X1,T42.6X2,T42.6X3,T42.6X4,T42.6X5,T42.6X6 ,,Periclor,0,1,90038,F,0,,115859.0,"0,90038,",
P,T46.4X1,T46.4X2,T46.4X3,T46.4X4,T46.4X5,T46.4X6 ,,Perindopril,0,1,90039,F,0,,115860.0,"0,90039,",
P,T39.8X1,T39.8X2,T39.8X3,T39.8X4,T39.8X5,T39.8X6 ,,Perisoxal,0,1,90040,F,0,,115861.0,"0,90040,",
P,T50.3X1,T50.3X2,T50.3X3,T50.3X4,T50.3X5,T50.3X6 ,,"Peritoneal, solución para diálisis ",0,1,90041,F,0,,115862.0,"0,90041,",
P,T46.3X1,T46.3X2,T46.3X3,T46.3X4,T46.3X5,T46.3X6 ,,Peritrato,0,1,90042,F,0,,115863.0,"0,90042,",
P,T42.4X1,T42.4X2,T42.4X3,T42.4X4,T42.4X5,T42.4X6 ,,Perlapine,0,1,90043,F,0,,115864.0,"0,90043,",
P,T65.891,T65.892,T65.893,T65.894,-,-- ,,Permanganato,0,1,90044,F,0,,115865.0,"0,90044,",
P,T60.1X1,T60.1X2,T60.1X3,T60.1X4,-,-- ,,Permetrina,0,1,90045,F,0,,115866.0,"0,90045,",
P,T42.3X1,T42.3X2,T42.3X3,T42.3X4,T42.3X5,T42.3X6 ,,Pernocton,0,1,90046,F,0,,115867.0,"0,90046,",
P,T42.3X1,T42.3X2,T42.3X3,T42.3X4,T42.3X5,T42.3X6 ,,Pernostón,0,1,90047,F,0,,115868.0,"0,90047,",
P,T40.2X1,T40.2X2,T40.2X3,T40.2X4,T40.2X5,T40.2X6 ,,Peronin (-a),0,1,90048,F,0,,115869.0,"0,90048,",
P,T43.011,T43.012,T43.013,T43.014,T43.015,T43.016 ,,Pertofrano,0,1,90049,F,0,,115870.0,"0,90049,",
P,,,,,, ,,Pertussis,0,0,90050,F,0,,115871.0,"0,90050,",
P,T49.0X1,T49.0X2,T49.0X3,T49.0X4,T49.0X5,T49.0X6 ,,"Peruano, bálsamo",0,1,90054,F,0,,115875.0,"0,90054,",
P,T46.0X1,T46.0X2,T46.0X3,T46.0X4,T46.0X5,T46.0X6 ,,Peruvoside,0,1,90055,F,0,,115876.0,"0,90055,",
P,T61.91,T61.92,T61.93,T61.94,-,-,,"Pescado, nocivo, no bacteriano",0,0,90056,F,0,,115877.0,"0,90056,",
P,T50.A91,T50.A92,T50.A93,T50.A94,T50.A95,T50.A96 ,,"Peste, vacuna contra",0,1,90060,F,0,,115882.0,"0,90060,",
P,T40.491,T40.492,T40.493,T40.494,T40.495,T40.496,,Petidina,0,1,90061,F,0,,115883.0,"0,90061,",
P,T42.6X1,T42.6X2,T42.6X3,T42.6X4,T42.6X5,T42.6X6 ,,Petricloral,0,1,90062,F,0,,115884.0,"0,90062,",
P,T52.0X1,T52.0X2,T52.0X3,T52.0X4,-,-- ,,Petrol,0,0,90063,F,0,,115885.0,"0,90063,",
P,T49.3X1,T49.3X2,T49.3X3,T49.3X4,T49.3X5,T49.3X6 ,,Petrolato,0,0,90065,F,0,,115887.0,"0,90065,",
P,T52.0X1,T52.0X2,T52.0X3,T52.0X4,-,-- ,,Petróleo (productos) NCOC,0,0,90072,F,0,,115894.0,"0,90072,",
P,T40.991,T40.992,T40.993,T40.994,,,,Peyote,0,1,90081,F,0,,115903.0,"0,90081,",
P,T65.891,T65.892,T65.893,T65.894,-,-- ,,Pez,0,1,90082,F,0,,115904.0,"0,90082,",
P,T62.2X1,T62.2X2,T62.2X3,T62.2X4,-,-- ,,Physostigma venenosum,0,1,90084,F,0,,115906.0,"0,90084,",
P,T62.2X1,T62.2X2,T62.2X3,T62.2X4,-,-- ,,Phytolacca decandra,0,0,90085,F,0,,115907.0,"0,90085,",
P,T49.0X1,T49.0X2,T49.0X3,T49.0X4,T49.0X5,T49.0X6 ,,Picetoprofeno,0,1,90087,F,0,,115909.0,"0,90087,",
P,T48.3X1,T48.3X2,T48.3X3,T48.3X4,T48.3X5,T48.3X6 ,,Picoperina,0,1,90088,F,0,,115910.0,"0,90088,",
P,T47.2X1,T47.2X2,T47.2X3,T47.2X4,T47.2X5,T47.2X6 ,,Picosulfato (sodio),0,1,90089,F,0,,115911.0,"0,90089,",
P,T50.7X1,T50.7X2,T50.7X3,T50.7X4,T50.7X5,T50.7X6 ,,Picrotoxina,0,1,90091,F,0,,115913.0,"0,90091,",
P,,,,,, ,,Piel,0,0,90092,F,0,,115914.0,"0,90092,",
P,T44.1X1,T44.1X2,T44.1X3,T44.1X4,T44.1X5,T44.1X6 ,,Pilocarpina,0,1,90096,F,0,,115918.0,"0,90096,",
P,T44.1X1,T44.1X2,T44.1X3,T44.1X4,T44.1X5,T44.1X6 ,,"Pilocarpus (jaborandi), extracto de",0,1,90097,F,0,,115919.0,"0,90097,",
P,T46.2X1,T46.2X2,T46.2X3,T46.2X4,T46.2X5,T46.2X6 ,,Pilsicainida (clorhidrato),0,1,90098,F,0,,115920.0,"0,90098,",
P,T36.7X1,T36.7X2,T36.7X3,T36.7X4,T36.7X5,T36.7X6 ,,Pimaricina,0,1,90099,F,0,,115921.0,"0,90099,",
P,T50.7X1,T50.7X2,T50.7X3,T50.7X4,T50.7X5,T50.7X6 ,,Pimeclona,0,1,90100,F,0,,115922.0,"0,90100,",
P,T45.0X1,T45.0X2,T45.0X3,T45.0X4,T45.0X5,T45.0X6 ,,Pimetixeno,0,1,90102,F,0,,115924.0,"0,90102,",
P,T40.2X1,T40.2X2,T40.2X3,T40.2X4,T40.2X5,T40.2X6 ,,Piminodina,0,1,90103,F,0,,115925.0,"0,90103,",
P,T43.591,T43.592,T43.593,T43.594,T43.595,T43.596 ,,Pimozida,0,1,90104,F,0,,115926.0,"0,90104,",
P,T52.8X1,T52.8X2,T52.8X3,T52.8X4,-,-- ,,"Pimélico, cetona",0,1,90101,F,0,,115923.0,"0,90101,",
P,T46.5X1,T46.5X2,T46.5X3,T46.5X4,T46.5X5,T46.5X6 ,,Pinacidil,0,1,90105,F,0,,115927.0,"0,90105,",
P,T44.3X1,T44.3X2,T44.3X3,T44.3X4,T44.3X5,T44.3X6 ,,"Pinaverio, bromuro de",0,1,90106,F,0,,115928.0,"0,90106,",
P,T42.4X1,T42.4X2,T42.4X3,T42.4X4,T42.4X5,T42.4X6 ,,Pinazepam,0,1,90107,F,0,,115929.0,"0,90107,",
P,T44.7X1,T44.7X2,T44.7X3,T44.7X4,T44.7X5,T44.7X6 ,,Pindolol,0,1,90108,F,0,,115930.0,"0,90108,",
P,T60.4X1,T60.4X2,T60.4X3,T60.4X4,-,-- ,,Pindona,0,1,90109,F,0,,115931.0,"0,90109,",
P,T37.4X1,T37.4X2,T37.4X3,T37.4X4,T37.4X5,T37.4X6 ,,Pinkroot,0,1,90110,F,0,,115932.0,"0,90110,",
P,T65.891,T65.892,T65.893,T65.894,-,-- ,,"Pino, aceite de (desinfectante)",0,1,90111,F,0,,115933.0,"0,90111,",
P,T65.6X1,T65.6X2,T65.6X3,T65.6X4,-,-- ,,Pintura NCOC,0,0,90112,F,0,,115934.0,"0,90112,",
P,T40.2X1,T40.2X2,T40.2X3,T40.2X4,T40.2X5,T40.2X6 ,,Pipadona,0,1,90118,F,0,,115940.0,"0,90118,",
P,T45.0X1,T45.0X2,T45.0X3,T45.0X4,T45.0X5,T45.0X6 ,,Pipamacina,0,1,90119,F,0,,115941.0,"0,90119,",
P,T43.4X1,T43.4X2,T43.4X3,T43.4X4,T43.4X5,T43.4X6 ,,Pipamperona,0,1,90120,F,0,,115942.0,"0,90120,",
P,T48.3X1,T48.3X2,T48.3X3,T48.3X4,T48.3X5,T48.3X6 ,,Pipazetato,0,1,90121,F,0,,115943.0,"0,90121,",
P,T37.8X1,T37.8X2,T37.8X3,T37.8X4,T37.8X5,T37.8X6 ,,"Pipemídico, ácido",0,1,90122,F,0,,115944.0,"0,90122,",
P,T44.3X1,T44.3X2,T44.3X3,T44.3X4,T44.3X5,T44.3X6 ,,"Pipenzolato, bromuro de",0,1,90123,F,0,,115945.0,"0,90123,",
P,T62.2X1,T62.2X2,T62.2X3,T62.2X4,-,-- ,,Piper cubeba,0,1,90124,F,0,,115946.0,"0,90124,",
P,T43.3X1,T43.3X2,T43.3X3,T43.3X4,T43.3X5,T43.3X6 ,,Piperacetacina,0,1,90125,F,0,,115947.0,"0,90125,",
P,T36.0X1,T36.0X2,T36.0X3,T36.0X4,T36.0X5,T36.0X6 ,,Piperacilina,0,1,90126,F,0,,115948.0,"0,90126,",
P,T37.4X1,T37.4X2,T37.4X3,T37.4X4,T37.4X5,T37.4X6 ,,Piperacina,0,0,90127,F,0,,115949.0,"0,90127,",
P,T48.3X1,T48.3X2,T48.3X3,T48.3X4,T48.3X5,T48.3X6 ,,Piperidiona,0,1,90129,F,0,,115951.0,"0,90129,",
P,T44.3X1,T44.3X2,T44.3X3,T44.3X4,T44.3X5,T44.3X6 ,,Piperidolato,0,1,90130,F,0,,115952.0,"0,90130,",
P,T41.3X1,T41.3X2,T41.3X3,T41.3X4,T41.3X5,T41.3X6 ,,Piperocaína,0,0,90131,F,0,,115953.0,"0,90131,",
P,T60.8X1,T60.8X2,T60.8X3,T60.8X4,-,-- ,,"Piperonilo, butóxido de ",0,1,90135,F,0,,115957.0,"0,90135,",
P,T44.3X1,T44.3X2,T44.3X3,T44.3X4,T44.3X5,T44.3X6 ,,Pipetanato,0,1,90136,F,0,,115958.0,"0,90136,",
P,T45.1X1,T45.1X2,T45.1X3,T45.1X4,T45.1X5,T45.1X6 ,,Pipobromano,0,1,90137,F,0,,115959.0,"0,90137,",
P,T43.3X1,T43.3X2,T43.3X3,T43.3X4,T43.3X5,T43.3X6 ,,Pipotiacina,0,1,90138,F,0,,115960.0,"0,90138,",
P,T45.0X1,T45.0X2,T45.0X3,T45.0X4,T45.0X5,T45.0X6 ,,Pipoxicina,0,1,90139,F,0,,115961.0,"0,90139,",
P,T43.691,T43.692,T43.693,T43.694,T43.695,T43.696 ,,Pipradrol,0,1,90140,F,0,,115962.0,"0,90140,",
P,T45.0X1,T45.0X2,T45.0X3,T45.0X4,T45.0X5,T45.0X6 ,,Piprinhidrinato,0,1,90141,F,0,,115963.0,"0,90141,",
P,T39.8X1,T39.8X2,T39.8X3,T39.8X4,T39.8X5,T39.8X6 ,,Pirabital,0,1,90142,F,0,,115964.0,"0,90142,",
P,T39.2X1,T39.2X2,T39.2X3,T39.2X4,T39.2X5,T39.2X6 ,,Piramidón,0,1,90143,F,0,,115965.0,"0,90143,",
P,T37.4X1,T37.4X2,T37.4X3,T37.4X4,T37.4X5,T37.4X6 ,,Pirantel,0,1,90144,F,0,,115966.0,"0,90144,",
P,T45.1X1,T45.1X2,T45.1X3,T45.1X4,T45.1X5,T45.1X6 ,,Pirarubicina,0,1,90145,F,0,,115967.0,"0,90145,",
P,T45.0X1,T45.0X2,T45.0X3,T45.0X4,T45.0X5,T45.0X6 ,,Piratiacina,0,1,90146,F,0,,115968.0,"0,90146,",
P,T37.1X1,T37.1X2,T37.1X3,T37.1X4,T37.1X5,T37.1X6 ,,Pirazinamida,0,1,90148,F,0,,115970.0,"0,90148,",
P,T37.1X1,T37.1X2,T37.1X3,T37.1X4,T37.1X5,T37.1X6 ,,"Pirazinoico, ácido (amida)",0,1,90149,F,0,,115971.0,"0,90149,",
P,T39.2X1,T39.2X2,T39.2X3,T39.2X4,T39.2X5,T39.2X6 ,,Pirazol (derivados),0,1,90150,F,0,,115972.0,"0,90150,",
P,T39.2X1,T39.2X2,T39.2X3,T39.2X4,T39.2X5,T39.2X6 ,,"Pirazolona, analgésico NCOC",0,1,90151,F,0,,115973.0,"0,90151,",
P,T48.6X1,T48.6X2,T48.6X3,T48.6X4,T48.6X5,T48.6X6 ,,Pirbuterol,0,1,90152,F,0,,115974.0,"0,90152,",
P,T47.1X1,T47.1X2,T47.1X3,T47.1X4,T47.1X5,T47.1X6 ,,Pirenzepina,0,1,90153,F,0,,115975.0,"0,90153,",
P,T50.1X1,T50.1X2,T50.1X3,T50.1X4,T50.1X5,T50.1X6 ,,Piretanida,0,1,90154,F,0,,115976.0,"0,90154,",
P,T60.2X1,T60.2X2,T60.2X3,T60.2X4,-,-- ,,"Piretrina, piretro (no medicinal)",0,1,90155,F,0,,115977.0,"0,90155,",
P,T49.0X1,T49.0X2,T49.0X3,T49.0X4,T49.0X5,T49.0X6 ,,"Piretro, extracto de ",0,1,90156,F,0,,115978.0,"0,90156,",
P,T42.8X1,T42.8X2,T42.8X3,T42.8X4,T42.8X5,T42.8X6 ,,Piribedil,0,1,90157,F,0,,115979.0,"0,90157,",
P,T45.0X1,T45.0X2,T45.0X3,T45.0X4,T45.0X5,T45.0X6 ,,Piribenzamina,0,1,90158,F,0,,115980.0,"0,90158,",
P,T52.8X1,T52.8X2,T52.8X3,T52.8X4,-,-- ,,Piridina,0,0,90159,F,0,,115981.0,"0,90159,",
P,T39.8X1,T39.8X2,T39.8X3,T39.8X4,T39.8X5,T39.8X6,,Piridium,0,1,90163,F,0,,115985.0,"0,90163,",
P,T44.0X1,T44.0X2,T44.0X3,T44.0X4,T44.0X5,T44.0X6 ,,"Piridostigmina, bromuro de ",0,1,90164,F,0,,115986.0,"0,90164,",
P,T45.2X1,T45.2X2,T45.2X3,T45.2X4,T45.2X5,T45.2X6 ,,Piridoxal fosfato,0,1,90165,F,0,,115987.0,"0,90165,",
P,T46.3X1,T46.3X2,T46.3X3,T46.3X4,T46.3X5,T46.3X6 ,,Piridoxilato,0,1,90166,F,0,,115988.0,"0,90166,",
P,T45.2X1,T45.2X2,T45.2X3,T45.2X4,T45.2X5,T45.2X6 ,,Piridoxina,0,1,90167,F,0,,115989.0,"0,90167,",
P,T45.0X1,T45.0X2,T45.0X3,T45.0X4,T45.0X5,T45.0X6 ,,Pirilamina,0,1,90168,F,0,,115990.0,"0,90168,",
P,T37.2X1,T37.2X2,T37.2X3,T37.2X4,T37.2X5,T37.2X6 ,,Pirimetamina,0,0,90169,F,0,,115991.0,"0,90169,",
P,T45.1X1,T45.1X2,T45.1X3,T45.1X4,T45.1X5,T45.1X6 ,,"Pirimidina, antagonista",0,1,90171,F,0,,115993.0,"0,90171,",
P,T60.4X1,T60.4X2,T60.4X3,T60.4X4,-,-- ,,Piriminil,0,1,90172,F,0,,115994.0,"0,90172,",
P,T42.6X1,T42.6X2,T42.6X3,T42.6X4,T42.6X5,T42.6X6 ,,Piritildiona,0,1,90173,F,0,,115995.0,"0,90173,",
P,T49.4X1,T49.4X2,T49.4X3,T49.4X4,T49.4X5,T49.4X6 ,,Piritiona de cinc,0,1,90174,F,0,,115996.0,"0,90174,",
P,T40.491,T40.492,T40.493,T40.494,,,,Piritramida,0,1,90175,F,0,,115997.0,"0,90175,",
P,T49.0X1,T49.0X2,T49.0X3,T49.0X4,T49.0X5,T49.0X6 ,,Pirogalol,0,1,90177,F,0,,115999.0,"0,90177,",
P,T49.0X1,T49.0X2,T49.0X3,T49.0X4,T49.0X5,T49.0X6 ,,"Pirogálico, ácido",0,1,90176,F,0,,115998.0,"0,90176,",
P,T37.8X1,T37.8X2,T37.8X3,T37.8X4,T37.8X5,T37.8X6 ,,"Piromidico, ácido ",0,1,90178,F,0,,116000.0,"0,90178,",
P,T39.391,T39.392,T39.393,T39.394,T39.395,T39.396 ,,Piroxicam,0,0,90179,F,0,,116001.0,"0,90179,",
P,T49.3X1,T49.3X2,T49.3X3,T49.3X4,T49.3X5,T49.3X6 ,,Piroxilina,0,1,90181,F,0,,116003.0,"0,90181,",
P,T46.6X1,T46.6X2,T46.6X3,T46.6X4,T46.6X5,T46.6X6 ,,Pirozadil,0,1,90182,F,0,,116004.0,"0,90182,",
P,T45.0X1,T45.0X2,T45.0X3,T45.0X4,T45.0X5,T45.0X6 ,,Pirrobutamina,0,1,90183,F,0,,116005.0,"0,90183,",
P,T62.8X1,T62.8X2,T62.8X3,T62.8X4,-,-- ,,"Pirrolizidina, alcaloide",0,1,90184,F,0,,116006.0,"0,90184,",
P,T37.4X1,T37.4X2,T37.4X3,T37.4X4,T37.4X5,T37.4X6 ,,"Pirvinio, cloruro",0,1,90185,F,0,,116007.0,"0,90185,",
P,T39.8X1,T39.8X2,T39.8X3,T39.8X4,T39.8X5,T39.8X6 ,,Piscidia (corteza) (eritrina),0,1,90186,F,0,,116008.0,"0,90186,",
P,T41.3X1,T41.3X2,T41.3X3,T41.3X4,T41.3X5,T41.3X6 ,,"Pitkin, solución de ",0,1,90187,F,0,,116009.0,"0,90187,",
P,T48.0X1,T48.0X2,T48.0X3,T48.0X4,T48.0X5,T48.0X6 ,,Pitocina,0,1,90188,F,0,,116010.0,"0,90188,",
P,T38.891,T38.892,T38.893,T38.894,T38.895,T38.896 ,,Pitresina (tanato),0,1,90189,F,0,,116011.0,"0,90189,",
P,T38.811,T38.812,T38.813,T38.814,T38.815,T38.816 ,,"Pituitaria anterior NCOC, hormona de la",0,1,90190,F,0,,116012.0,"0,90190,",
P,T38.891,T38.892,T38.893,T38.894,T38.895,T38.896 ,,"Pituitaria posterior, hormona de la NCOC",0,1,90191,F,0,,116013.0,"0,90191,",
P,T38.891,T38.892,T38.893,T38.894,T38.895,T38.896 ,,"Pituitaria, extractos de la glándula (posterior)",0,0,90192,F,0,,116014.0,"0,90192,",
P,T38.891,T38.892,T38.893,T38.894,T38.895,T38.896 ,,Pituitrina,0,1,90194,F,0,,116016.0,"0,90194,",
P,T36.0X1,T36.0X2,T36.0X3,T36.0X4,T36.0X5,T36.0X6 ,,Pivampicilina,0,1,90195,F,0,,116017.0,"0,90195,",
P,T36.0X1,T36.0X2,T36.0X3,T36.0X4,T36.0X5,T36.0X6 ,,Pivmecilina,0,1,90196,F,0,,116018.0,"0,90196,",
P,T42.6X1,T42.6X2,T42.6X3,T42.6X4,T42.6X5,T42.6X6 ,,Placidil,0,1,90197,F,0,,116019.0,"0,90197,",
P,T60.91,T60.92,T60.93,T60.94,-,-- ,,Plaguicida (polvo) (humo) (emanaciones) NCOC,0,0,90198,F,0,,116020.0,"0,90198,",
P,,,,,, ,,Planta,0,0,90210,F,0,,116033.0,"0,90210,",
P,T45.8X1,T45.8X2,T45.8X3,T45.8X4,T45.8X5,T45.8X6 ,,Plasma,0,0,90217,F,0,,116040.0,"0,90217,",
P,T45.8X1,T45.8X2,T45.8X3,T45.8X4,T45.8X5,T45.8X6 ,,Plasmanato,0,1,90220,F,0,,116043.0,"0,90220,",
P,T45.611,T45.612,T45.613,T45.614,T45.615,T45.616 ,,Plasminógeno (tejido) activador,0,1,90221,F,0,,116044.0,"0,90221,",
P,T49.0X1,T49.0X2,T49.0X3,T49.0X4,T49.0X5,T49.0X6 ,,Plata,0,0,90223,F,0,,116046.0,"0,90223,",
P,T43.3X1,T43.3X2,T43.3X3,T43.3X4,T43.3X5,T43.3X6 ,,Plegicil,0,1,90234,F,0,,116057.0,"0,90234,",
P,T45.1X1,T45.1X2,T45.1X3,T45.1X4,T45.1X5,T45.1X6 ,,Plicamicina,0,1,90235,F,0,,116058.0,"0,90235,",
P,T56.0X1,T56.0X2,T56.0X3,T56.0X4,-,-- ,,Plomo (polvo) (humos) (emanaciones) NCOC,0,0,90236,F,0,,116059.0,"0,90236,",
P,T49.3X1,T49.3X2,T49.3X3,T49.3X4,T49.3X5,T49.3X6 ,,"Plástico, vendaje",0,1,90222,F,0,,116045.0,"0,90222,",
P,T49.8X1,T49.8X2,T49.8X3,T49.8X4,T49.8X5,T49.8X6 ,,Podofilotoxina,0,1,90259,F,0,,116083.0,"0,90259,",
P,T49.4X1,T49.4X2,T49.4X3,T49.4X4,T49.4X5,T49.4X6 ,,Podophyllum (resina),0,1,90260,F,0,,116084.0,"0,90260,",
P,T62.2X1,T62.2X2,T62.2X3,T62.2X4,-,-- ,,Pokeweed (cualquier parte),0,1,90261,F,0,,116085.0,"0,90261,",
P,T65.891,T65.892,T65.893,T65.894,-,-- ,,Polaco (coche) (suelo) (mueble) (metal) (porcelana) (plata),0,0,90262,F,0,,116086.0,"0,90262,",
P,T44.3X1,T44.3X2,T44.3X3,T44.3X4,T44.3X5,T44.3X6 ,,"Poldina, metilsulfato",0,1,90265,F,0,,116089.0,"0,90265,",
P,T50.3X1,T50.3X2,T50.3X3,T50.3X4,T50.3X5,T50.3X6 ,,"Poliaminostirene, resinas de",0,1,90266,F,0,,116090.0,"0,90266,",
P,T47.4X1,T47.4X2,T47.4X3,T47.4X4,T47.4X5,T47.4X6 ,,Policarbófilo,0,1,90267,F,0,,116091.0,"0,90267,",
P,T36.4X1,T36.4X2,T36.4X3,T36.4X4,T36.4X5,T36.4X6 ,,Policiclina,0,1,90268,F,0,,116092.0,"0,90268,",
P,T46.6X1,T46.6X2,T46.6X3,T46.6X4,T46.6X5,T46.6X6 ,,Polidexida (sulfato),0,1,90269,F,0,,116093.0,"0,90269,",
P,T46.8X1,T46.8X2,T46.8X3,T46.8X4,T46.8X5,T46.8X6 ,,Polidocanol,0,1,90270,F,0,,116094.0,"0,90270,",
P,T38.5X1,T38.5X2,T38.5X3,T38.5X4,T38.5X5,T38.5X6 ,,"Poliestradiol, fosfato de",0,1,90274,F,0,,116098.0,"0,90274,",
P,T49.2X1,T49.2X2,T49.2X3,T49.2X4,T49.2X5,T49.2X6 ,,"Polietanolamina, sulfato alquilo de",0,1,90275,F,0,,116099.0,"0,90275,",
P,T49.3X1,T49.3X2,T49.3X3,T49.3X4,T49.3X5,T49.3X6 ,,"Polietileno, adhesivo de",0,1,90276,F,0,,116100.0,"0,90276,",
P,T45.4X1,T45.4X2,T45.4X3,T45.4X4,T45.4X5,T45.4X6 ,,Poliferoso,0,1,90277,F,0,,116101.0,"0,90277,",
P,T45.8X1,T45.8X2,T45.8X3,T45.8X4,T45.8X5,T45.8X6 ,,Poligelina,0,1,90278,F,0,,116102.0,"0,90278,",
P,T60.2X1,T60.2X2,T60.2X3,T60.2X4,-,--,,"Polilla, bolas de - véase además Plaguicida",0,0,90279,F,0,,116103.0,"0,90279,",
P,T36.8X1,T36.8X2,T36.8X3,T36.8X4,T36.8X5,T36.8X6 ,,Polimixina,0,0,90282,F,0,,116106.0,"0,90282,",
P,T49.0X1,T49.0X2,T49.0X3,T49.0X4,T49.0X5,T49.0X6 ,,Polinoxilina,0,1,90288,F,0,,116112.0,"0,90288,",
P,T38.5X1,T38.5X2,T38.5X3,T38.5X4,T38.5X5,T38.5X6 ,,"Polioestradiol, fosfato de",0,1,90289,F,0,,116113.0,"0,90289,",
P,T50.B91,T50.B92,T50.B93,T50.B94,T50.B95,T50.B96 ,,"Poliomielitis, vacuna",0,1,90290,F,0,,116114.0,"0,90290,",
P,T49.0X1,T49.0X2,T49.0X3,T49.0X4,T49.0X5,T49.0X6 ,,Polioximetileneurea,0,1,90291,F,0,,116115.0,"0,90291,",
P,T47.8X1,T47.8X2,T47.8X3,T47.8X4,T47.8X5,T47.8X6 ,,Polisilano,0,1,90292,F,0,,116116.0,"0,90292,",
P,T45.511,T45.512,T45.513,T45.514,T45.515,T45.516 ,,Polisulfato pentosán (sodio),0,1,90293,F,0,,116117.0,"0,90293,",
P,T59.891,T59.892,T59.893,T59.894,-,-- ,,Politetrafluoroetileno (inhalado),0,1,90295,F,0,,116119.0,"0,90295,",
P,T50.2X1,T50.2X2,T50.2X3,T50.2X4,T50.2X5,T50.2X6 ,,Politiazida,0,1,90296,F,0,,116120.0,"0,90296,",
P,T45.8X1,T45.8X2,T45.8X3,T45.8X4,T45.8X5,T45.8X6 ,,Polividona,0,1,90297,F,0,,116121.0,"0,90297,",
P,T45.8X1,T45.8X2,T45.8X3,T45.8X4,T45.8X5,T45.8X6 ,,Polivinilpirrolidona,0,1,90298,F,0,,116122.0,"0,90298,",
P,T52.91,T52.92,T52.93,T52.94,-,-- ,,"Poliéster, endurecedor de resina de ",0,0,90271,F,0,,116095.0,"0,90271,",
P,T59.891,T59.892,T59.893,T59.894,-,-- ,,"Poliéster, humo de",0,1,90273,F,0,,116097.0,"0,90273,",
P,T47.4X1,T47.4X2,T47.4X3,T47.4X4,T47.4X5,T47.4X6 ,,Poloxalcol,0,1,90299,F,0,,116123.0,"0,90299,",
P,T47.4X1,T47.4X2,T47.4X3,T47.4X4,T47.4X5,T47.4X6 ,,Poloxámero,0,1,90300,F,0,,116124.0,"0,90300,",
P,T41.3X1,T41.3X2,T41.3X3,T41.3X4,T41.3X5,T41.3X6 ,,Pontocaína (clorhidrato) (infiltración) (tópica),0,0,90301,F,0,,116125.0,"0,90301,",
P,T45.1X1,T45.1X2,T45.1X3,T45.1X4,T45.1X5,T45.1X6 ,,Porfiromicina,0,1,90304,F,0,,116128.0,"0,90304,",
P,T54.3X1,T54.3X2,T54.3X3,T54.3X4,-,-- ,,Potasa (cáustica),0,1,90305,F,0,,116129.0,"0,90305,",
P,T50.3X1,T50.3X2,T50.3X3,T50.3X4,T50.3X5,T50.3X6 ,,Potasio (sales) NCOC,0,0,90307,F,0,,116131.0,"0,90307,",
P,T50.3X1,T50.3X2,T50.3X3,T50.3X4,T50.3X5,T50.3X6 ,,"Potasio, fármaco que retiene",0,1,90336,F,0,,116160.0,"0,90336,",
P,T50.3X1,T50.3X2,T50.3X3,T50.3X4,T50.3X5,T50.3X6 ,,"Potasio, resina eliminador de",0,1,90337,F,0,,116161.0,"0,90337,",
P,T50.3X1,T50.3X2,T50.3X3,T50.3X4,T50.3X5,T50.3X6 ,,"Potásico, inyección de solución salina (lactato)",0,1,90306,F,0,,116130.0,"0,90306,",
P,T45.8X1,T45.8X2,T45.8X3,T45.8X4,T45.8X5,T45.8X6 ,,Povidona,0,0,90338,F,0,,116162.0,"0,90338,",
P,T44.7X1,T44.7X2,T44.7X3,T44.7X4,T44.7X5,T44.7X6 ,,Practolol,0,1,90340,F,0,,116164.0,"0,90340,",
P,T46.2X1,T46.2X2,T46.2X3,T46.2X4,T46.2X5,T46.2X6 ,,Prajmalium bitartrato,0,1,90341,F,0,,116165.0,"0,90341,",
P,T50.6X1,T50.6X2,T50.6X3,T50.6X4,T50.6X5,T50.6X6 ,,Pralidoxima (yodo),0,0,90342,F,0,,116166.0,"0,90342,",
P,T44.3X1,T44.3X2,T44.3X3,T44.3X4,T44.3X5,T44.3X6 ,,Pramiverina,0,1,90344,F,0,,116168.0,"0,90344,",
P,T49.1X1,T49.1X2,T49.1X3,T49.1X4,T49.1X5,T49.1X6 ,,Pramocaína,0,1,90345,F,0,,116169.0,"0,90345,",
P,T49.1X1,T49.1X2,T49.1X3,T49.1X4,T49.1X5,T49.1X6 ,,Pramoxina,0,1,90346,F,0,,116170.0,"0,90346,",
P,T38.7X1,T38.7X2,T38.7X3,T38.7X4,T38.7X5,T38.7X6 ,,Prasterona,0,1,90347,F,0,,116171.0,"0,90347,",
P,T46.6X1,T46.6X2,T46.6X3,T46.6X4,T46.6X5,T46.6X6 ,,Pravastatina,0,1,90348,F,0,,116172.0,"0,90348,",
P,T42.4X1,T42.4X2,T42.4X3,T42.4X4,T42.4X5,T42.4X6 ,,Prazepam,0,1,90349,F,0,,116173.0,"0,90349,",
P,T37.4X1,T37.4X2,T37.4X3,T37.4X4,T37.4X5,T37.4X6 ,,Praziquantel,0,1,90350,F,0,,116174.0,"0,90350,",
P,T43.291,T43.292,T43.293,T43.294,T43.295,T43.296 ,,Prazitona,0,1,90351,F,0,,116175.0,"0,90351,",
P,T44.6X1,T44.6X2,T44.6X3,T44.6X4,T44.6X5,T44.6X6 ,,Prazosin,0,1,90352,F,0,,116176.0,"0,90352,",
P,T49.0X1,T49.0X2,T49.0X3,T49.0X4,T49.0X5,T49.0X6 ,,Prednicarbato,0,1,90353,F,0,,116177.0,"0,90353,",
P,T38.0X1,T38.0X2,T38.0X3,T38.0X4,T38.0X5,T38.0X6 ,,Prednilideno,0,1,90354,F,0,,116178.0,"0,90354,",
P,T45.1X1,T45.1X2,T45.1X3,T45.1X4,T45.1X5,T45.1X6 ,,Prednimustina,0,1,90355,F,0,,116179.0,"0,90355,",
P,T49.0X1,T49.0X2,T49.0X3,T49.0X4,T49.0X5,T49.0X6 ,,Prednisolona,0,0,90356,F,0,,116180.0,"0,90356,",
P,T38.0X1,T38.0X2,T38.0X3,T38.0X4,T38.0X5,T38.0X6 ,,Prednisona,0,1,90361,F,0,,116185.0,"0,90361,",
P,T38.5X1,T38.5X2,T38.5X3,T38.5X4,T38.5X5,T38.5X6 ,,Pregnandiol,0,1,90362,F,0,,116186.0,"0,90362,",
P,T38.5X1,T38.5X2,T38.5X3,T38.5X4,T38.5X5,T38.5X6 ,,Pregneninolona,0,1,90363,F,0,,116187.0,"0,90363,",
P,T43.691,T43.692,T43.693,T43.694,T43.695,T43.696 ,,Preludín,0,1,90364,F,0,,116188.0,"0,90364,",
P,T38.5X1,T38.5X2,T38.5X3,T38.5X4,T38.5X5,T38.5X6 ,,Premarín,0,1,90365,F,0,,116189.0,"0,90365,",
P,T41.201,T41.202,T41.203,T41.204,T41.205,T41.206 ,,Premedicación anestésica,0,1,90366,F,0,,116190.0,"0,90366,",
P,T44.5X1,T44.5X2,T44.5X3,T44.5X4,T44.5X5,T44.5X6 ,,Prenalterol,0,1,90367,F,0,,116191.0,"0,90367,",
P,T46.3X1,T46.3X2,T46.3X3,T46.3X4,T46.3X5,T46.3X6 ,,Prenilamina,0,1,90368,F,0,,116192.0,"0,90368,",
P,T48.3X1,T48.3X2,T48.3X3,T48.3X4,T48.3X5,T48.3X6 ,,Prenoxdiacina,0,1,90369,F,0,,116193.0,"0,90369,",
P,T49.4X1,T49.4X2,T49.4X3,T49.4X4,T49.4X5,T49.4X6 ,,Preparación local,0,1,90370,F,0,,116194.0,"0,90370,",
P,T49.8X1,T49.8X2,T49.8X3,T49.8X4,T49.8X5,T49.8X6 ,,Preparation H,0,1,90371,F,0,,116195.0,"0,90371,",
P,T50.7X1,T50.7X2,T50.7X3,T50.7X4,T50.7X5,T50.7X6 ,,Prethcamida,0,1,90372,F,0,,116196.0,"0,90372,",
P,T44.3X1,T44.3X2,T44.3X3,T44.3X4,T44.3X5,T44.3X6 ,,Pridinol,0,1,90373,F,0,,116197.0,"0,90373,",
P,T44.3X1,T44.3X2,T44.3X3,T44.3X4,T44.3X5,T44.3X6 ,,"Prifinio, bromuro de",0,1,90374,F,0,,116198.0,"0,90374,",
P,T41.3X1,T41.3X2,T41.3X3,T41.3X4,T41.3X5,T41.3X6 ,,Prilocaína,0,0,90375,F,0,,116199.0,"0,90375,",
P,T37.2X1,T37.2X2,T37.2X3,T37.2X4,T37.2X5,T37.2X6 ,,Primaquina,0,1,90379,F,0,,116203.0,"0,90379,",
P,T42.6X1,T42.6X2,T42.6X3,T42.6X4,T42.6X5,T42.6X6 ,,Primidona,0,1,90380,F,0,,116204.0,"0,90380,",
P,T62.2X1,T62.2X2,T62.2X3,T62.2X4,-,-- ,,Primula (veris),0,1,90381,F,0,,116205.0,"0,90381,",
P,T40.2X1,T40.2X2,T40.2X3,T40.2X4,T40.2X5,T40.2X6 ,,Prinadol,0,1,90382,F,0,,116206.0,"0,90382,",
P,T44.6X1,T44.6X2,T44.6X3,T44.6X4,T44.6X5,T44.6X6 ,,"Priscol, Priscolina",0,1,90383,F,0,,116207.0,"0,90383,",
P,T36.3X1,T36.3X2,T36.3X3,T36.3X4,T36.3X5,T36.3X6 ,,Pristinamicina,0,1,90384,F,0,,116208.0,"0,90384,",
P,T44.4X1,T44.4X2,T44.4X3,T44.4X4,T44.4X5,T44.4X6 ,,Privine,0,1,90385,F,0,,116209.0,"0,90385,",
P,T44.3X1,T44.3X2,T44.3X3,T44.3X4,T44.3X5,T44.3X6 ,,Pro-Banthine,0,1,90386,F,0,,116210.0,"0,90386,",
P,T42.3X1,T42.3X2,T42.3X3,T42.3X4,T42.3X5,T42.3X6 ,,Probarbital,0,1,90387,F,0,,116211.0,"0,90387,",
P,T50.4X1,T50.4X2,T50.4X3,T50.4X4,T50.4X5,T50.4X6 ,,Probenecid,0,1,90388,F,0,,116212.0,"0,90388,",
P,T46.6X1,T46.6X2,T46.6X3,T46.6X4,T46.6X5,T46.6X6 ,,Probucol,0,1,90389,F,0,,116213.0,"0,90389,",
P,T46.2X1,T46.2X2,T46.2X3,T46.2X4,T46.2X5,T46.2X6 ,,Procainamida,0,1,90396,F,0,,116220.0,"0,90396,",
P,T43.591,T43.592,T43.593,T43.594,T43.595,T43.596 ,,Procalmidol,0,1,90397,F,0,,116221.0,"0,90397,",
P,T45.1X1,T45.1X2,T45.1X3,T45.1X4,T45.1X5,T45.1X6 ,,Procarbacina,0,1,90398,F,0,,116222.0,"0,90398,",
P,T44.5X1,T44.5X2,T44.5X3,T44.5X4,T44.5X5,T44.5X6 ,,Procaterol,0,1,90399,F,0,,116223.0,"0,90399,",
P,T41.3X1,T41.3X2,T41.3X3,T41.3X4,T41.3X5,T41.3X6 ,,Procaína,0,0,90390,F,0,,116214.0,"0,90390,",
P,T44.3X1,T44.3X2,T44.3X3,T44.3X4,T44.3X5,T44.3X6 ,,Prociclidina,0,1,90400,F,0,,116224.0,"0,90400,",
P,T43.3X1,T43.3X2,T43.3X3,T43.3X4,T43.3X5,T43.3X6 ,,Proclorperacina,0,1,90401,F,0,,116225.0,"0,90401,",
P,T39.391,T39.392,T39.393,T39.394,T39.395,T39.396 ,,Procuazona,0,1,90402,F,0,,116226.0,"0,90402,",
P,T58.8X1,T58.8X2,T58.8X3,T58.8X4,,,,Productor de gas,0,1,94340,F,0,,116227.0,"0,94340,",
P,T51.1X1,T51.1X2,T51.1X3,T51.1X4,-,-- ,,Productos enlatados,0,1,90403,F,0,,116228.0,"0,90403,",
P,T40.491,T40.492,T40.493,T40.494,T40.495,T40.496,,Profadol,0,1,90404,F,0,,116229.0,"0,90404,",
P,T44.3X1,T44.3X2,T44.3X3,T44.3X4,T44.3X5,T44.3X6 ,,Profenamina,0,1,90405,F,0,,116230.0,"0,90405,",
P,T44.3X1,T44.3X2,T44.3X3,T44.3X4,T44.3X5,T44.3X6 ,,Profenil,0,1,90406,F,0,,116231.0,"0,90406,",
P,T49.0X1,T49.0X2,T49.0X3,T49.0X4,T49.0X5,T49.0X6 ,,Proflavina,0,1,90407,F,0,,116232.0,"0,90407,",
P,T42.6X1,T42.6X2,T42.6X3,T42.6X4,T42.6X5,T42.6X6 ,,Progabida,0,1,90408,F,0,,116233.0,"0,90408,",
P,T38.5X1,T38.5X2,T38.5X3,T38.5X4,T38.5X5,T38.5X6 ,,Progesterona,0,1,90410,F,0,,116235.0,"0,90410,",
P,T38.5X1,T38.5X2,T38.5X3,T38.5X4,T38.5X5,T38.5X6 ,,Progestina,0,0,90411,F,0,,116236.0,"0,90411,",
P,T38.5X1,T38.5X2,T38.5X3,T38.5X4,T38.5X5,T38.5X6 ,,Progestona,0,1,90413,F,0,,116238.0,"0,90413,",
P,T38.5X1,T38.5X2,T38.5X3,T38.5X4,T38.5X5,T38.5X6 ,,Progestágenos NCOC,0,1,90409,F,0,,116234.0,"0,90409,",
P,T47.1X1,T47.1X2,T47.1X3,T47.1X4,T47.1X5,T47.1X6 ,,Proglumida,0,1,90414,F,0,,116239.0,"0,90414,",
P,T37.2X1,T37.2X2,T37.2X3,T37.2X4,T37.2X5,T37.2X6 ,,Proguanil,0,1,90415,F,0,,116240.0,"0,90415,",
P,T38.811,T38.812,T38.813,T38.814,T38.815,T38.816 ,,Prolactina,0,1,90416,F,0,,116241.0,"0,90416,",
P,T43.691,T43.692,T43.693,T43.694,T43.695,T43.696 ,,Prolintano,0,1,90417,F,0,,116242.0,"0,90417,",
P,T38.1X1,T38.1X2,T38.1X3,T38.1X4,T38.1X5,T38.1X6 ,,Proloide,0,1,90418,F,0,,116243.0,"0,90418,",
P,T38.5X1,T38.5X2,T38.5X3,T38.5X4,T38.5X5,T38.5X6 ,,Prolutón,0,1,90419,F,0,,116244.0,"0,90419,",
P,T37.1X1,T37.1X2,T37.1X3,T37.1X4,T37.1X5,T37.1X6 ,,Promacetin,0,1,90420,F,0,,116245.0,"0,90420,",
P,T40.2X1,T40.2X2,T40.2X3,T40.2X4,T40.2X5,T40.2X6 ,,Promedol,0,1,90421,F,0,,116246.0,"0,90421,",
P,T38.5X1,T38.5X2,T38.5X3,T38.5X4,T38.5X5,T38.5X6 ,,Promegestona,0,1,90422,F,0,,116247.0,"0,90422,",
P,T43.3X1,T43.3X2,T43.3X3,T43.3X4,T43.3X5,T43.3X6 ,,Prometazina (teoclate),0,1,90423,F,0,,116248.0,"0,90423,",
P,T37.1X1,T37.1X2,T37.1X3,T37.1X4,T37.1X5,T37.1X6 ,,Promina,0,1,90424,F,0,,116249.0,"0,90424,",
P,T45.3X1,T45.3X2,T45.3X3,T45.3X4,T45.3X5,T45.3X6 ,,Pronasa,0,1,90425,F,0,,116250.0,"0,90425,",
P,T46.2X1,T46.2X2,T46.2X3,T46.2X4,T46.2X5,T46.2X6 ,,Pronestil (clorhidrato),0,1,90426,F,0,,116251.0,"0,90426,",
P,T44.7X1,T44.7X2,T44.7X3,T44.7X4,T44.7X5,T44.7X6 ,,Pronetalol,0,1,90427,F,0,,116252.0,"0,90427,",
P,T37.0X1,T37.0X2,T37.0X3,T37.0X4,T37.0X5,T37.0X6 ,,Prontosil,0,1,90428,F,0,,116253.0,"0,90428,",
P,T60.3X1,T60.3X2,T60.3X3,T60.3X4,-,-- ,,Propaclor,0,1,90429,F,0,,116254.0,"0,90429,",
P,T46.2X1,T46.2X2,T46.2X3,T46.2X4,T46.2X5,T46.2X6 ,,Propafenona,0,1,90430,F,0,,116255.0,"0,90430,",
P,T42.3X1,T42.3X2,T42.3X3,T42.3X4,T42.3X5,T42.3X6 ,,Propalilonal,0,1,90431,F,0,,116256.0,"0,90431,",
P,T49.0X1,T49.0X2,T49.0X3,T49.0X4,T49.0X5,T49.0X6 ,,Propamidina,0,1,90432,F,0,,116257.0,"0,90432,",
P,T41.291,T41.292,T41.293,T41.294,T41.295,T41.296 ,,Propanidido,0,1,90433,F,0,,116258.0,"0,90433,",
P,T60.3X1,T60.3X2,T60.3X3,T60.3X4,-,-- ,,Propanilo,0,1,90434,F,0,,116259.0,"0,90434,",
P,T59.891,T59.892,T59.893,T59.894,-,-- ,,Propano (distribuido en un contenedor móvil),0,0,90435,F,0,,116260.0,"0,90435,",
P,T44.3X1,T44.3X2,T44.3X3,T44.3X4,T44.3X5,T44.3X6 ,,Propantelina,0,0,90438,F,0,,116263.0,"0,90438,",
P,T41.3X1,T41.3X2,T41.3X3,T41.3X4,T41.3X5,T41.3X6 ,,Proparacaína,0,1,90440,F,0,,116265.0,"0,90440,",
P,T46.3X1,T46.3X2,T46.3X3,T46.3X4,T46.3X5,T46.3X6 ,,Propatilnitrato,0,1,90441,F,0,,116266.0,"0,90441,",
P,T36.0X1,T36.0X2,T36.0X3,T36.0X4,T36.0X5,T36.0X6 ,,Propicilina,0,1,90442,F,0,,116267.0,"0,90442,",
P,T39.2X1,T39.2X2,T39.2X3,T39.2X4,T39.2X5,T39.2X6 ,,Propifenazona,0,1,90443,F,0,,116268.0,"0,90443,",
P,T43.3X1,T43.3X2,T43.3X3,T43.3X4,T43.3X5,T43.3X6 ,,Propilaminofenotiacina,0,1,90444,F,0,,116269.0,"0,90444,",
P,T59.891,T59.892,T59.893,T59.894,-,-- ,,Propileno,0,1,90445,F,0,,116270.0,"0,90445,",
P,T48.5X1,T48.5X2,T48.5X3,T48.5X4,T48.5X5,T48.5X6 ,,Propilhexedrina,0,1,90446,F,0,,116271.0,"0,90446,",
P,T50.8X1,T50.8X2,T50.8X3,T50.8X4,T50.8X5,T50.8X6 ,,Propiliodona,0,1,90447,F,0,,116272.0,"0,90447,",
P,,,,,, ,,Propilo,0,0,90448,F,0,,116273.0,"0,90448,",
P,T49.5X1,T49.5X2,T49.5X3,T49.5X4,T49.5X5,T49.5X6 ,,Propilparabeno (oftalmología),0,1,90454,F,0,,116279.0,"0,90454,",
P,T38.2X1,T38.2X2,T38.2X3,T38.2X4,T38.2X5,T38.2X6 ,,Propiltiouracilo,0,1,90455,F,0,,116280.0,"0,90455,",
P,T49.0X1,T49.0X2,T49.0X3,T49.0X4,T49.0X5,T49.0X6 ,,Propiolactona,0,1,90456,F,0,,116281.0,"0,90456,",
P,T45.0X1,T45.0X2,T45.0X3,T45.0X4,T45.0X5,T45.0X6 ,,Propiomacina,0,1,90457,F,0,,116282.0,"0,90457,",
P,T49.0X1,T49.0X2,T49.0X3,T49.0X4,T49.0X5,T49.0X6 ,,Propionato (calcio) (sodio),0,1,90459,F,0,,116284.0,"0,90459,",
P,T41.3X1,T41.3X2,T41.3X3,T41.3X4,T41.3X5,T41.3X6 ,,Propitocaína,0,0,90461,F,0,,116286.0,"0,90461,",
P,T49.0X1,T49.0X2,T49.0X3,T49.0X4,T49.0X5,T49.0X6 ,,"Propión, gel",0,1,90458,F,0,,116283.0,"0,90458,",
P,T42.6X1,T42.6X2,T42.6X3,T42.6X4,T42.6X5,T42.6X6 ,,"Propiónico, aldehído (medicinal)",0,1,90460,F,0,,116285.0,"0,90460,",
P,T41.291,T41.292,T41.293,T41.294,T41.295,T41.296 ,,Propofol,0,1,90464,F,0,,116289.0,"0,90464,",
P,T41.3X1,T41.3X2,T41.3X3,T41.3X4,T41.3X5,T41.3X6 ,,Propoxicaína,0,0,90465,F,0,,116290.0,"0,90465,",
P,T40.491,T40.492,T40.493,T40.494,T40.495,T40.496,,Propoxifeno,0,1,90469,F,0,,116294.0,"0,90469,",
P,T60.0X1,T60.0X2,T60.0X3,T60.0X4,-,-- ,,Propoxur,0,1,90470,F,0,,116295.0,"0,90470,",
P,T44.7X1,T44.7X2,T44.7X3,T44.7X4,T44.7X5,T44.7X6 ,,Propranolol,0,1,90471,F,0,,116296.0,"0,90471,",
P,T46.0X1,T46.0X2,T46.0X3,T46.0X4,T46.0X5,T46.0X6 ,,Proscilaridina,0,1,90472,F,0,,116297.0,"0,90472,",
P,T45.521,T45.522,T45.523,T45.524,T45.525,T45.526 ,,Prostaciclina,0,1,90473,F,0,,116298.0,"0,90473,",
P,T45.521,T45.522,T45.523,T45.524,T45.525,T45.526 ,,Prostaglandina (I2),0,0,90474,F,0,,116299.0,"0,90474,",
P,T44.0X1,T44.0X2,T44.0X3,T44.0X4,T44.0X5,T44.0X6 ,,Prostigmina,0,1,90478,F,0,,116303.0,"0,90478,",
P,T45.2X1,T45.2X2,T45.2X3,T45.2X4,T45.2X5,T45.2X6 ,,Prosultiamina,0,1,90479,F,0,,116304.0,"0,90479,",
P,T45.7X1,T45.7X2,T45.7X3,T45.7X4,T45.7X5,T45.7X6 ,,"Protamina, sulfato de ",0,0,90480,F,0,,116305.0,"0,90480,",
P,T47.5X1,T47.5X2,T47.5X3,T47.5X4,T47.5X5,T47.5X6 ,,Proteasa,0,1,90482,F,0,,116307.0,"0,90482,",
P,T49.3X1,T49.3X2,T49.3X3,T49.3X4,T49.3X5,T49.3X6 ,,"Protector, piel NCOC",0,1,90483,F,0,,116308.0,"0,90483,",
P,T50.991,T50.992,T50.993,T50.994,T50.995,T50.996 ,,Proteína hidrolizada,0,1,90484,F,0,,116309.0,"0,90484,",
P,,,,,, ,,Protiaden - véase Dotiepina clorhidrato,0,1,90485,F,0,,116310.0,"0,90485,",
P,T37.1X1,T37.1X2,T37.1X3,T37.1X4,T37.1X5,T37.1X6 ,,Protionamida,0,1,90487,F,0,,116312.0,"0,90487,",
P,T43.591,T43.592,T43.593,T43.594,T43.595,T43.596 ,,Protipendilo,0,1,90488,F,0,,116313.0,"0,90488,",
P,T38.891,T38.892,T38.893,T38.894,T38.895,T38.896 ,,Protirelina,0,1,90489,F,0,,116314.0,"0,90489,",
P,T60.0X1,T60.0X2,T60.0X3,T60.0X4,-,-- ,,Protoato,0,1,90490,F,0,,116315.0,"0,90490,",
P,T50.6X1,T50.6X2,T50.6X3,T50.6X4,T50.6X5,T50.6X6 ,,Protopam,0,1,90491,F,0,,116316.0,"0,90491,",
P,T48.6X1,T48.6X2,T48.6X3,T48.6X4,T48.6X5,T48.6X6 ,,Protoquilo,0,1,90492,F,0,,116317.0,"0,90492,",
P,T46.5X1,T46.5X2,T46.5X3,T46.5X4,T46.5X5,T46.5X6 ,,Protoveratrina (-s) (A) (B),0,1,90493,F,0,,116318.0,"0,90493,",
P,T43.011,T43.012,T43.013,T43.014,T43.015,T43.016 ,,Protriptilina,0,1,90494,F,0,,116319.0,"0,90494,",
P,,,,,, ,,Protrombina,0,0,90495,F,0,,116320.0,"0,90495,",
P,T38.5X1,T38.5X2,T38.5X3,T38.5X4,T38.5X5,T38.5X6 ,,Provera,0,1,90498,F,0,,116323.0,"0,90498,",
P,T45.2X1,T45.2X2,T45.2X3,T45.2X4,T45.2X5,T45.2X6 ,,Provitamina A,0,1,90499,F,0,,116324.0,"0,90499,",
P,T42.3X1,T42.3X2,T42.3X3,T42.3X4,T42.3X5,T42.3X6 ,,Proxibarbal,0,1,90500,F,0,,116325.0,"0,90500,",
P,T48.6X1,T48.6X2,T48.6X3,T48.6X4,T48.6X5,T48.6X6 ,,Proxifilina,0,1,90501,F,0,,116326.0,"0,90501,",
P,T41.3X1,T41.3X2,T41.3X3,T41.3X4,T41.3X5,T41.3X6 ,,Proximetacaína,0,1,90502,F,0,,116327.0,"0,90502,",
P,,,,,, ,,"Prozac - véase Fluoxetina, clorhidrato de ",0,1,90503,F,0,,116328.0,"0,90503,",
P,T43.3X1,T43.3X2,T43.3X3,T43.3X4,T43.3X5,T43.3X6 ,,Prozamina,0,1,90504,F,0,,116329.0,"0,90504,",
P,,,,,, ,,Prunus,0,0,90505,F,0,,116330.0,"0,90505,",
P,,,,,, ,,"Prusia, azul de ",0,0,90508,F,0,,116333.0,"0,90508,",
P,T65.0X1,T65.0X2,T65.0X3,T65.0X4,-,-- ,,"Prúsico, ácido ",0,0,90511,F,0,,116336.0,"0,90511,",
P,T40.901,T40.902,T40.903,T40.904,T40.905,T40.906,,"Psicodisléptico, fármaco NEOM",0,0,90513,F,0,,116338.0,"0,90513,",
P,T43.601,T43.602,T43.603,T43.604,T43.605,T43.606 ,,Psicoestimulante,0,0,90514,F,0,,116340.0,"0,90514,",
P,T43.91,T43.92,T43.93,T43.94,T43.95,T43.96 ,,"Psicoterapéutico, fármaco NCOC",0,0,90519,F,0,,116345.0,"0,90519,",
P,T40.901,T40.902,T40.903,T40.904,T40.905,T40.906 ,,"Psicotomimético, fármaco",0,1,90523,F,0,,116349.0,"0,90523,",
P,T43.91,T43.92,T43.93,T43.94,T43.95,T43.96 ,,"Psicotrópico, fármaco NCOC",0,0,90524,F,0,,116350.0,"0,90524,",
P,T40.991,T40.992,T40.993,T40.994,,,,Psilocibina,0,1,90527,F,0,,116353.0,"0,90527,",
P,T40.991,T40.992,T40.993,T40.994,,,,Psilocina,0,1,90528,F,0,,116354.0,"0,90528,",
P,T65.891,T65.892,T65.893,T65.894,-,-- ,,Psoraleno (no medicinal),0,1,90529,F,0,,116355.0,"0,90529,",
P,T50.991,T50.992,T50.993,T50.994,T50.995,T50.996 ,,Psoralenos (medicinal),0,1,90530,F,0,,116356.0,"0,90530,",
P,T47.4X1,T47.4X2,T47.4X3,T47.4X4,T47.4X5,T47.4X6 ,,Psyllium hidrofílico mucilloid,0,1,90532,F,0,,116358.0,"0,90532,",
P,T45.8X1,T45.8X2,T45.8X3,T45.8X4,T45.8X5,T45.8X6 ,,"Pteroilglutámico, ácido",0,1,90533,F,0,,116359.0,"0,90533,",
P,T45.1X1,T45.1X2,T45.1X3,T45.1X4,T45.1X5,T45.1X6 ,,Pteroiltriglutamato,0,1,90534,F,0,,116360.0,"0,90534,",
P,T40.991,T40.992,T40.993,T40.994,T40.995,T40.996 ,,Puertas del cielo (semillas de Morning glory),0,1,90536,F,0,,116362.0,"0,90536,",
P,T59.91,T59.92,T59.93,T59.94,-,-- ,,"Pulmonar, irritante (gas) NCOC",0,1,90537,F,0,,116363.0,"0,90537,",
P,,,,,, ,,Pulpa,0,0,90538,F,0,,116364.0,"0,90538,",
P,T62.2X1,T62.2X2,T62.2X3,T62.2X4,-,-- ,,Pulsatilla,0,1,90541,F,0,,116367.0,"0,90541,",
P,T54.91,T54.92,T54.93,T54.94,-,-- ,,Purex (lejía),0,1,90542,F,0,,116368.0,"0,90542,",
P,T47.4X1,T47.4X2,T47.4X3,T47.4X4,T47.4X5,T47.4X6 ,,Purgante NCOC - véase además catártico,0,1,90552,F,0,,116378.0,"0,90552,",
P,T45.1X1,T45.1X2,T45.1X3,T45.1X4,T45.1X5,T45.1X6 ,,"Purina, análogo de la  (antineoplásico)",0,1,90553,F,0,,116379.0,"0,90553,",
P,T50.2X1,T50.2X2,T50.2X3,T50.2X4,T50.2X5,T50.2X6 ,,"Purina, diuréticos",0,1,90554,F,0,,116380.0,"0,90554,",
P,T45.1X1,T45.1X2,T45.1X3,T45.1X4,T45.1X5,T45.1X6 ,,Purinetol,0,1,90555,F,0,,116381.0,"0,90555,",
P,T54.2X1,T54.2X2,T54.2X3,T54.2X4,-,-- ,,Pícrico (ácido),0,1,90090,F,0,,115912.0,"0,90090,",
P,,,,,, ,,"Público, gas - véase Gas, público",0,1,90535,F,0,,116361.0,"0,90535,",
Q,T42.6X1,T42.6X2,T42.6X3,T42.6X4,T42.6X5,T42.6X6 ,,Quaalude,0,1,90558,F,0,,116384.0,"0,90558,",
Q,T42.4X1,T42.4X2,T42.4X3,T42.4X4,T42.4X5,T42.4X6 ,,Quacepán,0,1,90559,F,0,,116385.0,"0,90559,",
Q,T39.2X1,T39.2X2,T39.2X3,T39.2X4,T39.2X5,T39.2X6 ,,Quebuzona,0,1,90560,F,0,,116386.0,"0,90560,",
Q,T50.6X1,T50.6X2,T50.6X3,T50.6X4,T50.6X5,T50.6X6 ,,"Quelante, agente NCOC",0,1,90561,F,0,,116387.0,"0,90561,",
Q,T60.1X1,T60.1X2,T60.1X3,T60.1X4,-,-- ,,Quelevan,0,1,90562,F,0,,116388.0,"0,90562,",
Q,T46.3X1,T46.3X2,T46.3X3,T46.3X4,T46.3X5,T46.3X6 ,,Quelosido,0,1,90563,F,0,,116389.0,"0,90563,",
Q,T41.1X1,T41.1X2,T41.1X3,T41.1X4,T41.1X5,T41.1X6 ,,Quemital,0,1,90564,F,0,,116390.0,"0,90564,",
Q,T38.0X1,T38.0X2,T38.0X3,T38.0X4,T38.0X5,T38.0X6 ,,Quenacort,0,1,90565,F,0,,116391.0,"0,90565,",
Q,T47.5X1,T47.5X2,T47.5X3,T47.5X4,T47.5X5,T47.5X6 ,,"Quenodesoxicólico, ácido",0,1,90566,F,0,,116392.0,"0,90566,",
Q,T47.5X1,T47.5X2,T47.5X3,T47.5X4,T47.5X5,T47.5X6 ,,Quenodiol,0,1,90567,F,0,,116393.0,"0,90567,",
Q,T37.4X1,T37.4X2,T37.4X3,T37.4X4,T37.4X5,T37.4X6 ,,Quenopodio,0,1,90568,F,0,,116394.0,"0,90568,",
Q,T49.4X1,T49.4X2,T49.4X3,T49.4X4,T49.4X5,T49.4X6 ,,"Queratolítico, fármaco NCOC",0,0,90569,F,0,,116395.0,"0,90569,",
Q,T49.4X1,T49.4X2,T49.4X3,T49.4X4,T49.4X5,T49.4X6 ,,Queratoplástico NCOC,0,1,90571,F,0,,116397.0,"0,90571,",
Q,T52.0X1,T52.0X2,T52.0X3,T52.0X4,-,-- ,,Queroseno (combustible) (disolvente) NCOC,0,0,90572,F,0,,116398.0,"0,90572,",
Q,T48.4X1,T48.4X2,T48.4X3,T48.4X4,T48.4X5,T48.4X6 ,,"Quillay, extracto",0,1,90575,F,0,,116401.0,"0,90575,",
Q,T45.1X1,T45.1X2,T45.1X3,T45.1X4,T45.1X5,T45.1X6,,"Quimioterapia, fármaco cáncer",0,1,94664,F,0,,116403.0,"0,94664,",
Q,T45.3X1,T45.3X2,T45.3X3,T45.3X4,T45.3X5,T45.3X6 ,,Quimopapaína,0,1,90577,F,0,,116404.0,"0,90577,",
Q,T45.3X1,T45.3X2,T45.3X3,T45.3X4,T45.3X5,T45.3X6 ,,Quimotripsina,0,0,90580,F,0,,116407.0,"0,90580,",
Q,T37.2X1,T37.2X2,T37.2X3,T37.2X4,T37.2X5,T37.2X6 ,,Quinacrina,0,1,90582,F,0,,116409.0,"0,90582,",
Q,T46.2X1,T46.2X2,T46.2X3,T46.2X4,T46.2X5,T46.2X6 ,,Quinaglute,0,1,90583,F,0,,116410.0,"0,90583,",
Q,T42.3X1,T42.3X2,T42.3X3,T42.3X4,T42.3X5,T42.3X6 ,,Quinalbarbital,0,1,90584,F,0,,116411.0,"0,90584,",
Q,T42.3X1,T42.3X2,T42.3X3,T42.3X4,T42.3X5,T42.3X6 ,,Quinalbarbitona de sodio,0,1,90585,F,0,,116412.0,"0,90585,",
Q,T60.0X1,T60.0X2,T60.0X3,T60.0X4,-,-- ,,Quinalfo,0,1,90586,F,0,,116413.0,"0,90586,",
Q,T46.4X1,T46.4X2,T46.4X3,T46.4X4,T46.4X5,T46.4X6 ,,Quinapril,0,1,90587,F,0,,116414.0,"0,90587,",
Q,T38.5X1,T38.5X2,T38.5X3,T38.5X4,T38.5X5,T38.5X6 ,,Quinestradol,0,1,90589,F,0,,116416.0,"0,90589,",
Q,T38.5X1,T38.5X2,T38.5X3,T38.5X4,T38.5X5,T38.5X6 ,,Quinestrol,0,1,90590,F,0,,116417.0,"0,90590,",
Q,T50.2X1,T50.2X2,T50.2X3,T50.2X4,T50.2X5,T50.2X6 ,,Quinetazona,0,1,90591,F,0,,116418.0,"0,90591,",
Q,T38.4X1,T38.4X2,T38.4X3,T38.4X4,T38.4X5,T38.4X6 ,,Quingestanol,0,1,90592,F,0,,116419.0,"0,90592,",
Q,T46.2X1,T46.2X2,T46.2X3,T46.2X4,T46.2X5,T46.2X6 ,,Quinidina,0,1,90593,F,0,,116420.0,"0,90593,",
Q,T37.2X1,T37.2X2,T37.2X3,T37.2X4,T37.2X5,T37.2X6 ,,Quinina,0,1,90595,F,0,,116422.0,"0,90595,",
Q,T37.8X1,T37.8X2,T37.8X3,T37.8X4,T37.8X5,T37.8X6 ,,Quiniobina,0,1,90596,F,0,,116423.0,"0,90596,",
Q,T49.1X1,T49.1X2,T49.1X3,T49.1X4,T49.1X5,T49.1X6 ,,Quinisocaína,0,1,90597,F,0,,116424.0,"0,90597,",
Q,T37.2X1,T37.2X2,T37.2X3,T37.2X4,T37.2X5,T37.2X6 ,,Quinocida,0,1,90598,F,0,,116425.0,"0,90598,",
Q,T37.8X1,T37.8X2,T37.8X3,T37.8X4,T37.8X5,T37.8X6 ,,Quinoleína (derivados) NCOC,0,1,90599,F,0,,116426.0,"0,90599,",
Q,T43.011,T43.012,T43.013,T43.014,T43.015,T43.016 ,,Quinupramina,0,1,90600,F,0,,116427.0,"0,90600,",
Q,T37.8X1,T37.8X2,T37.8X3,T37.8X4,T37.8X5,T37.8X6 ,,Quionofón,0,1,90601,F,0,,116428.0,"0,90601,",
Q,T52.91,T52.92,T52.93,T52.94,-,-- ,,Quitaesmalte,0,1,90602,F,0,,116429.0,"0,90602,",
Q,T52.8X1,T52.8X2,T52.8X3,T52.8X4,-,-- ,,Quitapintura (pintura) (disolvente),0,1,90603,F,0,,116430.0,"0,90603,",
Q,T41.3X1,T41.3X2,T41.3X3,T41.3X4,T41.3X5,T41.3X6 ,,Quotana,0,1,90604,F,0,,116431.0,"0,90604,",
Q,T65.91,T65.92,T65.93,T65.94,-,-- ,,"Química, sustancia NCOC",0,1,90576,F,0,,116402.0,"0,90576,",
R,,,,,, ,,Rabia,0,0,90605,F,0,,116432.0,"0,90605,",
R,T40.2X1,T40.2X2,T40.2X3,T40.2X4,T40.2X5,T40.2X6 ,,Racemoramida,0,1,90608,F,0,,116435.0,"0,90608,",
R,T40.2X1,T40.2X2,T40.2X3,T40.2X4,T40.2X5,T40.2X6 ,,Racemorfán,0,1,90609,F,0,,116436.0,"0,90609,",
R,T44.5X1,T44.5X2,T44.5X3,T44.5X4,T44.5X5,T44.5X6 ,,Racepinefrin,0,1,90610,F,0,,116437.0,"0,90610,",
R,T43.591,T43.592,T43.593,T43.594,T43.595,T43.596 ,,Racloprida,0,1,90611,F,0,,116438.0,"0,90611,",
R,T50.8X1,T50.8X2,T50.8X3,T50.8X4,T50.8X5,T50.8X6 ,,Radiactivo de fármaco NCOC,0,1,90612,F,0,,116439.0,"0,90612,",
R,T51.1X1,T51.1X2,T51.1X3,T51.1X4,-,-- ,,Radiador de alcohol,0,1,90613,F,0,,116440.0,"0,90613,",
R,T50.8X1,T50.8X2,T50.8X3,T50.8X4,T50.8X5,T50.8X6 ,,Radio-opaco (fármaco) (materiales),0,1,90614,F,0,,116441.0,"0,90614,",
R,T39.2X1,T39.2X2,T39.2X3,T39.2X4,T39.2X5,T39.2X6 ,,Ramifenazona,0,1,90615,F,0,,116442.0,"0,90615,",
R,T46.4X1,T46.4X2,T46.4X3,T46.4X4,T46.4X5,T46.4X6 ,,Ramipril,0,1,90616,F,0,,116443.0,"0,90616,",
R,T47.0X1,T47.0X2,T47.0X3,T47.0X4,T47.0X5,T47.0X6 ,,Ranitidina,0,1,90617,F,0,,116444.0,"0,90617,",
R,T62.2X1,T62.2X2,T62.2X3,T62.2X4,-,-- ,,Ranúnculos,0,1,90619,F,0,,116446.0,"0,90619,",
R,T60.4X1,T60.4X2,T60.4X3,T60.4X4,-,-- ,,"Ratas, veneno para, NCOC",0,1,90620,F,0,,116447.0,"0,90620,",
R,T46.7X1,T46.7X2,T46.7X3,T46.7X4,T46.7X5,T46.7X6 ,,Raubasina,0,1,90621,F,0,,116448.0,"0,90621,",
R,T46.5X1,T46.5X2,T46.5X3,T46.5X4,T46.5X5,T46.5X6 ,,Raudixina,0,1,90622,F,0,,116449.0,"0,90622,",
R,T46.5X1,T46.5X2,T46.5X3,T46.5X4,T46.5X5,T46.5X6 ,,Rautensina,0,1,90623,F,0,,116450.0,"0,90623,",
R,T46.5X1,T46.5X2,T46.5X3,T46.5X4,T46.5X5,T46.5X6 ,,Rautina,0,1,90624,F,0,,116451.0,"0,90624,",
R,T46.5X1,T46.5X2,T46.5X3,T46.5X4,T46.5X5,T46.5X6 ,,Rautotal,0,1,90625,F,0,,116452.0,"0,90625,",
R,T46.5X1,T46.5X2,T46.5X3,T46.5X4,T46.5X5,T46.5X6 ,,Rauwiloide,0,1,90626,F,0,,116453.0,"0,90626,",
R,T46.5X1,T46.5X2,T46.5X3,T46.5X4,T46.5X5,T46.5X6 ,,Rauwoldina,0,1,90627,F,0,,116454.0,"0,90627,",
R,T46.5X1,T46.5X2,T46.5X3,T46.5X4,T46.5X5,T46.5X6 ,,Rauwolfia (alcaloides),0,1,90628,F,0,,116455.0,"0,90628,",
R,T45.1X1,T45.1X2,T45.1X3,T45.1X4,T45.1X5,T45.1X6 ,,Razoxano,0,1,90629,F,0,,116456.0,"0,90629,",
R,T42.8X1,T42.8X2,T42.8X3,T42.8X4,T42.8X5,T42.8X6 ,,Real,0,1,90630,F,0,,116457.0,"0,90630,",
R,,,,,, ,,Recombinante (R) - véase Proteína específica,0,1,90631,F,0,,116458.0,"0,90631,",
R,T65.891,T65.892,T65.893,T65.894,-,-- ,,"Reductor, agente, industrial NCOC",0,1,90632,F,0,,116459.0,"0,90632,",
R,T50.3X1,T50.3X2,T50.3X3,T50.3X4,T50.3X5,T50.3X6 ,,"Reemplazo, solución de",0,1,90633,F,0,,116460.0,"0,90633,",
R,T53.5X1,T53.5X2,T53.5X3,T53.5X4,-,-- ,,"Refrigerante, gas (clorofluorocarburo de carbono)",0,0,90634,F,0,,116461.0,"0,90634,",
R,T48.4X1,T48.4X2,T48.4X3,T48.4X4,T48.4X5,T48.4X6 ,,Regaliz,0,0,90636,F,0,,116463.0,"0,90636,",
R,T50.2X1,T50.2X2,T50.2X3,T50.2X4,T50.2X5,T50.2X6 ,,Regrotón,0,1,90638,F,0,,116465.0,"0,90638,",
R,T50.3X1,T50.3X2,T50.3X3,T50.3X4,T50.3X5,T50.3X6 ,,"Rehidratación, sales de (oral)",0,1,90639,F,0,,116466.0,"0,90639,",
R,T57.0X1,T57.0X2,T57.0X3,T57.0X4,-,-- ,,Rejalgar,0,1,90640,F,0,,116467.0,"0,90640,",
R,T44.3X1,T44.3X2,T44.3X3,T44.3X4,T44.3X5,T44.3X6 ,,Relajante de múculo liso,0,1,90641,F,0,,116468.0,"0,90641,",
R,T48.1X1,T48.1X2,T48.1X3,T48.1X4,T48.1X5,T48.1X6 ,,Relajante del músculo esquelético,0,1,90642,F,0,,116469.0,"0,90642,",
R,,,,,, ,,Relajante muscular,0,0,90643,F,0,,116470.0,"0,90643,",
R,T43.591,T43.592,T43.593,T43.594,T43.595,T43.596 ,,Remoxiprida,0,1,90648,F,0,,116475.0,"0,90648,",
R,T50.2X1,T50.2X2,T50.2X3,T50.2X4,T50.2X5,T50.2X6 ,,Renese,0,1,90649,F,0,,116476.0,"0,90649,",
R,T50.8X1,T50.8X2,T50.8X3,T50.8X4,T50.8X5,T50.8X6 ,,Renografin,0,1,90650,F,0,,116477.0,"0,90650,",
R,T48.6X1,T48.6X2,T48.6X3,T48.6X4,T48.6X5,T48.6X6 ,,Reproterol,0,1,90651,F,0,,116478.0,"0,90651,",
R,T46.5X1,T46.5X2,T46.5X3,T46.5X4,T46.5X5,T46.5X6 ,,Rescinamina,0,1,90652,F,0,,116479.0,"0,90652,",
R,T46.5X1,T46.5X2,T46.5X3,T46.5X4,T46.5X5,T46.5X6 ,,Reserpina,0,1,90653,F,0,,116480.0,"0,90653,",
R,T65.891,T65.892,T65.893,T65.894,-,-- ,,"Resorcina, resorcinol (no medicinal)",0,0,90657,F,0,,116484.0,"0,90657,",
R,T48.4X1,T48.4X2,T48.4X3,T48.4X4,T48.4X5,T48.4X6 ,,Respaire,0,1,90659,F,0,,116486.0,"0,90659,",
R,T48.901,T48.902,T48.903,T48.904,T48.905,T48.906 ,,"Respiratoria, fármaco NCOC",0,0,90660,F,0,,116487.0,"0,90660,",
R,T49.0X1,T49.0X2,T49.0X3,T49.0X4,T49.0X5,T49.0X6 ,,"Retinoico, ácido",0,1,90665,F,0,,116492.0,"0,90665,",
R,T45.2X1,T45.2X2,T45.2X3,T45.2X4,T45.2X5,T45.2X6 ,,Retinol,0,1,90666,F,0,,116493.0,"0,90666,",
R,T50.Z11,T50.Z12,T50.Z13,T50.Z14,T50.Z15,T50.Z16 ,,"Rh (D), globulina inmune (humana)",0,1,90667,F,0,,116494.0,"0,90667,",
R,T50.Z11,T50.Z12,T50.Z13,T50.Z14,T50.Z15,T50.Z16 ,,RhoGAM,0,1,90669,F,0,,116496.0,"0,90669,",
R,T39.011,T39.012,T39.013,T39.014,T39.015,T39.016 ,,Rhodina,0,1,90668,F,0,,116495.0,"0,90668,",
R,T37.5X1,T37.5X2,T37.5X3,T37.5X4,T37.5X5,T37.5X6 ,,Ribavirina,0,1,90670,F,0,,116497.0,"0,90670,",
R,T45.2X1,T45.2X2,T45.2X3,T45.2X4,T45.2X5,T45.2X6 ,,Riboflavina,0,1,90671,F,0,,116498.0,"0,90671,",
R,T36.5X1,T36.5X2,T36.5X3,T36.5X4,T36.5X5,T36.5X6 ,,Ribostamicina,0,1,90672,F,0,,116499.0,"0,90672,",
R,,,,,,,,Ricino,0,0,94665,F,0,,116501.0,"0,94665,",
R,T62.2X1,T62.2X2,T62.2X3,T62.2X4,-,-- ,,Ricinus communis,0,1,90674,F,0,,116504.0,"0,90674,",
R,T50.A91,T50.A92,T50.A93,T50.A94,T50.A95,T50.A96 ,,Rickettsia vacuna NCOC,0,1,90675,F,0,,116505.0,"0,90675,",
R,T36.6X1,T36.6X2,T36.6X3,T36.6X4,T36.6X5,T36.6X6 ,,Rifabutina,0,1,90676,F,0,,116506.0,"0,90676,",
R,T36.6X1,T36.6X2,T36.6X3,T36.6X4,T36.6X5,T36.6X6 ,,Rifamicina,0,1,90677,F,0,,116507.0,"0,90677,",
R,T36.6X1,T36.6X2,T36.6X3,T36.6X4,T36.6X5,T36.6X6 ,,Rifamide,0,1,90678,F,0,,116508.0,"0,90678,",
R,T36.6X1,T36.6X2,T36.6X3,T36.6X4,T36.6X5,T36.6X6 ,,Rifampicina,0,0,90679,F,0,,116509.0,"0,90679,",
R,T36.6X1,T36.6X2,T36.6X3,T36.6X4,T36.6X5,T36.6X6 ,,Rifaximina,0,1,90682,F,0,,116512.0,"0,90682,",
R,T37.5X1,T37.5X2,T37.5X3,T37.5X4,T37.5X5,T37.5X6 ,,Rimantadina,0,1,90683,F,0,,116513.0,"0,90683,",
R,T39.8X1,T39.8X2,T39.8X3,T39.8X4,T39.8X5,T39.8X6 ,,Rimazolio metilsulfato,0,1,90684,F,0,,116514.0,"0,90684,",
R,T37.1X1,T37.1X2,T37.1X3,T37.1X4,T37.1X5,T37.1X6 ,,Rimifón,0,1,90685,F,0,,116515.0,"0,90685,",
R,T48.6X1,T48.6X2,T48.6X3,T48.6X4,T48.6X5,T48.6X6 ,,Rimiterol,0,1,90686,F,0,,116516.0,"0,90686,",
R,T50.3X1,T50.3X2,T50.3X3,T50.3X4,T50.3X5,T50.3X6 ,,"Ringer (lactato), solución",0,1,90687,F,0,,116517.0,"0,90687,",
R,T41.0X1,T41.0X2,T41.0X3,T41.0X4,T41.0X5,T41.0X6 ,,"Risa, gas de la",0,1,90688,F,0,,116518.0,"0,90688,",
R,T36.8X1,T36.8X2,T36.8X3,T36.8X4,T36.8X5,T36.8X6 ,,Ristocetina,0,1,90689,F,0,,116519.0,"0,90689,",
R,T43.631,T43.632,T43.633,T43.634,T43.635,T43.636 ,,Ritalina,0,1,90690,F,0,,116520.0,"0,90690,",
R,T44.5X1,T44.5X2,T44.5X3,T44.5X4,T44.5X5,T44.5X6 ,,Ritodrina,0,1,90691,F,0,,116521.0,"0,90691,",
R,,,,,, ,,"Roach, asesino de - véase Insecticida",0,1,90692,F,0,,116522.0,"0,90692,",
R,T44.3X1,T44.3X2,T44.3X3,T44.3X4,T44.3X5,T44.3X6 ,,Rociverina,0,1,90693,F,0,,116523.0,"0,90693,",
R,T60.4X1,T60.4X2,T60.4X3,T60.4X4,-,-- ,,Rodenticidas NCOC,0,1,90694,F,0,,116524.0,"0,90694,",
R,T42.4X1,T42.4X2,T42.4X3,T42.4X4,T42.4X5,T42.4X6 ,,Rohipnol,0,1,90695,F,0,,116525.0,"0,90695,",
R,T60.4X1,T60.4X2,T60.4X3,T60.4X4,-,-- ,,"Roja, escila (escilirosida)",0,1,90696,F,0,,116526.0,"0,90696,",
R,T49.8X1,T49.8X2,T49.8X3,T49.8X4,T49.8X5,T49.8X6 ,,Rojo escarlata,0,1,90697,F,0,,116527.0,"0,90697,",
R,T36.3X1,T36.3X2,T36.3X3,T36.3X4,T36.3X5,T36.3X6 ,,Rokitamicina,0,1,90698,F,0,,116528.0,"0,90698,",
R,T47.1X1,T47.1X2,T47.1X3,T47.1X4,T47.1X5,T47.1X6 ,,Rolaides,0,1,90699,F,0,,116529.0,"0,90699,",
R,T36.4X1,T36.4X2,T36.4X3,T36.4X4,T36.4X5,T36.4X6 ,,Rolitetraciclina,0,1,90700,F,0,,116530.0,"0,90700,",
R,T48.3X1,T48.3X2,T48.3X3,T48.3X4,T48.3X5,T48.3X6 ,,Romilar,0,1,90701,F,0,,116531.0,"0,90701,",
R,T51.8X1,T51.8X2,T51.8X3,T51.8X4,,,,Ron de Bahia,0,1,94661,F,0,,116533.0,"0,94661,",
R,T46.6X1,T46.6X2,T46.6X3,T46.6X4,T46.6X5,T46.6X6 ,,Ronifibrato,0,1,90702,F,0,,116532.0,"0,90702,",
R,T50.8X1,T50.8X2,T50.8X3,T50.8X4,T50.8X5,T50.8X6 ,,Rosa de bengala sódica (131I),0,1,90703,F,0,,116534.0,"0,90703,",
R,T49.3X1,T49.3X2,T49.3X3,T49.3X4,T49.3X5,T49.3X6 ,,"Rosa, pomada de agua de",0,1,90704,F,0,,116535.0,"0,90704,",
R,T47.1X1,T47.1X2,T47.1X3,T47.1X4,T47.1X5,T47.1X6 ,,Rosaprostol,0,1,90705,F,0,,116536.0,"0,90705,",
R,T37.8X1,T37.8X2,T37.8X3,T37.8X4,T37.8X5,T37.8X6 ,,Rosoxacina,0,1,90706,F,0,,116537.0,"0,90706,",
R,T60.2X1,T60.2X2,T60.2X3,T60.2X4,-,-- ,,Rotenona,0,1,90707,F,0,,116538.0,"0,90707,",
R,T45.0X1,T45.0X2,T45.0X3,T45.0X4,T45.0X5,T45.0X6 ,,Rotoxamina,0,1,90708,F,0,,116539.0,"0,90708,",
R,T60.4X1,T60.4X2,T60.4X3,T60.4X4,-,-- ,,Rough-on-rats,0,1,90709,F,0,,116540.0,"0,90709,",
R,T47.0X1,T47.0X2,T47.0X3,T47.0X4,T47.0X5,T47.0X6 ,,Roxatidina,0,1,90710,F,0,,116541.0,"0,90710,",
R,T36.3X1,T36.3X2,T36.3X3,T36.3X4,T36.3X5,T36.3X6 ,,Roxitromicina,0,1,90711,F,0,,116542.0,"0,90711,",
R,T45.611,T45.612,T45.613,T45.614,T45.615,T45.616 ,,Rt-PA,0,1,90712,F,0,,116543.0,"0,90712,",
R,T49.4X1,T49.4X2,T49.4X3,T49.4X4,T49.4X5,T49.4X6 ,,Rubefaciente,0,1,90713,F,0,,116544.0,"0,90713,",
R,T50.B91,T50.B92,T50.B93,T50.B94,T50.B95,T50.B96 ,,"Rubeola, vacuna",0,1,90714,F,0,,116545.0,"0,90714,",
R,T50.8X1-,T50.8X2-,T50.8X3-,T50.8X4-,T50.8X5-,T50.8X6-,,"Rubidio (Rb 82, cloruro)",0,1,90716,F,0,,116547.0,"0,90716,",
R,T45.1X1,T45.1X2,T45.1X3,T45.1X4,T45.1X5,T45.1X6 ,,Rubidomicina,0,1,90717,F,0,,116548.0,"0,90717,",
R,T62.2X1,T62.2X2,T62.2X3,T62.2X4,-,-- ,,Ruda,0,1,90718,F,0,,116549.0,"0,90718,",
R,T45.1X1,T45.1X2,T45.1X3,T45.1X4,T45.1X5,T45.1X6 ,,Rufocromomicina,0,1,90719,F,0,,116550.0,"0,90719,",
R,,,,,, ,,Ruibarbo,0,0,90720,F,0,,116551.0,"0,90720,",
R,T45.7X1,T45.7X2,T45.7X3,T45.7X4,T45.7X5,T45.7X6 ,,"Russel, veneno de víbora",0,1,90723,F,0,,116554.0,"0,90723,",
R,T62.2X1,T62.2X2,T62.2X3,T62.2X4,-,-- ,,Ruta (graveolens),0,1,90724,F,0,,116555.0,"0,90724,",
R,T46.991,T46.992,T46.993,T46.994,T46.995,T46.996 ,,Rutinum,0,1,90725,F,0,,116556.0,"0,90725,",
R,T46.991,T46.992,T46.993,T46.994,T46.995,T46.996 ,,Rutósido,0,1,90726,F,0,,116557.0,"0,90726,",
S,T48.4X1,T48.4X2,T48.4X3,T48.4X4,T48.4X5,T48.4X6 ,,S-carboximetil-cisteína,0,1,90779,F,0,,116610.0,"0,90779,",
S,T62.2X1,T62.2X2,T62.2X3,T62.2X4,-,-- ,,Sabadilla (planta),0,0,90727,F,0,,116558.0,"0,90727,",
S,T49.4X1,T49.4X2,T49.4X3,T49.4X4,T49.4X5,T49.4X6 ,,Sabina (aceite),0,1,90729,F,0,,116560.0,"0,90729,",
S,T50.901,T50.902,T50.903,T50.904,T50.905,T50.906 ,,Sacarina,0,1,90730,F,0,,116561.0,"0,90730,",
S,T50.3X1,T50.3X2,T50.3X3,T50.3X4,T50.3X5,T50.3X6 ,,Sacarosa,0,1,90731,F,0,,116562.0,"0,90731,",
S,T47.6X1,T47.6X2,T47.6X3,T47.6X4,T47.6X5,T47.6X6 ,,Saccharomyces boulardii,0,1,90732,F,0,,116563.0,"0,90732,",
S,T43.1X1,T43.1X2,T43.1X3,T43.1X4,T43.1X5,T43.1X6 ,,Safracina,0,1,90733,F,0,,116564.0,"0,90733,",
S,T50.901,T50.902,T50.903,T50.904,T50.905,T50.906 ,,"Sal, fármaco sustitutivo de",0,1,90734,F,0,,116565.0,"0,90734,",
S,T50.0X1,T50.0X2,T50.0X3,T50.0X4,T50.0X5,T50.0X6 ,,"Sal, mineralocorticoides retenedores de",0,1,90735,F,0,,116566.0,"0,90735,",
S,T37.0X1,T37.0X2,T37.0X3,T37.0X4,T37.0X5,T37.0X6 ,,Salazosulfapiridina,0,1,90736,F,0,,116567.0,"0,90736,",
S,T48.6X1,T48.6X2,T48.6X3,T48.6X4,T48.6X5,T48.6X6 ,,Salbutamol,0,1,90737,F,0,,116568.0,"0,90737,",
S,T39.091,T39.092,T39.093,T39.094,T39.095,T39.096 ,,Salicilamida,0,1,90738,F,0,,116569.0,"0,90738,",
S,T39.091,T39.092,T39.093,T39.094,T39.095,T39.096 ,,Salicilato NCOC,0,0,90739,F,0,,116570.0,"0,90739,",
S,T37.0X1,T37.0X2,T37.0X3,T37.0X4,T37.0X5,T37.0X6 ,,Salicilazosulfapiridine,0,1,90742,F,0,,116573.0,"0,90742,",
S,T49.0X1,T49.0X2,T49.0X3,T49.0X4,T49.0X5,T49.0X6 ,,"Salicilhidroxámico, ácido",0,1,90743,F,0,,116574.0,"0,90743,",
S,T49.4X1,T49.4X2,T49.4X3,T49.4X4,T49.4X5,T49.4X6 ,,"Salicílico, ácido",0,0,90744,F,0,,116575.0,"0,90744,",
S,T37.1X1,T37.1X2,T37.1X3,T37.1X4,T37.1X5,T37.1X6 ,,Salinazid,0,1,90749,F,0,,116580.0,"0,90749,",
S,T48.6X1,T48.6X2,T48.6X3,T48.6X4,T48.6X5,T48.6X6 ,,Salmeterol,0,1,90750,F,0,,116581.0,"0,90750,",
S,T49.3X1,T49.3X2,T49.3X3,T49.3X4,T49.3X5,T49.3X6 ,,Salol,0,1,90751,F,0,,116582.0,"0,90751,",
S,T39.091,T39.092,T39.093,T39.094,T39.095,T39.096 ,,Salsalato,0,1,90752,F,0,,116583.0,"0,90752,",
S,T50.2X1,T50.2X2,T50.2X3,T50.2X4,T50.2X5,T50.2X6 ,,Saluron,0,1,90754,F,0,,116585.0,"0,90754,",
S,T50.2X1,T50.2X2,T50.2X3,T50.2X4,T50.2X5,T50.2X6 ,,Salurético NCOC,0,1,90753,F,0,,116584.0,"0,90753,",
S,T47.4X1,T47.4X2,T47.4X3,T47.4X4,T47.4X5,T47.4X6 ,,Salvado (trigo),0,1,90755,F,0,,116586.0,"0,90755,",
S,T37.8X1,T37.8X2,T37.8X3,T37.8X4,T37.8X5,T37.8X6 ,,Salvarsán 606 (neosilver) (plata),0,1,90756,F,0,,116587.0,"0,90756,",
S,T62.2X1,T62.2X2,T62.2X3,T62.2X4,-,-- ,,Sambuco,0,0,90757,F,0,,116588.0,"0,90757,",
S,T62.2X1,T62.2X2,T62.2X3,T62.2X4,-,-- ,,Sambucus canadensis,0,0,90759,F,0,,116590.0,"0,90759,",
S,T46.5X1,T46.5X2,T46.5X3,T46.5X4,T46.5X5,T46.5X6 ,,Sandril,0,1,90761,F,0,,116592.0,"0,90761,",
S,T45.8X1,T45.8X2,T45.8X3,T45.8X4,T45.8X5,T45.8X6 ,,Sangre total (humana),0,1,90762,F,0,,116593.0,"0,90762,",
S,T45.8X1,T45.8X2,T45.8X3,T45.8X4,T45.8X5,T45.8X6 ,,"Sangre, sanguíneo (derivados) (natural) (plasma) (entera)",0,0,90763,F,0,,116594.0,"0,90763,",
S,T62.2X1,T62.2X2,T62.2X3,T62.2X4,-,-- ,,Sanguinaria canadensis,0,1,90769,F,0,,116600.0,"0,90769,",
S,T54.2X1,T54.2X2,T54.2X3,T54.2X4,-,-- ,,Saniflush (limpiador),0,1,90770,F,0,,116601.0,"0,90770,",
S,T49.8X1,T49.8X2,T49.8X3,T49.8X4,T49.8X5,T49.8X6 ,,Santil,0,1,90771,F,0,,116602.0,"0,90771,",
S,T37.4X1,T37.4X2,T37.4X3,T37.4X4,T37.4X5,T37.4X6 ,,Santonina,0,1,90772,F,0,,116603.0,"0,90772,",
S,T46.5X1,T46.5X2,T46.5X3,T46.5X4,T46.5X5,T46.5X6 ,,Saralasina,0,1,90773,F,0,,116604.0,"0,90773,",
S,T50.B91,T50.B92,T50.B93,T50.B94,T50.B95,T50.B96 ,,"Sarampión, vacuna de virus (atenuados)",0,1,90774,F,0,,116605.0,"0,90774,",
S,T45.1X1,T45.1X2,T45.1X3,T45.1X4,T45.1X5,T45.1X6 ,,Sarcolisina,0,1,90775,F,0,,116606.0,"0,90775,",
S,T45.1X1,T45.1X2,T45.1X3,T45.1X4,T45.1X5,T45.1X6 ,,Sarcomicina,0,1,90776,F,0,,116607.0,"0,90776,",
S,T43.011,T43.012,T43.013,T43.014,T43.015,T43.016 ,,Saroten,0,1,90777,F,0,,116608.0,"0,90777,",
S,,,,,, ,,Saturnino - véase Plomo,0,1,90778,F,0,,116609.0,"0,90778,",
S,T57.0X1,T57.0X2,T57.0X3,T57.0X4,-,-- ,,"Scheele, verde de",0,0,90780,F,0,,116611.0,"0,90780,",
S,T57.0X1,T57.0X2,T57.0X3,T57.0X4,-,-- ,,"Schweinfurth, verde de",0,0,90782,F,0,,116613.0,"0,90782,",
S,T60.4X1,T60.4X2,T60.4X3,T60.4X4,-,-- ,,"Scilla, veneno para ratas",0,1,90784,F,0,,116615.0,"0,90784,",
S,T44.3X1,T44.3X2,T44.3X3,T44.3X4,T44.3X5,T44.3X6 ,,"Scopolia, extracto de",0,1,90785,F,0,,116616.0,"0,90785,",
S,T42.3X1,T42.3X2,T42.3X3,T42.3X4,T42.3X5,T42.3X6 ,,Secbutabarbital,0,1,90786,F,0,,116617.0,"0,90786,",
S,T42.3X1,T42.3X2,T42.3X3,T42.3X4,T42.3X5,T42.3X6 ,,Secbutabarbitona,0,1,90787,F,0,,116618.0,"0,90787,",
S,T37.3X1,T37.3X2,T37.3X3,T37.3X4,T37.3X5,T37.3X6 ,,Secnidazol,0,1,90788,F,0,,116619.0,"0,90788,",
S,T42.3X1,T42.3X2,T42.3X3,T42.3X4,T42.3X5,T42.3X6,,Secobarbital,0,1,90789,F,0,,116620.0,"0,90789,",
S,T42.3X1,T42.3X2,T42.3X3,T42.3X4,T42.3X5,T42.3X6 ,,Seconal,0,1,90790,F,0,,116621.0,"0,90790,",
S,T50.8X1,T50.8X2,T50.8X3,T50.8X4,T50.8X5,T50.8X6 ,,Secretina,0,1,90791,F,0,,116622.0,"0,90791,",
S,T42.71,T42.72,T42.73,T42.74,T42.75,T42.76 ,,Sedante NCOC,0,0,90792,F,0,,116623.0,"0,90792,",
S,T42.6X1,T42.6X2,T42.6X3,T42.6X4,T42.6X5,T42.6X6 ,,Sedormid,0,1,90794,F,0,,116625.0,"0,90794,",
S,T42.8X1,T42.8X2,T42.8X3,T42.8X4,T42.8X5,T42.8X6 ,,Selegilina,0,1,90795,F,0,,116626.0,"0,90795,",
S,T56.891,T56.892,T56.893,T56.894,-,-- ,,Selenio NCOC,0,0,90796,F,0,,116627.0,"0,90796,",
S,T50.8X1,T50.8X2,T50.8X3,T50.8X4,T50.8X5,T50.8X6 ,,Selenometionina (75Se),0,1,90800,F,0,,116631.0,"0,90800,",
S,T49.4X1,T49.4X2,T49.4X3,T49.4X4,T49.4X5,T49.4X6 ,,Selsun,0,1,90801,F,0,,116632.0,"0,90801,",
S,T49.3X1,T49.3X2,T49.3X3,T49.3X4,T49.3X5,T49.3X6 ,,"Semilla algodón, aceite de",0,1,90802,F,0,,116633.0,"0,90802,",
S,T60.8X1,T60.8X2,T60.8X3,T60.8X4,-,-- ,,"Semilla, desinfectante o vendade de",0,1,90803,F,0,,116634.0,"0,90803,",
S,T62.2X1,T62.2X2,T62.2X3,T62.2X4,-,-- ,,Semillas (venenosas),0,0,90804,F,0,,116635.0,"0,90804,",
S,T47.4X1,T47.4X2,T47.4X3,T47.4X4,T47.4X5,T47.4X6 ,,"Semillas de melocotón, aceite de (emulsión)",0,1,90806,F,0,,116637.0,"0,90806,",
S,T45.1X1,T45.1X2,T45.1X3,T45.1X4,T45.1X5,T45.1X6 ,,Semustina,0,1,90807,F,0,,116638.0,"0,90807,",
S,T48.4X1,T48.4X2,T48.4X3,T48.4X4,T48.4X5,T48.4X6 ,,"Senega, jarabe de",0,1,90808,F,0,,116639.0,"0,90808,",
S,T47.2X1,T47.2X2,T47.2X3,T47.2X4,T47.2X5,T47.2X6 ,,Senna,0,1,90809,F,0,,116640.0,"0,90809,",
S,T47.2X1,T47.2X2,T47.2X3,T47.2X4,T47.2X5,T47.2X6 ,,Senósido A + B,0,1,90810,F,0,,116641.0,"0,90810,",
S,T49.2X1,T49.2X2,T49.2X3,T49.2X4,T49.2X5,T49.2X6 ,,Septisol,0,1,90811,F,0,,116642.0,"0,90811,",
S,T38.811,T38.812,T38.813,T38.814,T38.815,T38.816 ,,Seractide,0,1,90812,F,0,,116643.0,"0,90812,",
S,T42.4X1,T42.4X2,T42.4X3,T42.4X4,T42.4X5,T42.4X6 ,,Serax,0,1,90813,F,0,,116644.0,"0,90813,",
S,T42.6X1,T42.6X2,T42.6X3,T42.6X4,T42.6X5,T42.6X6 ,,Serenesil,0,1,90814,F,0,,116645.0,"0,90814,",
S,T37.91,T37.92,T37.93,T37.94,T37.95,T37.96 ,,Serenio (clorhidrato),0,1,90815,F,0,,116646.0,"0,90815,",
S,,,,,, ,,Serepax - véase Oxazepam,0,1,90816,F,0,,116647.0,"0,90816,",
S,T38.891,T38.892,T38.893,T38.894,T38.895,T38.896 ,,Sermorelin,0,1,90817,F,0,,116648.0,"0,90817,",
S,T41.1X1,T41.1X2,T41.1X3,T41.1X4,T41.1X5,T41.1X6 ,,Sernil,0,1,90818,F,0,,116649.0,"0,90818,",
S,T50.991,T50.992,T50.993,T50.994,T50.995,T50.996 ,,Serotonina,0,1,90819,F,0,,116650.0,"0,90819,",
S,T46.5X1,T46.5X2,T46.5X3,T46.5X4,T46.5X5,T46.5X6 ,,Serpasil,0,1,90820,F,0,,116651.0,"0,90820,",
S,T63.001,T63.002,T63.003,T63.004,-,-- ,,"Serpiente, veneno o picadura de",0,0,90821,F,0,,116652.0,"0,90821,",
S,T45.3X1,T45.3X2,T45.3X3,T45.3X4,T45.3X5,T45.3X6 ,,Serrapeptasa,0,1,90823,F,0,,116654.0,"0,90823,",
S,T62.0X1,T62.0X2,T62.0X3,T62.0X4,-,-- ,,Seta venenosa,0,1,90824,F,0,,116655.0,"0,90824,",
S,T45.0X1,T45.0X2,T45.0X3,T45.0X4,T45.0X5,T45.0X6 ,,Setastin,0,1,90825,F,0,,116656.0,"0,90825,",
S,T43.591,T43.592,T43.593,T43.594,T43.595,T43.596 ,,Setoperona,0,1,90826,F,0,,116657.0,"0,90826,",
S,T44.991,T44.992,T44.993,T44.994,T44.995,T44.996 ,,Seudoefedrina,0,1,90827,F,0,,116658.0,"0,90827,",
S,T50.991,T50.992,T50.993,T50.994,T50.995,T50.996 ,,Silibinina,0,1,90828,F,0,,116659.0,"0,90828,",
S,T65.891,T65.892,T65.893,T65.894,-,-- ,,Silicona NCOC,0,0,90829,F,0,,116660.0,"0,90829,",
S,T50.991,T50.992,T50.993,T50.994,T50.995,T50.996 ,,Silimarina,0,1,90831,F,0,,116662.0,"0,90831,",
S,T49.0X1,T49.0X2,T49.0X3,T49.0X4,T49.0X5,T49.0X6 ,,Silvadeno,0,1,90832,F,0,,116663.0,"0,90832,",
S,,,,,, ,,Silvestre,0,0,90833,F,0,,116664.0,"0,90833,",
S,T53.6X1,T53.6X2,T53.6X3,T53.6X4,-,-- ,,"Sim-dicloroetil, éter",0,1,90838,F,0,,116669.0,"0,90838,",
S,T60.3X1,T60.3X2,T60.3X3,T60.3X4,-,-- ,,Simacina,0,1,90836,F,0,,116667.0,"0,90836,",
S,T47.1X1,T47.1X2,T47.1X3,T47.1X4,T47.1X5,T47.1X6 ,,Simaldrato,0,1,90837,F,0,,116668.0,"0,90837,",
S,T47.1X1,T47.1X2,T47.1X3,T47.1X4,T47.1X5,T47.1X6 ,,Simeticona,0,1,90839,F,0,,116670.0,"0,90839,",
S,T46.6X1,T46.6X2,T46.6X3,T46.6X4,T46.6X5,T46.6X6 ,,Simfibrato,0,1,90840,F,0,,116671.0,"0,90840,",
S,T44.8X1,T44.8X2,T44.8X3,T44.8X4,T44.8X5,T44.8X6 ,,Simpaticolítico NCOC,0,0,90841,F,0,,116672.0,"0,90841,",
S,T44.901,T44.902,T44.903,T44.904,T44.905,T44.906 ,,Simpaticomimético NCOC,0,0,90843,F,0,,116674.0,"0,90843,",
S,T46.6X1,T46.6X2,T46.6X3,T46.6X4,T46.6X5,T46.6X6 ,,Simvastatina,0,1,90847,F,0,,116678.0,"0,90847,",
S,T50.8X1,T50.8X2,T50.8X3,T50.8X4,T50.8X5,T50.8X6 ,,Sincalida,0,1,90848,F,0,,116679.0,"0,90848,",
S,T53.6X1,T53.6X2,T53.6X3,T53.6X4,-,-- ,,"Sindicloroetilo, éter de",0,1,90849,F,0,,116680.0,"0,90849,",
S,T43.011,T43.012,T43.013,T43.014,T43.015,T43.016 ,,Sinequan,0,1,90850,F,0,,116681.0,"0,90850,",
S,T46.5X1,T46.5X2,T46.5X3,T46.5X4,T46.5X5,T46.5X6 ,,Singoserp,0,1,90851,F,0,,116682.0,"0,90851,",
S,T48.0X1,T48.0X2,T48.0X3,T48.0X4,T48.0X5,T48.0X6 ,,Sintocinon,0,1,90852,F,0,,116684.0,"0,90852,",
S,T38.1X1,T38.1X2,T38.1X3,T38.1X4,T38.1X5,T38.1X6 ,,Sintroide,0,1,90853,F,0,,116685.0,"0,90853,",
S,T45.511,T45.512,T45.513,T45.514,T45.515,T45.516 ,,Sintrom,0,1,90854,F,0,,116686.0,"0,90854,",
S,T40.721,T40.722,T40.723,T40.724,T40.725,T40.726,T40.721,"Sintéticos, cannabinoides",0,1,116068,F,0,,116683.0,"0,116068,",
S,T46.5X1,T46.5X2,T46.5X3,T46.5X4,T46.5X5,T46.5X6 ,,Sirosingopina,0,1,90855,F,0,,116687.0,"0,90855,",
S,T36.5X1,T36.5X2,T36.5X3,T36.5X4,T36.5X5,T36.5X6 ,,Sisomicina,0,1,90856,F,0,,116688.0,"0,90856,",
S,,,,,, ,,Sistema nervioso central,0,0,90857,F,0,,116689.0,"0,90857,",
S,T45.91,T45.92,T45.93,T45.94,T45.95,T45.96 ,,"Sistémicos, fármacos",0,0,90883,F,0,,116715.0,"0,90883,",
S,T46.6X1,T46.6X2,T46.6X3,T46.6X4,T46.6X5,T46.6X6 ,,Sitosterol,0,1,90885,F,0,,116717.0,"0,90885,",
S,T42.71,T42.72,T42.73,T42.74,T42.75,T42.76 ,,"Sleep draught, píldora",0,1,90886,F,0,,116718.0,"0,90886,",
S,T45.0X1,T45.0X2,T45.0X3,T45.0X4,T45.0X5,T45.0X6 ,,Sleep-eze,0,1,90887,F,0,,116719.0,"0,90887,",
S,T48.4X1,T48.4X2,T48.4X3,T48.4X4,T48.4X5,T48.4X6 ,,Sobrerol,0,1,90888,F,0,,116720.0,"0,90888,",
S,T54.3X1,T54.3X2,T54.3X3,T54.3X4,-,-- ,,Soda (cáustica),0,0,90889,F,0,,116721.0,"0,90889,",
S,,,,,, ,,Sodio,0,0,90893,F,0,,116725.0,"0,90893,",
S,T50.901,T50.902,T50.903,T50.904,T50.905,T50.906 ,,"Sodio libre, sal de",0,1,91011,F,0,,116844.0,"0,91011,",
S,T46.6X1,T46.6X2,T46.6X3,T46.6X4,T46.6X5,T46.6X6 ,,Soisterol,0,1,91012,F,0,,116845.0,"0,91012,",
S,T62.2X1,T62.2X2,T62.2X3,T62.2X4,-,-- ,,Solanina,0,0,91013,F,0,,116846.0,"0,91013,",
S,T62.2X1,T62.2X2,T62.2X3,T62.2X4,-,-- ,,Solanum dulcamara,0,0,91015,F,0,,116848.0,"0,91015,",
S,T37.1X1,T37.1X2,T37.1X3,T37.1X4,T37.1X5,T37.1X6 ,,Solapsona,0,1,91017,F,0,,116850.0,"0,91017,",
S,T49.3X1,T49.3X2,T49.3X3,T49.3X4,T49.3X5,T49.3X6 ,,"Solar, loción",0,1,91018,F,0,,116851.0,"0,91018,",
S,T37.1X1,T37.1X2,T37.1X3,T37.1X4,T37.1X5,T37.1X6 ,,Solasulfona,0,1,91019,F,0,,116852.0,"0,91019,",
S,T65.891,T65.892,T65.893,T65.894,-,-- ,,"Soldadura, líquido",0,1,91020,F,0,,116853.0,"0,91020,",
S,T52.8X1,T52.8X2,T52.8X3,T52.8X4,-,-,,"Solvente, industrial NCOC",0,0,91023,F,0,,116856.0,"0,91023,",
S,T42.8X1,T42.8X2,T42.8X3,T42.8X4,T42.8X5,T42.8X6 ,,Soma,0,1,91027,F,0,,116860.0,"0,91027,",
S,T38.891,T38.892,T38.893,T38.894,T38.895,T38.896 ,,Somatorelina,0,1,91028,F,0,,116861.0,"0,91028,",
S,T38.991,T38.992,T38.993,T38.994,T38.995,T38.996 ,,Somatostatina,0,1,91029,F,0,,116862.0,"0,91029,",
S,T38.811,T38.812,T38.813,T38.814,T38.815,T38.816 ,,Somatotropina,0,1,91030,F,0,,116863.0,"0,91030,",
S,T38.811,T38.812,T38.813,T38.814,T38.815,T38.816 ,,Somatrem,0,1,91031,F,0,,116864.0,"0,91031,",
S,T38.811,T38.812,T38.813,T38.814,T38.815,T38.816 ,,Somatropina,0,1,91032,F,0,,116865.0,"0,91032,",
S,T45.0X1,T45.0X2,T45.0X3,T45.0X4,T45.0X5,T45.0X6 ,,Sominex,0,1,91033,F,0,,116866.0,"0,91033,",
S,T42.6X1,T42.6X2,T42.6X3,T42.6X4,T42.6X5,T42.6X6 ,,Somnos,0,1,91034,F,0,,116867.0,"0,91034,",
S,T42.3X1,T42.3X2,T42.3X3,T42.3X4,T42.3X5,T42.3X6 ,,Somonal,0,1,91035,F,0,,116868.0,"0,91035,",
S,T42.3X1,T42.3X2,T42.3X3,T42.3X4,T42.3X5,T42.3X6 ,,Soneryl,0,1,91036,F,0,,116869.0,"0,91036,",
S,T42.6X1,T42.6X2,T42.6X3,T42.6X4,T42.6X5,T42.6X6 ,,Sopor,0,1,91037,F,0,,116870.0,"0,91037,",
S,T42.71,T42.72,T42.73,T42.74,T42.75,T42.76 ,,"Soporífero, fármaco",0,0,91039,F,0,,116872.0,"0,91039,",
S,T47.4X1,T47.4X2,T47.4X3,T47.4X4,T47.4X5,T47.4X6 ,,Sorbitol,0,1,91042,F,0,,116875.0,"0,91042,",
S,T44.7X1,T44.7X2,T44.7X3,T44.7X4,T44.7X5,T44.7X6 ,,Sotalol,0,1,91043,F,0,,116876.0,"0,91043,",
S,T46.8X1,T46.8X2,T46.8X3,T46.8X4,T46.8X5,T46.8X6 ,,Sotradecol,0,1,91044,F,0,,116877.0,"0,91044,",
S,T43.651,T43.652,T43.653,T43.654,T43.655,T43.656,T43.651,Speed,0,1,117268,F,0,,116881.0,"0,117268,",
S,T65.91,T65.92,T65.93,T65.94,-,-- ,,Spray (aerosol),0,0,91045,F,0,,116882.0,"0,91045,",
S,T62.2X1,T62.2X2,T62.2X3,T62.2X4,-,-- ,,Spurge flax,0,1,91050,F,0,,116888.0,"0,91050,",
S,T62.2X1,T62.2X2,T62.2X3,T62.2X4,-,-- ,,Spurges,0,1,91051,F,0,,116889.0,"0,91051,",
S,T47.2X1,T47.2X2,T47.2X3,T47.2X4,T47.2X5,T47.2X6 ,,Squirting cucumber (catártico),0,1,91052,F,0,,116890.0,"0,91052,",
S,T47.4X1,T47.4X2,T47.4X3,T47.4X4,T47.4X5,T47.4X6 ,,Sterculia,0,1,91053,F,0,,116891.0,"0,91053,",
S,T60.1X1,T60.1X2,T60.1X3,T60.1X4,-,-- ,,Strobane,0,1,91054,F,0,,116892.0,"0,91054,",
S,,,,,, ,,Strychnos (ignatii) - véase Estricnina,0,1,91055,F,0,,116893.0,"0,91055,",
S,T55.0X1,T55.0X2,T55.0X3,T55.0X4,-,-,,"Suave, jabón",0,1,91056,F,0,,116894.0,"0,91056,",
S,T48.1X1,T48.1X2,T48.1X3,T48.1X4,T48.1X5,T48.1X6 ,,Succinilcolina,0,1,91057,F,0,,116895.0,"0,91057,",
S,T37.0X1,T37.0X2,T37.0X3,T37.0X4,T37.0X5,T37.0X6 ,,Succinilsulfatiazol,0,1,91058,F,0,,116896.0,"0,91058,",
S,T42.2X1,T42.2X2,T42.2X3,T42.2X4,T42.2X5,T42.2X6 ,,"Succinimida, antiepiléptico o anticonvulsivante",0,0,91059,F,0,,116897.0,"0,91059,",
S,T47.1X1,T47.1X2,T47.1X3,T47.1X4,T47.1X5,T47.1X6 ,,Sucralfato,0,1,91061,F,0,,116899.0,"0,91061,",
S,,,,,, ,,Suero,0,0,91062,F,0,,116900.0,"0,91062,",
S,T40.411,T40.412,T40.413,T40.414,T40.415,T40.416,,Sufentanilo,0,1,91076,F,0,,116914.0,"0,91076,",
S,T36.0X1,T36.0X2,T36.0X3,T36.0X4,T36.0X5,T36.0X6 ,,Sulbactam,0,1,91077,F,0,,116915.0,"0,91077,",
S,T36.0X1,T36.0X2,T36.0X3,T36.0X4,T36.0X5,T36.0X6 ,,Sulbenicilina,0,1,91078,F,0,,116916.0,"0,91078,",
S,T49.0X1,T49.0X2,T49.0X3,T49.0X4,T49.0X5,T49.0X6 ,,Sulbentina,0,1,91079,F,0,,116917.0,"0,91079,",
S,,,,,, ,,Sulfa- véase además Sulf-,0,1,91080,F,0,,116918.0,"0,91080,",
S,T49.0X1,T49.0X2,T49.0X3,T49.0X4,T49.0X5,T49.0X6,,Sulfacetamida,0,0,91081,F,0,,116919.0,"0,91081,",
S,T37.0X1,T37.0X2,T37.0X3,T37.0X4,T37.0X5,T37.0X6 ,,Sulfacitina,0,1,91083,F,0,,116921.0,"0,91083,",
S,T37.0X1,T37.0X2,T37.0X3,T37.0X4,T37.0X5,T37.0X6 ,,Sulfaclorpiridacina,0,1,91084,F,0,,116922.0,"0,91084,",
S,T37.0X1,T37.0X2,T37.0X3,T37.0X4,T37.0X5,T37.0X6 ,,Sulfadiacina,0,0,91085,F,0,,116923.0,"0,91085,",
S,T37.0X1,T37.0X2,T37.0X3,T37.0X4,T37.0X5,T37.0X6 ,,Sulfadiasulfona de sodio,0,1,91088,F,0,,116926.0,"0,91088,",
S,T37.0X1,T37.0X2,T37.0X3,T37.0X4,T37.0X5,T37.0X6 ,,Sulfadimetoxina,0,1,91090,F,0,,116928.0,"0,91090,",
S,T37.0X1,T37.0X2,T37.0X3,T37.0X4,T37.0X5,T37.0X6 ,,Sulfadimidina,0,1,91092,F,0,,116930.0,"0,91092,",
S,T37.1X1,T37.1X2,T37.1X3,T37.1X4,T37.1X5,T37.1X6 ,,Sulfadiona,0,1,91093,F,0,,116931.0,"0,91093,",
S,T37.0X1,T37.0X2,T37.0X3,T37.0X4,T37.0X5,T37.0X6 ,,Sulfadoxina,0,0,91094,F,0,,116932.0,"0,91094,",
S,T37.0X1,T37.0X2,T37.0X3,T37.0X4,T37.0X5,T37.0X6 ,,Sulfaetidol,0,1,91096,F,0,,116934.0,"0,91096,",
S,T37.0X1,T37.0X2,T37.0X3,T37.0X4,T37.0X5,T37.0X6 ,,Sulfafenazol,0,1,91098,F,0,,116936.0,"0,91098,",
S,T37.0X1,T37.0X2,T37.0X3,T37.0X4,T37.0X5,T37.0X6 ,,Sulfafeniltiazol,0,1,91099,F,0,,116937.0,"0,91099,",
S,T37.0X1,T37.0X2,T37.0X3,T37.0X4,T37.0X5,T37.0X6 ,,Sulfafurazol,0,1,91101,F,0,,116939.0,"0,91101,",
S,T37.0X1,T37.0X2,T37.0X3,T37.0X4,T37.0X5,T37.0X6 ,,Sulfaguanidina,0,1,91102,F,0,,116940.0,"0,91102,",
S,T37.0X1,T37.0X2,T37.0X3,T37.0X4,T37.0X5,T37.0X6 ,,Sulfaleno,0,1,91103,F,0,,116941.0,"0,91103,",
S,T37.0X1,T37.0X2,T37.0X3,T37.0X4,T37.0X5,T37.0X6 ,,Sulfaloxato,0,1,91104,F,0,,116942.0,"0,91104,",
S,T37.0X1,T37.0X2,T37.0X3,T37.0X4,T37.0X5,T37.0X6 ,,"Sulfaloxico, ácido",0,1,91105,F,0,,116943.0,"0,91105,",
S,T39.2X1,T39.2X2,T39.2X3,T39.2X4,T39.2X5,T39.2X6 ,,Sulfamazona,0,1,91106,F,0,,116944.0,"0,91106,",
S,T37.0X1,T37.0X2,T37.0X3,T37.0X4,T37.0X5,T37.0X6 ,,Sulfameracina,0,1,91107,F,0,,116945.0,"0,91107,",
S,T37.0X1,T37.0X2,T37.0X3,T37.0X4,T37.0X5,T37.0X6 ,,Sulfametacina,0,1,91108,F,0,,116946.0,"0,91108,",
S,T37.0X1,T37.0X2,T37.0X3,T37.0X4,T37.0X5,T37.0X6 ,,Sulfameter,0,1,91109,F,0,,116947.0,"0,91109,",
S,T37.0X1,T37.0X2,T37.0X3,T37.0X4,T37.0X5,T37.0X6 ,,Sulfametiltiazol,0,1,91110,F,0,,116948.0,"0,91110,",
S,T37.0X1,T37.0X2,T37.0X3,T37.0X4,T37.0X5,T37.0X6 ,,Sulfametizol,0,1,91112,F,0,,116950.0,"0,91112,",
S,T37.0X1,T37.0X2,T37.0X3,T37.0X4,T37.0X5,T37.0X6 ,,Sulfametoxazol,0,1,91115,F,0,,116953.0,"0,91115,",
S,T37.0X1,T37.0X2,T37.0X3,T37.0X4,T37.0X5,T37.0X6 ,,Sulfametoxidiacina,0,1,91116,F,0,,116954.0,"0,91116,",
S,T37.0X1,T37.0X2,T37.0X3,T37.0X4,T37.0X5,T37.0X6 ,,Sulfametoxipiridacina,0,1,91118,F,0,,116956.0,"0,91118,",
S,T39.2X1,T39.2X2,T39.2X3,T39.2X4,T39.2X5,T39.2X6 ,,Sulfamidopirina,0,1,91119,F,0,,116957.0,"0,91119,",
S,T49.0X1,T49.0X2,T49.0X3,T49.0X4,T49.0X5,T49.0X6 ,,Sulfamilon,0,1,91120,F,0,,116958.0,"0,91120,",
S,T37.0X1,T37.0X2,T37.0X3,T37.0X4,T37.0X5,T37.0X6 ,,Sulfamonometoxina,0,1,91121,F,0,,116959.0,"0,91121,",
S,T37.0X1,T37.0X2,T37.0X3,T37.0X4,T37.0X5,T37.0X6 ,,Sulfamoxol,0,1,91122,F,0,,116960.0,"0,91122,",
S,T37.0X1,T37.0X2,T37.0X3,T37.0X4,T37.0X5,T37.0X6 ,,Sulfanilamida,0,1,91124,F,0,,116962.0,"0,91124,",
S,T37.0X1,T37.0X2,T37.0X3,T37.0X4,T37.0X5,T37.0X6 ,,Sulfanililguanidina,0,1,91125,F,0,,116963.0,"0,91125,",
S,T50.8X1,T50.8X2,T50.8X3,T50.8X4,T50.8X5,T50.8X6 ,,"Sulfano, azul de (tinte de diagnóstico)",0,1,91126,F,0,,116964.0,"0,91126,",
S,T37.0X1,T37.0X2,T37.0X3,T37.0X4,T37.0X5,T37.0X6 ,,Sulfaperina,0,1,91127,F,0,,116965.0,"0,91127,",
S,T37.0X1,T37.0X2,T37.0X3,T37.0X4,T37.0X5,T37.0X6 ,,Sulfapiridina,0,1,91129,F,0,,116967.0,"0,91129,",
S,T37.0X1,T37.0X2,T37.0X3,T37.0X4,T37.0X5,T37.0X6 ,,Sulfapirimidina,0,1,91130,F,0,,116968.0,"0,91130,",
S,T37.0X1,T37.0X2,T37.0X3,T37.0X4,T37.0X5,T37.0X6 ,,Sulfaproxilina,0,1,91131,F,0,,116969.0,"0,91131,",
S,T37.8X1,T37.8X2,T37.8X3,T37.8X4,T37.8X5,T37.8X6 ,,Sulfarsfenamina,0,1,91132,F,0,,116970.0,"0,91132,",
S,T37.0X1,T37.0X2,T37.0X3,T37.0X4,T37.0X5,T37.0X6 ,,Sulfasalacina,0,1,91134,F,0,,116972.0,"0,91134,",
S,T37.0X1,T37.0X2,T37.0X3,T37.0X4,T37.0X5,T37.0X6 ,,Sulfasimacina,0,1,91135,F,0,,116973.0,"0,91135,",
S,T37.0X1,T37.0X2,T37.0X3,T37.0X4,T37.0X5,T37.0X6 ,,Sulfasuxidina,0,1,91136,F,0,,116974.0,"0,91136,",
S,T47.8X1,T47.8X2,T47.8X3,T47.8X4,T47.8X5,T47.8X6 ,,"Sulfatada, amilopectina",0,1,91137,F,0,,116975.0,"0,91137,",
S,T37.0X1,T37.0X2,T37.0X3,T37.0X4,T37.0X5,T37.0X6 ,,Sulfatiazol,0,1,91138,F,0,,116976.0,"0,91138,",
S,T49.2X1,T49.2X2,T49.2X3,T49.2X4,T49.2X5,T49.2X6 ,,Sulfatostearato,0,1,91139,F,0,,116977.0,"0,91139,",
S,T50.4X1,T50.4X2,T50.4X3,T50.4X4,T50.4X5,T50.4X6 ,,Sulfinpirazona,0,1,91141,F,0,,116979.0,"0,91141,",
S,T49.0X1,T49.0X2,T49.0X3,T49.0X4,T49.0X5,T49.0X6 ,,Sulfiram,0,1,91142,F,0,,116980.0,"0,91142,",
S,T37.0X1,T37.0X2,T37.0X3,T37.0X4,T37.0X5,T37.0X6 ,,Sulfisomidina,0,1,91143,F,0,,116981.0,"0,91143,",
S,T37.0X1,T37.0X2,T37.0X3,T37.0X4,T37.0X5,T37.0X6 ,,Sulfisoxazol,0,0,91144,F,0,,116982.0,"0,91144,",
S,T49.2X1,T49.2X2,T49.2X3,T49.2X4,T49.2X5,T49.2X6 ,,Sulfoacetato laurílico,0,1,91146,F,0,,116984.0,"0,91146,",
S,T50.8X1,T50.8X2,T50.8X3,T50.8X4,T50.8X5,T50.8X6 ,,Sulfobromoftaleína (sodio),0,1,91148,F,0,,116986.0,"0,91148,",
S,T48.4X1,T48.4X2,T48.4X3,T48.4X4,T48.4X5,T48.4X6 ,,Sulfoguaiacol,0,1,91149,F,0,,116987.0,"0,91149,",
S,T36.8X1,T36.8X2,T36.8X3,T36.8X4,T36.8X5,T36.8X6 ,,Sulfomixin,0,1,91150,F,0,,116988.0,"0,91150,",
S,T42.6X1,T42.6X2,T42.6X3,T42.6X4,T42.6X5,T42.6X6 ,,Sulfonal,0,1,91151,F,0,,116989.0,"0,91151,",
S,T37.0X1,T37.0X2,T37.0X3,T37.0X4,T37.0X5,T37.0X6 ,,Sulfonamida NCOC,0,0,91152,F,0,,116990.0,"0,91152,",
S,T37.1X1,T37.1X2,T37.1X3,T37.1X4,T37.1X5,T37.1X6 ,,Sulfonas,0,1,91154,F,0,,116992.0,"0,91154,",
S,T37.1X1,T37.1X2,T37.1X3,T37.1X4,T37.1X5,T37.1X6 ,,Sulfonazida,0,1,91155,F,0,,116993.0,"0,91155,",
S,T42.6X1,T42.6X2,T42.6X3,T42.6X4,T42.6X5,T42.6X6 ,,Sulfonetilmetano,0,1,91156,F,0,,116994.0,"0,91156,",
S,T50.8X1,T50.8X2,T50.8X3,T50.8X4,T50.8X5,T50.8X6 ,,"Sulfonftal, sulfonftol",0,1,91157,F,0,,116995.0,"0,91157,",
S,T38.3X1,T38.3X2,T38.3X3,T38.3X4,T38.3X5,T38.3X6 ,,"Sulfonilurea, derivados, oral",0,1,91158,F,0,,116996.0,"0,91158,",
S,T42.6X1,T42.6X2,T42.6X3,T42.6X4,T42.6X5,T42.6X6 ,,Sulfonmetano,0,1,91159,F,0,,116997.0,"0,91159,",
S,T43.3X1,T43.3X2,T43.3X3,T43.3X4,T43.3X5,T43.3X6 ,,Sulforidacina,0,1,91160,F,0,,116998.0,"0,91160,",
S,T37.1X1,T37.1X2,T37.1X3,T37.1X4,T37.1X5,T37.1X6 ,,Sulfoxona,0,1,91161,F,0,,116999.0,"0,91161,",
S,T54.2X1,T54.2X2,T54.2X3,T54.2X4,-,-- ,,"Sulfúrico, ácido",0,1,91162,F,0,,117000.0,"0,91162,",
S,T47.1X1,T47.1X2,T47.1X3,T47.1X4,T47.1X5,T47.1X6 ,,Sulglicotide,0,1,91163,F,0,,117001.0,"0,91163,",
S,T39.391,T39.392,T39.393,T39.394,T39.395,T39.396 ,,Sulindac,0,1,91164,F,0,,117002.0,"0,91164,",
S,T47.2X1,T47.2X2,T47.2X3,T47.2X4,T47.2X5,T47.2X6 ,,Sulisatin,0,1,91165,F,0,,117003.0,"0,91165,",
S,T49.3X1,T49.3X2,T49.3X3,T49.3X4,T49.3X5,T49.3X6 ,,Sulisobenzona,0,1,91166,F,0,,117004.0,"0,91166,",
S,T50.8X1,T50.8X2,T50.8X3,T50.8X4,T50.8X5,T50.8X6 ,,"Sulkowitch, reactivo de ",0,1,91167,F,0,,117005.0,"0,91167,",
S,T44.3X1,T44.3X2,T44.3X3,T44.3X4,T44.3X5,T44.3X6 ,,Sulmetocina,0,1,91168,F,0,,117006.0,"0,91168,",
S,T46.7X1,T46.7X2,T46.7X3,T46.7X4,T46.7X5,T46.7X6 ,,Suloctidil,0,1,91169,F,0,,117007.0,"0,91169,",
S,T43.591,T43.592,T43.593,T43.594,T43.595,T43.596 ,,Sulpirida,0,1,91170,F,0,,117008.0,"0,91170,",
S,T39.2X1,T39.2X2,T39.2X3,T39.2X4,T39.2X5,T39.2X6 ,,Sulpirina,0,1,91171,F,0,,117009.0,"0,91171,",
S,T48.0X1,T48.0X2,T48.0X3,T48.0X4,T48.0X5,T48.0X6 ,,Sulproston,0,1,91172,F,0,,117010.0,"0,91172,",
S,T36.0X1,T36.0X2,T36.0X3,T36.0X4,T36.0X5,T36.0X6 ,,Sultamicilina,0,1,91173,F,0,,117011.0,"0,91173,",
S,T42.6X1,T42.6X2,T42.6X3,T42.6X4,T42.6X5,T42.6X6 ,,Sultiame,0,1,91175,F,0,,117013.0,"0,91175,",
S,T43.591,T43.592,T43.593,T43.594,T43.595,T43.596 ,,Sultoprida,0,1,91176,F,0,,117014.0,"0,91176,",
S,T39.8X1,T39.8X2,T39.8X3,T39.8X4,T39.8X5,T39.8X6 ,,Sumatriptán,0,1,91177,F,0,,117015.0,"0,91177,",
S,T48.4X1,T48.4X2,T48.4X3,T48.4X4,T48.4X5,T48.4X6 ,,Superinona,0,1,91178,F,0,,117016.0,"0,91178,",
S,T50.901,T50.902,T50.903,T50.904,T50.905,T50.906 ,,Suplemento nutricional,0,1,91179,F,0,,117017.0,"0,91179,",
S,T38.0X1,T38.0X2,T38.0X3,T38.0X4,T38.0X5,T38.0X6 ,,"Suprarrenal (extracto, corteza o médula) (glucocorticoides) (hormonas) (mineralocorticoides)",0,0,91180,F,0,,117018.0,"0,91180,",
S,T39.311,T39.312,T39.313,T39.314,T39.315,T39.316 ,,Suprofen,0,1,91184,F,0,,117022.0,"0,91184,",
S,T37.4X1,T37.4X2,T37.4X3,T37.4X4,T37.4X5,T37.4X6 ,,Suramina (sodio),0,1,91185,F,0,,117023.0,"0,91185,",
S,T41.3X1,T41.3X2,T41.3X3,T41.3X4,T41.3X5,T41.3X6 ,,Surfacaína,0,1,91186,F,0,,117024.0,"0,91186,",
S,T41.1X1,T41.1X2,T41.1X3,T41.1X4,T41.1X5,T41.1X6 ,,Surital,0,1,91187,F,0,,117025.0,"0,91187,",
S,T38.3X1,T38.3X2,T38.3X3,T38.3X4,T38.3X5,T38.3X6 ,,Suspensión de zinc extendida de insulina,0,1,91188,F,0,,117026.0,"0,91188,",
S,T50.991,T50.992,T50.993,T50.994,T50.995,T50.996 ,,"Suspensión grasa, intravenosa",0,1,91189,F,0,,117027.0,"0,91189,",
S,T57.91,T57.92,T57.93,T57.94,,,,Sustancia inorgánica NCOC,0,1,94744,F,0,,117028.0,"0,94744,",
S,T50.901,T50.902,T50.903,T50.904,T50.905,T50.906 ,,Sustituto de sal,0,1,91190,F,0,,117029.0,"0,91190,",
S,T45.3X1,T45.3X2,T45.3X3,T45.3X4,T45.3X5,T45.3X6 ,,Sutilains,0,1,91191,F,0,,117030.0,"0,91191,",
S,T48.1X1,T48.1X2,T48.1X3,T48.1X4,T48.1X5,T48.1X6 ,,Suxametonio (cloruro),0,1,91192,F,0,,117031.0,"0,91192,",
S,T48.1X1,T48.1X2,T48.1X3,T48.1X4,T48.1X5,T48.1X6 ,,Suxetonio (cloruro),0,1,91193,F,0,,117032.0,"0,91193,",
S,T39.2X1,T39.2X2,T39.2X3,T39.2X4,T39.2X5,T39.2X6 ,,Suxibuzona,0,1,91194,F,0,,117033.0,"0,91194,",
S,T46.3X1,T46.3X2,T46.3X3,T46.3X4,T46.3X5,T46.3X6 ,,Sweet niter spirit,0,1,91195,F,0,,117034.0,"0,91195,",
S,T50.B91,T50.B92,T50.B93,T50.B94,T50.B95,T50.B96 ,,Synagis,0,1,91196,F,0,,117035.0,"0,91196,",
S,T49.0X1,T49.0X2,T49.0X3,T49.0X4,T49.0X5,T49.0X6 ,,Synalar,0,1,91197,F,0,,117036.0,"0,91197,",
S,,,,,, ,,"Sódico, cianuro - véase Cianuro (-s)",0,1,90892,F,0,,116724.0,"0,90892,",
S,T65.91,T65.92,T65.93,T65.94,-,-- ,,"Sólida, sustancia",0,0,91021,F,0,,116854.0,"0,91021,",
S,T46.3X1,T46.3X2,T46.3X3,T46.3X4,T46.3X5,T46.3X6 ,,"Sórbido, nitrato de",0,1,91041,F,0,,116874.0,"0,91041,",
T,T36.3X1,T36.3X2,T36.3X3,T36.3X4,T36.3X5,T36.3X6 ,,TAO,0,1,91221,F,0,,117060.0,"0,91221,",
T,,,,,, ,,TCA - véase ácido tricloroacético,0,1,91236,F,0,,117075.0,"0,91236,",
T,T53.7X1,T53.7X2,T53.7X3,T53.7X4,-,-,,TCDD,0,1,91237,F,0,,117076.0,"0,91237,",
T,T65.0X1,T65.0X2,T65.0X3,T65.0X4,-,-- ,,TDI (emanaciones),0,1,91238,F,0,,117077.0,"0,91238,",
T,T45.1X1,T45.1X2,T45.1X3,T45.1X4,T45.1X5,T45.1X6 ,,TEM,0,1,91250,F,0,,117089.0,"0,91250,",
T,T45.1X1,T45.1X2,T45.1X3,T45.1X4,T45.1X5,T45.1X6 ,,TEPA,0,1,91268,F,0,,117107.0,"0,91268,",
T,T60.0X1,T60.0X2,T60.0X3,T60.0X4,-,-- ,,TEPP,0,1,91269,F,0,,117108.0,"0,91269,",
T,T40.711,T40.712,T40.713,T40.714,T40.715,T40.716,,THC,0,1,91336,F,0,,117175.0,"0,91336,",
T,T60.3X1,T60.3X2,T60.3X3,T60.3X4,-,-- ,,TMTD,0,1,91458,F,0,,117297.0,"0,91458,",
T,T65.3X1,T65.3X2,T65.3X3,T65.3X4,-,-- ,,TNT (gases),0,1,91461,F,0,,117300.0,"0,91461,",
T,T38.811,T38.812,T38.813,T38.814,T38.815,T38.816 ,,TSH,0,1,91680,F,0,,117520.0,"0,91680,",
T,T65.291,T65.292,T65.293,T65.294,-,-- ,,Tabaco NCOC,0,0,91198,F,0,,117037.0,"0,91198,",
T,T65.211,T65.212,T65.213,T65.214,-,-- ,,Tabaco rapé,0,1,91202,F,0,,117041.0,"0,91202,",
T,T50.901,T50.902,T50.903,T50.904,T50.905,T50.906,,"Tabletas véase además Especificado, sustancia",0,1,91203,F,0,,117042.0,"0,91203,",
T,T38.5X1,T38.5X2,T38.5X3,T38.5X4,T38.5X5,T38.5X6 ,,Tace,0,1,91204,F,0,,117043.0,"0,91204,",
T,T44.0X1,T44.0X2,T44.0X3,T44.0X4,T44.0X5,T44.0X6 ,,Tacrina,0,1,91205,F,0,,117044.0,"0,91205,",
T,T36.0X1,T36.0X2,T36.0X3,T36.0X4,T36.0X5,T36.0X6 ,,Talampicilina,0,1,91206,F,0,,117045.0,"0,91206,",
T,T42.3X1,T42.3X2,T42.3X3,T42.3X4,T42.3X5,T42.3X6 ,,Talbutal,0,1,91207,F,0,,117046.0,"0,91207,",
T,T49.3X1,T49.3X2,T49.3X3,T49.3X4,T49.3X5,T49.3X6 ,,Talco,0,1,91208,F,0,,117047.0,"0,91208,",
T,T49.3X1,T49.3X2,T49.3X3,T49.3X4,T49.3X5,T49.3X6 ,,Talco en polvo,0,1,91209,F,0,,117048.0,"0,91209,",
T,T38.6X1,T38.6X2,T38.6X3,T38.6X4,T38.6X5,T38.6X6 ,,Taleranol,0,1,91210,F,0,,117049.0,"0,91210,",
T,T45.1X1,T45.1X2,T45.1X3,T45.1X4,T45.1X5,T45.1X6 ,,Talidomida,0,1,91211,F,0,,117050.0,"0,91211,",
T,T56.811,T56.812,T56.813,T56.814,-,-- ,,Talio (compuestos) (polvo) NCOC,0,0,91212,F,0,,117051.0,"0,91212,",
T,T38.6X1,T38.6X2,T38.6X3,T38.6X4,T38.6X5,T38.6X6 ,,Tamoxifeno,0,1,91214,F,0,,117053.0,"0,91214,",
T,T44.6X1,T44.6X2,T44.6X3,T44.6X4,T44.6X5,T44.6X6 ,,Tamsulosina,0,1,91215,F,0,,117054.0,"0,91215,",
T,T39.2X1,T39.2X2,T39.2X3,T39.2X4,T39.2X5,T39.2X6 ,,"Tandearil, tanderil",0,1,91216,F,0,,117055.0,"0,91216,",
T,,,,,, ,,Tanino - véase Ácido tánico,0,1,91219,F,0,,117058.0,"0,91219,",
T,T62.2X1,T62.2X2,T62.2X3,T62.2X4,-,-- ,,Tansy,0,1,91220,F,0,,117059.0,"0,91220,",
T,T38.2X1,T38.2X2,T38.2X3,T38.2X4,T38.2X5,T38.2X6 ,,Tapazol,0,1,91222,F,0,,117061.0,"0,91222,",
T,T52.0X1,T52.0X2,T52.0X3,T52.0X4,-,-- ,,Tar NCOC,0,0,91223,F,0,,117062.0,"0,91223,",
T,T43.591,T43.592,T43.593,T43.594,T43.595,T43.596 ,,Taractan,0,1,91229,F,0,,117068.0,"0,91229,",
T,T37.8X1,T37.8X2,T37.8X3,T37.8X4,T37.8X5,T37.8X6,,"Tartrato, antimonio (anti-infeccioso)",0,1,91233,F,0,,117072.0,"0,91233,",
T,T47.4X1,T47.4X2,T47.4X3,T47.4X4,T47.4X5,T47.4X6 ,,"Tartrato, laxante",0,1,91234,F,0,,117073.0,"0,91234,",
T,T65.891,T65.892,T65.893,T65.894,-,-,,"Tartárico, ácido",0,1,91231,F,0,,117070.0,"0,91231,",
T,T63.321,T63.322,T63.323,T63.324,-,-- ,,Tarántula (venenosa),0,1,91230,F,0,,117069.0,"0,91230,",
T,T45.1X1,T45.1X2,T45.1X3,T45.1X4,T45.1X5,T45.1X6 ,,Tauromustine,0,1,91235,F,0,,117074.0,"0,91235,",
T,T48.3X1,T48.3X2,T48.3X3,T48.3X4,T48.3X5,T48.3X6 ,,Tebacona,0,1,91239,F,0,,117078.0,"0,91239,",
T,T40.2X1,T40.2X2,T40.2X3,T40.2X4,T40.2X5,T40.2X6 ,,Tebaína,0,1,91240,F,0,,117079.0,"0,91240,",
T,T50.2X1,T50.2X2,T50.2X3,T50.2X4,T50.2X5,T50.2X6 ,,Teclotiazida,0,1,91241,F,0,,117080.0,"0,91241,",
T,T37.3X1,T37.3X2,T37.3X3,T37.3X4,T37.3X5,T37.3X6 ,,Teclozan,0,1,91242,F,0,,117081.0,"0,91242,",
T,T45.1X1,T45.1X2,T45.1X3,T45.1X4,T45.1X5,T45.1X6 ,,Tegafur,0,1,91243,F,0,,117082.0,"0,91243,",
T,T42.1X1,T42.1X2,T42.1X3,T42.1X4,T42.1X5,T42.1X6 ,,Tegretol,0,1,91244,F,0,,117083.0,"0,91244,",
T,T36.8X1,T36.8X2,T36.8X3,T36.8X4,T36.8X5,T36.8X6 ,,Teicoplanina,0,1,91245,F,0,,117084.0,"0,91245,",
T,T62.2X1,T62.2X2,T62.2X3,T62.2X4,-,-- ,,Tejo,0,1,91246,F,0,,117085.0,"0,91246,",
T,T50.8X1,T50.8X2,T50.8X3,T50.8X4,T50.8X5,T50.8X6 ,,Telepaque,0,1,91247,F,0,,117086.0,"0,91247,",
T,T56.891,T56.892,T56.893,T56.894,-,-- ,,Telurio,0,0,91248,F,0,,117087.0,"0,91248,",
T,T42.4X1,T42.4X2,T42.4X3,T42.4X4,T42.4X5,T42.4X6 ,,Temazepam,0,1,91251,F,0,,117090.0,"0,91251,",
T,T36.0X1,T36.0X2,T36.0X3,T36.0X4,T36.0X5,T36.0X6 ,,Temocilina,0,1,91252,F,0,,117091.0,"0,91252,",
T,T43.621,T43.622,T43.623,T43.624,T43.625,T43.626 ,,Tenamfetamina,0,1,91253,F,0,,117092.0,"0,91253,",
T,T45.0X1,T45.0X2,T45.0X3,T45.0X4,T45.0X5,T45.0X6 ,,Tenildiamina,0,1,91254,F,0,,117093.0,"0,91254,",
T,T45.1X1,T45.1X2,T45.1X3,T45.1X4,T45.1X5,T45.1X6 ,,Tenipósido,0,1,91255,F,0,,117094.0,"0,91255,",
T,T46.3X1,T46.3X2,T46.3X3,T46.3X4,T46.3X5,T46.3X6 ,,Tenitramina,0,1,91256,F,0,,117095.0,"0,91256,",
T,T48.4X1,T48.4X2,T48.4X3,T48.4X4,T48.4X5,T48.4X6 ,,Tenoglicin,0,1,91257,F,0,,117096.0,"0,91257,",
T,T49.6X1,T49.6X2,T49.6X3,T49.6X4,T49.6X5,T49.6X6 ,,"Tenoico, ácido",0,1,91258,F,0,,117097.0,"0,91258,",
T,T37.3X1,T37.3X2,T37.3X3,T37.3X4,T37.3X5,T37.3X6 ,,Tenonitrozol,0,1,91259,F,0,,117098.0,"0,91259,",
T,T39.391,T39.392,T39.393,T39.394,T39.395,T39.396 ,,Tenoxicam,0,1,91260,F,0,,117099.0,"0,91260,",
T,T48.6X1,T48.6X2,T48.6X3,T48.6X4,T48.6X5,T48.6X6 ,,Teobromina (salicilato de calcio),0,0,91261,F,0,,117100.0,"0,91261,",
T,T48.6X1,T48.6X2,T48.6X3,T48.6X4,T48.6X5,T48.6X6 ,,Teofilamina,0,1,91263,F,0,,117102.0,"0,91263,",
T,T48.6X1,T48.6X2,T48.6X3,T48.6X4,T48.6X5,T48.6X6 ,,Teofilina,0,0,91264,F,0,,117103.0,"0,91264,",
T,T46.5X1,T46.5X2,T46.5X3,T46.5X4,T46.5X5,T46.5X6 ,,Teprótido,0,1,91270,F,0,,117109.0,"0,91270,",
T,T44.6X1,T44.6X2,T44.6X3,T44.6X4,T44.6X5,T44.6X6 ,,Terazosina,0,1,91271,F,0,,117110.0,"0,91271,",
T,T60.0X1,T60.0X2,T60.0X3,T60.0X4,-,-- ,,Terbufos,0,1,91272,F,0,,117111.0,"0,91272,",
T,T48.6X1,T48.6X2,T48.6X3,T48.6X4,T48.6X5,T48.6X6 ,,Terbutalina,0,1,91273,F,0,,117112.0,"0,91273,",
T,T40.2X1,T40.2X2,T40.2X3,T40.2X4,T40.2X5,T40.2X6 ,,Terciopelo azul,0,1,91274,F,0,,117113.0,"0,91274,",
T,T49.0X1,T49.0X2,T49.0X3,T49.0X4,T49.0X5,T49.0X6 ,,Terconazol,0,1,91275,F,0,,117114.0,"0,91275,",
T,T45.0X1,T45.0X2,T45.0X3,T45.0X4,T45.0X5,T45.0X6 ,,Terfenadina,0,1,91276,F,0,,117115.0,"0,91276,",
T,T50.991,T50.992,T50.993,T50.994,T50.995,T50.996 ,,Teriparatida (acetato),0,1,91277,F,0,,117116.0,"0,91277,",
T,T37.1X1,T37.1X2,T37.1X3,T37.1X4,T37.1X5,T37.1X6 ,,Terizidona,0,1,91278,F,0,,117117.0,"0,91278,",
T,T38.891,T38.892,T38.893,T38.894,T38.895,T38.896 ,,Terlipresina,0,1,91279,F,0,,117118.0,"0,91279,",
T,T46.3X1,T46.3X2,T46.3X3,T46.3X4,T46.3X5,T46.3X6 ,,Terodilina,0,1,91280,F,0,,117119.0,"0,91280,",
T,T37.4X1,T37.4X2,T37.4X3,T37.4X4,T37.4X5,T37.4X6 ,,Teroxaleno,0,1,91281,F,0,,117120.0,"0,91281,",
T,T48.4X1,T48.4X2,T48.4X3,T48.4X4,T48.4X5,T48.4X6 ,,"Terpina, hidrato de",0,1,91282,F,0,,117121.0,"0,91282,",
T,T36.4X1,T36.4X2,T36.4X3,T36.4X4,T36.4X5,T36.4X6 ,,Terramicina,0,1,91283,F,0,,117122.0,"0,91283,",
T,T44.7X1,T44.7X2,T44.7X3,T44.7X4,T44.7X5,T44.7X6 ,,Tertatolol,0,1,91284,F,0,,117123.0,"0,91284,",
T,T48.3X1,T48.3X2,T48.3X3,T48.3X4,T48.3X5,T48.3X6 ,,Tessalon,0,1,91285,F,0,,117124.0,"0,91285,",
T,T38.7X1,T38.7X2,T38.7X3,T38.7X4,T38.7X5,T38.7X6 ,,Testolactona,0,1,91286,F,0,,117125.0,"0,91286,",
T,T38.7X1,T38.7X2,T38.7X3,T38.7X4,T38.7X5,T38.7X6 ,,Testosterona,0,1,91287,F,0,,117126.0,"0,91287,",
T,T43.591,T43.592,T43.593,T43.594,T43.595,T43.596 ,,Tetrabenacina,0,1,91294,F,0,,117133.0,"0,91294,",
T,T41.3X1,T41.3X2,T41.3X3,T41.3X4,T41.3X5,T41.3X6 ,,Tetracaína,0,0,91295,F,0,,117134.0,"0,91295,",
T,T36.4X1,T36.4X2,T36.4X3,T36.4X4,T36.4X5,T36.4X6 ,,Tetraciclina,0,0,91299,F,0,,117138.0,"0,91299,",
T,,,,,, ,,Tetracloretilen- véase Tetracloroetileno,0,1,91302,F,0,,117141.0,"0,91302,",
T,T50.2X1,T50.2X2,T50.2X3,T50.2X4,T50.2X5,T50.2X6 ,,Tetraclormetiazida,0,1,91303,F,0,,117142.0,"0,91303,",
T,T53.6X1,T53.6X2,T53.6X3,T53.6X4,-,-- ,,Tetracloroetano,0,0,91304,F,0,,117143.0,"0,91304,",
T,T53.3X1,T53.3X2,T53.3X3,T53.3X4,-,-- ,,Tetracloroetileno (líquido),0,0,91307,F,0,,117146.0,"0,91307,",
T,,,,,,,,"Tetraclorometano - véase Carbono, tetracloruro",0,1,91310,F,0,,117149.0,"0,91310,",
T,T38.811,T38.812,T38.813,T38.814,T38.815,T38.816 ,,Tetracosactida,0,1,91311,F,0,,117150.0,"0,91311,",
T,T38.811,T38.812,T38.813,T38.814,T38.815,T38.816 ,,Tetracosactrin,0,1,91312,F,0,,117151.0,"0,91312,",
T,T60.8X1,T60.8X2,T60.8X3,T60.8X4,-,-- ,,Tetradifon,0,1,91313,F,0,,117152.0,"0,91313,",
T,T61.771,T61.772,T61.773,T61.774,-,-- ,,Tetradotoxina,0,1,91314,F,0,,117153.0,"0,91314,",
T,T44.2X1,T44.2X2,T44.2X3,T44.2X4,T44.2X5,T44.2X6 ,,"Tetraetilamonio, cloruro",0,1,91315,F,0,,117154.0,"0,91315,",
T,,,,,, ,,Tetraetilo,0,0,91316,F,0,,117155.0,"0,91316,",
T,T50.6X1,T50.6X2,T50.6X3,T50.6X4,T50.6X5,T50.6X6 ,,"Tetraetiltiuram, disulfuro",0,1,91319,F,0,,117158.0,"0,91319,",
T,T44.0X1,T44.0X2,T44.0X3,T44.0X4,T44.0X5,T44.0X6 ,,Tetrahidroaminoacridina,0,1,91320,F,0,,117159.0,"0,91320,",
T,T40.711,T40.712,T40.713,T40.714,T40.715,T40.716,,Tetrahidrocannabinol,0,1,91321,F,0,,117160.0,"0,91321,",
T,T52.8X1,T52.8X2,T52.8X3,T52.8X4,-,-- ,,Tetrahidrofurano,0,1,91322,F,0,,117161.0,"0,91322,",
T,T52.8X1,T52.8X2,T52.8X3,T52.8X4,-,-- ,,Tetrahidronaftaleno,0,1,91323,F,0,,117162.0,"0,91323,",
T,T49.5X1,T49.5X2,T49.5X3,T49.5X4,T49.5X5,T49.5X6 ,,Tetrahidrozolina,0,1,91324,F,0,,117163.0,"0,91324,",
T,T52.8X1,T52.8X2,T52.8X3,T52.8X4,-,-- ,,Tetralina,0,1,91325,F,0,,117164.0,"0,91325,",
T,T60.3X1,T60.3X2,T60.3X3,T60.3X4,-,-- ,,Tetrametiltiuram (disulfuro) NCOC,0,0,91326,F,0,,117165.0,"0,91326,",
T,T60.2X1,T60.2X2,T60.2X3,T60.2X4,-,-- ,,Tetrametrina,0,1,91328,F,0,,117167.0,"0,91328,",
T,T37.4X1,T37.4X2,T37.4X3,T37.4X4,T37.4X5,T37.4X6 ,,Tetramisol,0,1,91329,F,0,,117168.0,"0,91329,",
T,T46.7X1,T46.7X2,T46.7X3,T46.7X4,T46.7X5,T46.7X6 ,,Tetranicotinol fructosa,0,1,91330,F,0,,117169.0,"0,91330,",
T,T42.4X1,T42.4X2,T42.4X3,T42.4X4,T42.4X5,T42.4X6 ,,Tetrazepam,0,1,91331,F,0,,117170.0,"0,91331,",
T,T65.3X1,T65.3X2,T65.3X3,T65.3X4,-,-- ,,Tetril,0,1,91332,F,0,,117171.0,"0,91332,",
T,T44.2X1,T44.2X2,T44.2X3,T44.2X4,T44.2X5,T44.2X6 ,,"Tetrilamonio, cloruro",0,1,91333,F,0,,117172.0,"0,91333,",
T,T49.5X1,T49.5X2,T49.5X3,T49.5X4,T49.5X5,T49.5X6 ,,Tetrizolina,0,1,91334,F,0,,117173.0,"0,91334,",
T,T42.6X1,T42.6X2,T42.6X3,T42.6X4,T42.6X5,T42.6X6 ,,Tetronal,0,1,91335,F,0,,117174.0,"0,91335,",
T,T50.A91,T50.A92,T50.A93,T50.A94,T50.A95,T50.A96 ,,"Tetánico, toxoide  y vacuna",0,0,91288,F,0,,117127.0,"0,91288,",
T,T62.2X1,T62.2X2,T62.2X3,T62.2X4,-,-- ,,Thornapple,0,1,91337,F,0,,117176.0,"0,91337,",
T,T37.4X1,T37.4X2,T37.4X3,T37.4X4,T37.4X5,T37.4X6 ,,Tiabendazol,0,1,91339,F,0,,117178.0,"0,91339,",
T,T43.291,T43.292,T43.293,T43.294,T43.295,T43.296 ,,Tiacesima,0,1,91340,F,0,,117179.0,"0,91340,",
T,T41.1X1,T41.1X2,T41.1X3,T41.1X4,T41.1X5,T41.1X6 ,,Tialbarbital,0,1,91341,F,0,,117180.0,"0,91341,",
T,T38.2X1,T38.2X2,T38.2X3,T38.2X4,T38.2X5,T38.2X6 ,,Tiamazol,0,1,91342,F,0,,117181.0,"0,91342,",
T,T37.1X1,T37.1X2,T37.1X3,T37.1X4,T37.1X5,T37.1X6 ,,Tiambutosina,0,1,91343,F,0,,117182.0,"0,91343,",
T,T41.1X1,T41.1X2,T41.1X3,T41.1X4,T41.1X5,T41.1X6 ,,Tiamilal,0,0,91344,F,0,,117183.0,"0,91344,",
T,T45.2X1,T45.2X2,T45.2X3,T45.2X4,T45.2X5,T45.2X6 ,,Tiamina,0,1,91346,F,0,,117185.0,"0,91346,",
T,T50.2X1,T50.2X2,T50.2X3,T50.2X4,T50.2X5,T50.2X6 ,,Tiamizide,0,1,91347,F,0,,117186.0,"0,91347,",
T,T43.291,T43.292,T43.293,T43.294,T43.295,T43.296 ,,Tianeptine,0,1,91348,F,0,,117187.0,"0,91348,",
T,T36.2X1,T36.2X2,T36.2X3,T36.2X4,T36.2X5,T36.2X6 ,,Tianfenicol,0,1,91349,F,0,,117188.0,"0,91349,",
T,T46.1X1,T46.1X2,T46.1X3,T46.1X4,T46.1X5,T46.1X6 ,,Tiapamil,0,1,91350,F,0,,117189.0,"0,91350,",
T,T43.591,T43.592,T43.593,T43.594,T43.595,T43.596 ,,Tiaprida,0,1,91351,F,0,,117190.0,"0,91351,",
T,T39.311,T39.312,T39.313,T39.314,T39.315,T39.316 ,,"Tiaprofénico, ácido",0,1,91352,F,0,,117191.0,"0,91352,",
T,T39.8X1,T39.8X2,T39.8X3,T39.8X4,T39.8X5,T39.8X6 ,,Tiaramida,0,1,91353,F,0,,117192.0,"0,91353,",
T,T50.2X1,T50.2X2,T50.2X3,T50.2X4,T50.2X5,T50.2X6 ,,Tiazidas (diuréticos),0,1,91354,F,0,,117193.0,"0,91354,",
T,T43.3X1,T43.3X2,T43.3X3,T43.3X4,T43.3X5,T43.3X6 ,,"Tiazinamio, metilsulfato",0,1,91355,F,0,,117194.0,"0,91355,",
T,T43.591,T43.592,T43.593,T43.594,T43.595,T43.596 ,,Tibamato,0,1,91356,F,0,,117195.0,"0,91356,",
T,T36.0X1,T36.0X2,T36.0X3,T36.0X4,T36.0X5,T36.0X6 ,,Ticarcilina,0,1,91357,F,0,,117196.0,"0,91357,",
T,T49.0X1,T49.0X2,T49.0X3,T49.0X4,T49.0X5,T49.0X6 ,,Ticlatone,0,1,91358,F,0,,117197.0,"0,91358,",
T,T45.521,T45.522,T45.523,T45.524,T45.525,T45.526 ,,Ticlopidina,0,1,91359,F,0,,117198.0,"0,91359,",
T,T50.1X1,T50.1X2,T50.1X3,T50.1X4,T50.1X5,T50.1X6 ,,Ticrinafeno,0,1,91360,F,0,,117199.0,"0,91360,",
T,T50.991,T50.992,T50.993,T50.994,T50.995,T50.996 ,,Tidiacic,0,1,91361,F,0,,117200.0,"0,91361,",
T,T44.3X1,T44.3X2,T44.3X3,T44.3X4,T44.3X5,T44.3X6 ,,Tiemonio,0,0,91362,F,0,,117201.0,"0,91362,",
T,T50.1X1,T50.1X2,T50.1X3,T50.1X4,T50.1X5,T50.1X6 ,,Tienílico ácido,0,1,91364,F,0,,117203.0,"0,91364,",
T,T43.3X1,T43.3X2,T43.3X3,T43.3X4,T43.3X5,T43.3X6 ,,Tietilperacina,0,1,91365,F,0,,117204.0,"0,91365,",
T,T44.3X1,T44.3X2,T44.3X3,T44.3X4,T44.3X5,T44.3X6 ,,Tifenamil,0,1,91367,F,0,,117206.0,"0,91367,",
T,T50.A91,T50.A92,T50.A93,T50.A94,T50.A95,T50.A96 ,,"Tifoidea-paratifoidea, vacuna",0,1,91368,F,0,,117207.0,"0,91368,",
T,T50.A91,T50.A92,T50.A93,T50.A94,T50.A95,T50.A96 ,,"Tifus, vacuna anti-",0,1,91369,F,0,,117208.0,"0,91369,",
T,T45.0X1,T45.0X2,T45.0X3,T45.0X4,T45.0X5,T45.0X6 ,,Tigan,0,1,91370,F,0,,117209.0,"0,91370,",
T,T44.3X1,T44.3X2,T44.3X3,T44.3X4,T44.3X5,T44.3X6 ,,Tigloidina,0,1,91371,F,0,,117210.0,"0,91371,",
T,T47.5X1,T47.5X2,T47.5X3,T47.5X4,T47.5X5,T47.5X6 ,,Tilactasa,0,1,91372,F,0,,117211.0,"0,91372,",
T,T41.291,T41.292,T41.293,T41.294,T41.295,T41.296 ,,Tiletamina,0,1,91373,F,0,,117212.0,"0,91373,",
T,T40.491,T40.492,T40.493,T40.494,,,,Tilidina,0,1,91374,F,0,,117213.0,"0,91374,",
T,T48.4X1,T48.4X2,T48.4X3,T48.4X4,T48.4X5,T48.4X6 ,,Tiloxapol,0,1,91375,F,0,,117214.0,"0,91375,",
T,T48.5X1,T48.5X2,T48.5X3,T48.5X4,T48.5X5,T48.5X6 ,,Timazolina,0,1,91376,F,0,,117215.0,"0,91376,",
T,T44.3X1,T44.3X2,T44.3X3,T44.3X4,T44.3X5,T44.3X6 ,,Timepidium bromuro de,0,1,91377,F,0,,117216.0,"0,91377,",
T,T49.0X1,T49.0X2,T49.0X3,T49.0X4,T49.0X5,T49.0X6 ,,Timerosal,0,0,91378,F,0,,117217.0,"0,91378,",
T,T43.4X1,T43.4X2,T43.4X3,T43.4X4,T43.4X5,T43.4X6 ,,Timiperona,0,1,91380,F,0,,117219.0,"0,91380,",
T,T38.891,T38.892,T38.893,T38.894,T38.895,T38.896 ,,"Timo, extracto de",0,1,91381,F,0,,117220.0,"0,91381,",
T,T49.0X1,T49.0X2,T49.0X3,T49.0X4,T49.0X5,T49.0X6 ,,Timol,0,1,91382,F,0,,117221.0,"0,91382,",
T,T44.7X1,T44.7X2,T44.7X3,T44.7X4,T44.7X5,T44.7X6 ,,Timolol,0,1,91383,F,0,,117222.0,"0,91383,",
T,T37.5X1,T37.5X2,T37.5X3,T37.5X4,T37.5X5,T37.5X6 ,,Timopentina,0,1,91384,F,0,,117223.0,"0,91384,",
T,T46.7X1,T46.7X2,T46.7X3,T46.7X4,T46.7X5,T46.7X6 ,,Timoxamina,0,1,91385,F,0,,117224.0,"0,91385,",
T,T65.6X1,T65.6X2,T65.6X3,T65.6X4,-,-- ,,Tinción,0,1,91386,F,0,,117225.0,"0,91386,",
T,T43.3X1,T43.3X2,T43.3X3,T43.3X4,T43.3X5,T43.3X6 ,,Tindal,0,1,91387,F,0,,117226.0,"0,91387,",
T,T37.3X1,T37.3X2,T37.3X3,T37.3X4,T37.3X5,T37.3X6 ,,Tinidazol,0,1,91388,F,0,,117227.0,"0,91388,",
T,T39.8X1,T39.8X2,T39.8X3,T39.8X4,T39.8X5,T39.8X6 ,,Tinoridine,0,1,91389,F,0,,117228.0,"0,91389,",
T,T65.891,T65.892,T65.893,T65.894,-,-- ,,Tinta,0,1,91390,F,0,,117229.0,"0,91390,",
T,T65.6X1,T65.6X2,T65.6X3,T65.6X4,-,-- ,,Tinte NCOC,0,0,91392,F,0,,117231.0,"0,91392,",
T,,,,,, ,,Tinte de yodo - véase Yodo,0,1,91391,F,0,,117230.0,"0,91391,",
T,T37.1X1,T37.1X2,T37.1X3,T37.1X4,T37.1X5,T37.1X6 ,,Tioacetazona,0,0,91396,F,0,,117235.0,"0,91396,",
T,T41.1X1,T41.1X2,T41.1X3,T41.1X4,T41.1X5,T41.1X6 ,,Tiobarbital sódico,0,1,91398,F,0,,117237.0,"0,91398,",
T,T41.1X1,T41.1X2,T41.1X3,T41.1X4,T41.1X5,T41.1X6 ,,"Tiobarbitúrico, anestesia",0,1,91399,F,0,,117238.0,"0,91399,",
T,T37.8X1,T37.8X2,T37.8X3,T37.8X4,T37.8X5,T37.8X6 ,,Tiobismol,0,1,91400,F,0,,117239.0,"0,91400,",
T,T41.1X1,T41.1X2,T41.1X3,T41.1X4,T41.1X5,T41.1X6 ,,"Tiobutabarbital, sódico",0,1,91401,F,0,,117240.0,"0,91401,",
T,T60.0X1,T60.0X2,T60.0X3,T60.0X4,-,-- ,,Tiocarbamato (insecticida),0,1,91402,F,0,,117241.0,"0,91402,",
T,T38.2X1,T38.2X2,T38.2X3,T38.2X4,T38.2X5,T38.2X6 ,,Tiocarbamida,0,1,91403,F,0,,117242.0,"0,91403,",
T,T37.8X1,T37.8X2,T37.8X3,T37.8X4,T37.8X5,T37.8X6 ,,Tiocarbarsona,0,1,91404,F,0,,117243.0,"0,91404,",
T,T37.1X1,T37.1X2,T37.1X3,T37.1X4,T37.1X5,T37.1X6 ,,Tiocarlide,0,1,91406,F,0,,117245.0,"0,91406,",
T,T45.511,T45.512,T45.513,T45.514,T45.515,T45.516 ,,Tioclomarol,0,1,91407,F,0,,117246.0,"0,91407,",
T,T49.0X1,T49.0X2,T49.0X3,T49.0X4,T49.0X5,T49.0X6 ,,Tioconazol,0,1,91408,F,0,,117247.0,"0,91408,",
T,T50.991,T50.992,T50.993,T50.994,T50.995,T50.996 ,,Tioctamida,0,1,91409,F,0,,117248.0,"0,91409,",
T,T60.0X1,T60.0X2,T60.0X3,T60.0X4,-,-- ,,Tiofos,0,1,91411,F,0,,117250.0,"0,91411,",
T,T49.4X1,T49.4X2,T49.4X3,T49.4X4,T49.4X5,T49.4X6 ,,Tioglicolato,0,1,91412,F,0,,117251.0,"0,91412,",
T,T65.891,T65.892,T65.893,T65.894,-,-- ,,"Tioglicólico, ácido",0,1,91413,F,0,,117252.0,"0,91413,",
T,T45.1X1,T45.1X2,T45.1X3,T45.1X4,T45.1X5,T45.1X6 ,,Tioguanina,0,1,91415,F,0,,117254.0,"0,91415,",
T,T50.2X1,T50.2X2,T50.2X3,T50.2X4,T50.2X5,T50.2X6 ,,Tiomercaptomerín,0,1,91416,F,0,,117255.0,"0,91416,",
T,T49.0X1,T49.0X2,T49.0X3,T49.0X4,T49.0X5,T49.0X6 ,,Tiomersal,0,1,91418,F,0,,117257.0,"0,91418,",
T,T50.2X1,T50.2X2,T50.2X3,T50.2X4,T50.2X5,T50.2X6 ,,Tiomerín,0,1,91417,F,0,,117256.0,"0,91417,",
T,T60.0X1,T60.0X2,T60.0X3,T60.0X4,-,-- ,,Tionazin,0,1,91419,F,0,,117258.0,"0,91419,",
T,T41.1X1,T41.1X2,T41.1X3,T41.1X4,T41.1X5,T41.1X6 ,,Tiopental (sodio),0,1,91420,F,0,,117259.0,"0,91420,",
T,T41.1X1,T41.1X2,T41.1X3,T41.1X4,T41.1X5,T41.1X6 ,,Tiopentona (sodio),0,1,91421,F,0,,117260.0,"0,91421,",
T,T50.991,T50.992,T50.993,T50.994,T50.995,T50.996 ,,Tiopronin,0,1,91422,F,0,,117261.0,"0,91422,",
T,T43.3X1,T43.3X2,T43.3X3,T43.3X4,T43.3X5,T43.3X6 ,,Tiopropazato,0,1,91423,F,0,,117262.0,"0,91423,",
T,T43.3X1,T43.3X2,T43.3X3,T43.3X4,T43.3X5,T43.3X6 ,,Tioproperacina,0,1,91424,F,0,,117263.0,"0,91424,",
T,T43.3X1,T43.3X2,T43.3X3,T43.3X4,T43.3X5,T43.3X6 ,,Tioridacina,0,1,91425,F,0,,117264.0,"0,91425,",
T,T49.3X1,T49.3X2,T49.3X3,T49.3X4,T49.3X5,T49.3X6 ,,Tiosinamina,0,1,91426,F,0,,117265.0,"0,91426,",
T,T45.1X1,T45.1X2,T45.1X3,T45.1X4,T45.1X5,T45.1X6 ,,Tiotepa,0,1,91427,F,0,,117266.0,"0,91427,",
T,T43.4X1,T43.4X2,T43.4X3,T43.4X4,T43.4X5,T43.4X6 ,,Tiotixeno,0,1,91429,F,0,,117268.0,"0,91429,",
T,T38.2X1,T38.2X2,T38.2X3,T38.2X4,T38.2X5,T38.2X6 ,,Tiouracilo (bencilo) (metilo) (propilo),0,1,91430,F,0,,117269.0,"0,91430,",
T,T38.2X1,T38.2X2,T38.2X3,T38.2X4,T38.2X5,T38.2X6 ,,Tiourea,0,1,91431,F,0,,117270.0,"0,91431,",
T,T49.4X1,T49.4X2,T49.4X3,T49.4X4,T49.4X5,T49.4X6 ,,Tioxolona,0,1,91432,F,0,,117271.0,"0,91432,",
T,T48.3X1,T48.3X2,T48.3X3,T48.3X4,T48.3X5,T48.3X6 ,,Tipepidina,0,1,91433,F,0,,117272.0,"0,91433,",
T,T44.3X1,T44.3X2,T44.3X3,T44.3X4,T44.3X5,T44.3X6 ,,"Tiquicio, bromuro de",0,1,91434,F,0,,117273.0,"0,91434,",
T,T60.3X1,T60.3X2,T60.3X3,T60.3X4,-,-- ,,Tiram,0,0,91435,F,0,,117274.0,"0,91435,",
T,T38.1X1,T38.1X2,T38.1X3,T38.1X4,T38.1X5,T38.1X6 ,,Tiratricol,0,1,91437,F,0,,117276.0,"0,91437,",
T,T38.811,T38.812,T38.813,T38.814,T38.815,T38.816 ,,"Tireotrófica, hormona",0,1,91438,F,0,,117277.0,"0,91438,",
T,T38.1X1,T38.1X2,T38.1X3,T38.1X4,T38.1X5,T38.1X6 ,,Tiroglobulina,0,1,91439,F,0,,117278.0,"0,91439,",
T,T38.1X1,T38.1X2,T38.1X3,T38.1X4,T38.1X5,T38.1X6 ,,Tiroides (hormona),0,1,91440,F,0,,117279.0,"0,91440,",
T,T38.1X1,T38.1X2,T38.1X3,T38.1X4,T38.1X5,T38.1X6 ,,Tirolar,0,1,91441,F,0,,117280.0,"0,91441,",
T,T50.8X1,T50.8X2,T50.8X3,T50.8X4,T50.8X5,T50.8X6 ,,Tiropanoato,0,1,91442,F,0,,117281.0,"0,91442,",
T,T49.6X1,T49.6X2,T49.6X3,T49.6X4,T49.6X5,T49.6X6 ,,Tirotricina,0,0,91443,F,0,,117282.0,"0,91443,",
T,T38.811,T38.812,T38.813,T38.814,T38.815,T38.816 ,,Tirotropina,0,1,91447,F,0,,117286.0,"0,91447,",
T,T38.811,T38.812,T38.813,T38.814,T38.815,T38.816 ,,"Tirotrópica, hormona",0,1,91446,F,0,,117285.0,"0,91446,",
T,T38.1X1,T38.1X2,T38.1X3,T38.1X4,T38.1X5,T38.1X6 ,,Tiroxina,0,1,91448,F,0,,117287.0,"0,91448,",
T,T50.4X1,T50.4X2,T50.4X3,T50.4X4,T50.4X5,T50.4X6 ,,Tisopurina,0,1,91449,F,0,,117288.0,"0,91449,",
T,T56.891,T56.892,T56.893,T56.894,-,-- ,,Titanio (compuestos) (emanaciones),0,0,91450,F,0,,117289.0,"0,91450,",
T,T56.891,T56.892,T56.893,T56.894,-,-- ,,Titanoceno,0,1,91455,F,0,,117294.0,"0,91455,",
T,T38.1X1,T38.1X2,T38.1X3,T38.1X4,T38.1X5,T38.1X6 ,,Titroide,0,1,91456,F,0,,117295.0,"0,91456,",
T,T42.8X1,T42.8X2,T42.8X3,T42.8X4,T42.8X5,T42.8X6 ,,Tizanidina,0,1,91457,F,0,,117296.0,"0,91457,",
T,T50.991,T50.992,T50.993,T50.994,T50.995,T50.996 ,,Tióctico ácido,0,1,91410,F,0,,117249.0,"0,91410,",
T,T36.5X1,T36.5X2,T36.5X3,T36.5X4,T36.5X5,T36.5X6 ,,Tobramicina,0,1,91462,F,0,,117301.0,"0,91462,",
T,T46.2X1,T46.2X2,T46.2X3,T46.2X4,T46.2X5,T46.2X6 ,,Tocainida,0,1,91463,F,0,,117302.0,"0,91463,",
T,T45.2X1,T45.2X2,T45.2X3,T45.2X4,T45.2X5,T45.2X6 ,,Tocoferol,0,0,91465,F,0,,117304.0,"0,91465,",
T,T48.0X1,T48.0X2,T48.0X3,T48.0X4,T48.0X5,T48.0X6 ,,Tocosamina,0,1,91467,F,0,,117306.0,"0,91467,",
T,T46.5X1,T46.5X2,T46.5X3,T46.5X4,T46.5X5,T46.5X6 ,,Todralacina,0,1,91468,F,0,,117307.0,"0,91468,",
T,T42.4X1,T42.4X2,T42.4X3,T42.4X4,T42.4X5,T42.4X6 ,,Tofisopam,0,1,91469,F,0,,117308.0,"0,91469,",
T,T43.011,T43.012,T43.013,T43.014,T43.015,T43.016 ,,Tofranil,0,1,91470,F,0,,117309.0,"0,91470,",
T,T44.7X1,T44.7X2,T44.7X3,T44.7X4,T44.7X5,T44.7X6 ,,Tolamolol,0,1,91471,F,0,,117310.0,"0,91471,",
T,T38.3X1,T38.3X2,T38.3X3,T38.3X4,T38.3X5,T38.3X6 ,,Tolazamida,0,1,91472,F,0,,117311.0,"0,91472,",
T,T46.7X1,T46.7X2,T46.7X3,T46.7X4,T46.7X5,T46.7X6 ,,Tolazolina,0,1,91473,F,0,,117312.0,"0,91473,",
T,T38.3X1,T38.3X2,T38.3X3,T38.3X4,T38.3X5,T38.3X6 ,,Tolbutamida (sodio),0,1,91474,F,0,,117313.0,"0,91474,",
T,T49.0X1,T49.0X2,T49.0X3,T49.0X4,T49.0X5,T49.0X6 ,,Tolciclato,0,1,91475,F,0,,117314.0,"0,91475,",
T,T65.0X1,T65.0X2,T65.0X3,T65.0X4,-,-- ,,"Tolileno-2 ,4-diisocianato",0,1,91476,F,0,,117315.0,"0,91476,",
T,T39.391,T39.392,T39.393,T39.394,T39.395,T39.396 ,,Tolmetina,0,1,91477,F,0,,117316.0,"0,91477,",
T,T49.0X1,T49.0X2,T49.0X3,T49.0X4,T49.0X5,T49.0X6 ,,Tolnaftato,0,1,91478,F,0,,117317.0,"0,91478,",
T,T46.5X1,T46.5X2,T46.5X3,T46.5X4,T46.5X5,T46.5X6 ,,Tolonidina,0,1,91479,F,0,,117318.0,"0,91479,",
T,T42.6X1,T42.6X2,T42.6X3,T42.6X4,T42.6X5,T42.6X6 ,,Toloxatona,0,1,91480,F,0,,117319.0,"0,91480,",
T,T44.3X1,T44.3X2,T44.3X3,T44.3X4,T44.3X5,T44.3X6 ,,Tolperisona,0,1,91481,F,0,,117320.0,"0,91481,",
T,T42.8X1,T42.8X2,T42.8X3,T42.8X4,T42.8X5,T42.8X6 ,,Tolserol,0,1,91482,F,0,,117321.0,"0,91482,",
T,T52.2X1,T52.2X2,T52.2X3,T52.2X4,-,-,,Tolueno (líquido),0,0,91485,F,0,,117324.0,"0,91485,",
T,T65.891,T65.892,T65.893,T65.894,-,-- ,,Toluidina,0,0,91487,F,0,,117326.0,"0,91487,",
T,T65.3X1,T65.3X2,T65.3X3,T65.3X4,-,-- ,,Toluilenediamina,0,1,91489,F,0,,117328.0,"0,91489,",
T,T45.0X1,T45.0X2,T45.0X3,T45.0X4,T45.0X5,T45.0X6 ,,Tonzilamina (sistémico),0,0,91491,F,0,,117330.0,"0,91491,",
T,T44.3X1,T44.3X2,T44.3X3,T44.3X4,T44.3X5,T44.3X6 ,,Toquicina,0,1,91498,F,0,,117337.0,"0,91498,",
T,T43.3X1,T43.3X2,T43.3X3,T43.3X4,T43.3X5,T43.3X6 ,,Toracina,0,1,91499,F,0,,117338.0,"0,91499,",
T,T38.6X1,T38.6X2,T38.6X3,T38.6X4,T38.6X5,T38.6X6 ,,Toremifeno,0,1,91500,F,0,,117339.0,"0,91500,",
T,T50.8X1,T50.8X2,T50.8X3,T50.8X4,T50.8X5,T50.8X6 ,,"Torio, suspensión de dióxido de",0,1,91501,F,0,,117340.0,"0,91501,",
T,T48.4X1,T48.4X2,T48.4X3,T48.4X4,T48.4X5,T48.4X6 ,,"Tos, mezcla (jarabe)",0,0,91502,F,0,,117341.0,"0,91502,",
T,T49.8X1,T49.8X2,T49.8X3,T49.8X4,T49.8X5,T49.8X6 ,,Tosilcloramida de sodio,0,1,91505,F,0,,117344.0,"0,91505,",
T,T60.1X1,T60.1X2,T60.1X3,T60.1X4,-,-- ,,Toxafeno (polvo) (spray),0,1,91506,F,0,,117345.0,"0,91506,",
T,T50.8X1,T50.8X2,T50.8X3,T50.8X4,T50.8X5,T50.8X6 ,,"Toxina, difteria (Schick Test)",0,1,91507,F,0,,117346.0,"0,91507,",
T,,,,,, ,,Toxoide,0,0,91508,F,0,,117347.0,"0,91508,",
T,T52.0X1,T52.0X2,T52.0X3,T52.0X4,-,-- ,,"Tractor, combustible NCOC",0,1,91512,F,0,,117351.0,"0,91512,",
T,T50.991,T50.992,T50.993,T50.994,T50.995,T50.996 ,,Tragacanto,0,1,91513,F,0,,117352.0,"0,91513,",
T,T40.421,T40.422,T40.423,T40.424,T40.425,T40.426,,Tramadol,0,1,91514,F,0,,117353.0,"0,91514,",
T,T48.5X1,T48.5X2,T48.5X3,T48.5X4,T48.5X5,T48.5X6 ,,Tramazolina,0,1,91515,F,0,,117354.0,"0,91515,",
T,T45.621,T45.622,T45.623,T45.624,T45.625,T45.626 ,,"Tranexámico, ácido",0,1,91516,F,0,,117355.0,"0,91516,",
T,T45.0X1,T45.0X2,T45.0X3,T45.0X4,T45.0X5,T45.0X6 ,,Tranilast,0,1,91517,F,0,,117356.0,"0,91517,",
T,T43.1X1,T43.1X2,T43.1X3,T43.1X4,T43.1X5,T43.1X6 ,,Tranilcipromina,0,1,91518,F,0,,117357.0,"0,91518,",
T,T43.501,T43.502,T43.503,T43.504,T43.505,T43.506 ,,Tranquilizante NCOC,0,0,91519,F,0,,117358.0,"0,91519,",
T,T37.91,T37.92,T37.93,T37.94,T37.95,T37.96 ,,Trantoína,0,1,91535,F,0,,117375.0,"0,91535,",
T,T42.4X1,T42.4X2,T42.4X3,T42.4X4,T42.4X5,T42.4X6 ,,Tranxeno,0,1,91536,F,0,,117376.0,"0,91536,",
T,T46.3X1,T46.3X2,T46.3X3,T46.3X4,T46.3X5,T46.3X6 ,,Trapidil,0,1,91537,F,0,,117377.0,"0,91537,",
T,T44.3X1,T44.3X2,T44.3X3,T44.3X4,T44.3X5,T44.3X6 ,,Trasentina,0,1,91538,F,0,,117378.0,"0,91538,",
T,T50.3X1,T50.3X2,T50.3X3,T50.3X4,T50.3X5,T50.3X6 ,,Travert,0,1,91539,F,0,,117379.0,"0,91539,",
T,T45.8X1,T45.8X2,T45.8X3,T45.8X4,T45.8X5,T45.8X6 ,,"Traza, elemento NCOC",0,1,91540,F,0,,117380.0,"0,91540,",
T,T43.211,T43.212,T43.213,T43.214,T43.215,T43.216 ,,Trazodona,0,1,91541,F,0,,117381.0,"0,91541,",
T,T37.1X1,T37.1X2,T37.1X3,T37.1X4,T37.1X5,T37.1X6 ,,Trecator,0,1,91542,F,0,,117382.0,"0,91542,",
T,T52.8X1,T52.8X2,T52.8X3,T52.8X4,-,-- ,,"Trementina, esencia de",0,0,91543,F,0,,117383.0,"0,91543,",
T,T45.1X1,T45.1X2,T45.1X3,T45.1X4,T45.1X5,T45.1X6 ,,Treosulfan,0,1,91545,F,0,,117385.0,"0,91545,",
T,T45.1X1,T45.1X2,T45.1X3,T45.1X4,T45.1X5,T45.1X6 ,,Tretamina,0,1,91546,F,0,,117386.0,"0,91546,",
T,T49.0X1,T49.0X2,T49.0X3,T49.0X4,T49.0X5,T49.0X6 ,,Tretinoína,0,1,91547,F,0,,117387.0,"0,91547,",
T,T48.6X1,T48.6X2,T48.6X3,T48.6X4,T48.6X5,T48.6X6 ,,Tretoquinol,0,1,91548,F,0,,117388.0,"0,91548,",
T,T36.3X1,T36.3X2,T36.3X3,T36.3X4,T36.3X5,T36.3X6 ,,Triacetiloleandomicina,0,1,91549,F,0,,117389.0,"0,91549,",
T,T49.0X1,T49.0X2,T49.0X3,T49.0X4,T49.0X5,T49.0X6 ,,Triacetina,0,1,91550,F,0,,117390.0,"0,91550,",
T,T49.4X1,T49.4X2,T49.4X3,T49.4X4,T49.4X5,T49.4X6 ,,Triacetoxiantraceno,0,1,91551,F,0,,117391.0,"0,91551,",
T,T45.1X1,T45.1X2,T45.1X3,T45.1X4,T45.1X5,T45.1X6 ,,Triacicuona,0,1,91552,F,0,,117392.0,"0,91552,",
T,T38.0X1,T38.0X2,T38.0X3,T38.0X4,T38.0X5,T38.0X6,,Triamcinolona,0,0,91553,F,0,,117393.0,"0,91553,",
T,T44.3X1,T44.3X2,T44.3X3,T44.3X4,T44.3X5,T44.3X6 ,,Triampicina,0,1,91558,F,0,,117398.0,"0,91558,",
T,T50.2X1,T50.2X2,T50.2X3,T50.2X4,T50.2X5,T50.2X6 ,,Triamtereno,0,1,91559,F,0,,117399.0,"0,91559,",
T,T60.3X1,T60.3X2,T60.3X3,T60.3X4,-,-- ,,Triazina (herbicida),0,1,91560,F,0,,117400.0,"0,91560,",
T,T60.3X1,T60.3X2,T60.3X3,T60.3X4,-,-- ,,Triazol (herbicida),0,1,91561,F,0,,117401.0,"0,91561,",
T,T42.4X1,T42.4X2,T42.4X3,T42.4X4,T42.4X5,T42.4X6 ,,Triazolam,0,1,91562,F,0,,117402.0,"0,91562,",
T,T46.991,T46.992,T46.993,T46.994,T46.995,T46.996 ,,Tribenosida,0,1,91563,F,0,,117403.0,"0,91563,",
T,T42.6X1,T42.6X2,T42.6X3,T42.6X4,T42.6X5,T42.6X6 ,,Tribromacetaldehído,0,1,91564,F,0,,117404.0,"0,91564,",
T,T41.291,T41.292,T41.293,T41.294,T41.295,T41.296 ,,Tribromoetanol rectal,0,1,91565,F,0,,117405.0,"0,91565,",
T,T42.6X1,T42.6X2,T42.6X3,T42.6X4,T42.6X5,T42.6X6 ,,Tribromometano,0,1,91566,F,0,,117406.0,"0,91566,",
T,T44.3X1,T44.3X2,T44.3X3,T44.3X4,T44.3X5,T44.3X6 ,,"Triciclamol, cloruro",0,1,91567,F,0,,117407.0,"0,91567,",
T,T49.0X1,T49.0X2,T49.0X3,T49.0X4,T49.0X5,T49.0X6 ,,"Triclobisonio, cloruro",0,1,91568,F,0,,117408.0,"0,91568,",
T,T49.0X1,T49.0X2,T49.0X3,T49.0X4,T49.0X5,T49.0X6 ,,Triclocarban,0,1,91569,F,0,,117409.0,"0,91569,",
T,T42.6X1,T42.6X2,T42.6X3,T42.6X4,T42.6X5,T42.6X6 ,,Triclofos,0,1,91570,F,0,,117410.0,"0,91570,",
T,T53.2X1,T53.2X2,T53.2X3,T53.2X4,-,-- ,,Tricloretano,0,1,91571,F,0,,117411.0,"0,91571,",
T,T60.0X1,T60.0X2,T60.0X3,T60.0X4,-,-- ,,Triclorfón,0,1,91572,F,0,,117412.0,"0,91572,",
T,T50.2X1,T50.2X2,T50.2X3,T50.2X4,T50.2X5,T50.2X6 ,,Triclormetiacida,0,1,91573,F,0,,117413.0,"0,91573,",
T,T45.1X1,T45.1X2,T45.1X3,T45.1X4,T45.1X5,T45.1X6 ,,Triclormetina,0,1,91574,F,0,,117414.0,"0,91574,",
T,T54.2X1,T54.2X2,T54.2X3,T54.2X4,-,-- ,,"Tricloroacético, ácido",0,0,91575,F,0,,117415.0,"0,91575,",
T,T53.2X1,T53.2X2,T53.2X3,T53.2X4,-,-- ,,Tricloroetano,0,1,91577,F,0,,117417.0,"0,91577,",
T,T42.6X1,T42.6X2,T42.6X3,T42.6X4,T42.6X5,T42.6X6 ,,Tricloroetanol,0,1,91578,F,0,,117418.0,"0,91578,",
T,T42.6X1,T42.6X2,T42.6X3,T42.6X4,T42.6X5,T42.6X6 ,,Tricloroetil fosfato,0,1,91579,F,0,,117419.0,"0,91579,",
T,T53.2X1,T53.2X2,T53.2X3,T53.2X4,-,-- ,,Tricloroetileno (líquido) (emanaciones),0,0,91581,F,0,,117421.0,"0,91581,",
T,T53.5X1,T53.5X2,T53.5X3,T53.5X4,-,-- ,,Triclorofluorometano NCOC,0,1,91584,F,0,,117424.0,"0,91584,",
T,T60.0X1,T60.0X2,T60.0X3,T60.0X4,-,-- ,,Tricloronato,0,1,91585,F,0,,117425.0,"0,91585,",
T,T53.6X1,T53.6X2,T53.6X3,T53.6X4,-,-- ,,Tricloropropano,0,1,91586,F,0,,117426.0,"0,91586,",
T,T45.1X1,T45.1X2,T45.1X3,T45.1X4,T45.1X5,T45.1X6 ,,Triclorotrietilamina,0,1,91587,F,0,,117427.0,"0,91587,",
T,T49.0X1,T49.0X2,T49.0X3,T49.0X4,T49.0X5,T49.0X6 ,,Triclosan,0,1,91588,F,0,,117428.0,"0,91588,",
T,T36.7X1,T36.7X2,T36.7X3,T36.7X4,T36.7X5,T36.7X6 ,,Tricomicina,0,1,91589,F,0,,117429.0,"0,91589,",
T,T37.3X1,T37.3X2,T37.3X3,T37.3X4,T37.3X5,T37.3X6 ,,Tricomonacidas NCOC,0,1,91590,F,0,,117430.0,"0,91590,",
T,T65.891,T65.892,T65.893,T65.894,-,-- ,,Tricresilo fosfato,0,0,91591,F,0,,117431.0,"0,91591,",
T,T49.0X1,T49.0X2,T49.0X3,T49.0X4,T49.0X5,T49.0X6 ,,Tridesilon,0,1,91593,F,0,,117433.0,"0,91593,",
T,T44.3X1,T44.3X2,T44.3X3,T44.3X4,T44.3X5,T44.3X6 ,,"Tridihexetil, yoduro",0,1,91594,F,0,,117434.0,"0,91594,",
T,T42.2X1,T42.2X2,T42.2X3,T42.2X4,T42.2X5,T42.2X6 ,,Tridiona,0,1,91595,F,0,,117435.0,"0,91595,",
T,T45.8X1,T45.8X2,T45.8X3,T45.8X4,T45.8X5,T45.8X6 ,,Trientina,0,1,91596,F,0,,117436.0,"0,91596,",
T,T54.3X1,T54.3X2,T54.3X3,T54.3X4,-,-- ,,Trietanolamina NCOC,0,0,91597,F,0,,117437.0,"0,91597,",
T,T45.1X1,T45.1X2,T45.1X3,T45.1X4,T45.1X5,T45.1X6 ,,Trietanomelamina,0,1,91600,F,0,,117440.0,"0,91600,",
T,T45.1X1,T45.1X2,T45.1X3,T45.1X4,T45.1X5,T45.1X6 ,,Trietilenefosforamida,0,1,91601,F,0,,117441.0,"0,91601,",
T,T45.1X1,T45.1X2,T45.1X3,T45.1X4,T45.1X5,T45.1X6 ,,Trietilenetiofosforamida,0,1,91602,F,0,,117442.0,"0,91602,",
T,T45.1X1,T45.1X2,T45.1X3,T45.1X4,T45.1X5,T45.1X6 ,,Trietilenomelamina,0,1,91603,F,0,,117443.0,"0,91603,",
T,T65.891,T65.892,T65.893,T65.894,-,-- ,,Trifenilfosfato,0,1,91604,F,0,,117444.0,"0,91604,",
T,T43.3X1,T43.3X2,T43.3X3,T43.3X4,T43.3X5,T43.3X6 ,,Trifluoperacina,0,1,91605,F,0,,117445.0,"0,91605,",
T,T41.0X1,T41.0X2,T41.0X3,T41.0X4,T41.0X5,T41.0X6 ,,Trifluoroetil vinil éter,0,1,91606,F,0,,117446.0,"0,91606,",
T,T43.4X1,T43.4X2,T43.4X3,T43.4X4,T43.4X5,T43.4X6 ,,Trifluperidol,0,1,91607,F,0,,117447.0,"0,91607,",
T,T43.3X1,T43.3X2,T43.3X3,T43.3X4,T43.3X5,T43.3X6 ,,Triflupromacina,0,1,91608,F,0,,117448.0,"0,91608,",
T,T37.5X1,T37.5X2,T37.5X3,T37.5X4,T37.5X5,T37.5X6 ,,Trifluridina,0,1,91609,F,0,,117449.0,"0,91609,",
T,T45.521,T45.522,T45.523,T45.524,T45.525,T45.526 ,,Triflusal,0,1,91610,F,0,,117450.0,"0,91610,",
T,T44.3X1,T44.3X2,T44.3X3,T44.3X4,T44.3X5,T44.3X6 ,,Trihexifenidilo,0,1,91611,F,0,,117451.0,"0,91611,",
T,T41.0X1,T41.0X2,T41.0X3,T41.0X4,T41.0X5,T41.0X6 ,,Trileno,0,1,91612,F,0,,117452.0,"0,91612,",
T,T38.991,T38.992,T38.993,T38.994,T38.995,T38.996 ,,Trilostano,0,1,91613,F,0,,117453.0,"0,91613,",
T,T44.3X1,T44.3X2,T44.3X3,T44.3X4,T44.3X5,T44.3X6 ,,Trimebutina,0,1,91614,F,0,,117454.0,"0,91614,",
T,T41.3X1,T41.3X2,T41.3X3,T41.3X4,T41.3X5,T41.3X6 ,,Trimecaína,0,1,91615,F,0,,117455.0,"0,91615,",
T,T44.3X1,T44.3X2,T44.3X3,T44.3X4,T44.3X5,T44.3X6 ,,Trimeprazina (tartrato),0,1,91616,F,0,,117456.0,"0,91616,",
T,T42.2X1,T42.2X2,T42.2X3,T42.2X4,T42.2X5,T42.2X6 ,,Trimetadiona,0,1,91617,F,0,,117457.0,"0,91617,",
T,T44.2X1,T44.2X2,T44.2X3,T44.2X4,T44.2X5,T44.2X6 ,,Trimetafán,0,1,91618,F,0,,117458.0,"0,91618,",
T,T44.2X1,T44.2X2,T44.2X3,T44.2X4,T44.2X5,T44.2X6 ,,"Trimetafán, camsilato de",0,1,91619,F,0,,117459.0,"0,91619,",
T,T46.7X1,T46.7X2,T46.7X3,T46.7X4,T46.7X5,T46.7X6 ,,Trimetazidina,0,1,91620,F,0,,117460.0,"0,91620,",
T,T44.2X1,T44.2X2,T44.2X3,T44.2X4,T44.2X5,T44.2X6 ,,Trimetidinio,0,1,91621,F,0,,117461.0,"0,91621,",
T,T51.3X1,T51.3X2,T51.3X3,T51.3X4,-,-- ,,Trimetilcarbinol,0,1,91622,F,0,,117462.0,"0,91622,",
T,T49.3X1,T49.3X2,T49.3X3,T49.3X4,T49.3X5,T49.3X6 ,,Trimetilpsoraleno,0,1,91623,F,0,,117463.0,"0,91623,",
T,T45.0X1,T45.0X2,T45.0X3,T45.0X4,T45.0X5,T45.0X6 ,,Trimetobenzamida,0,1,91624,F,0,,117464.0,"0,91624,",
T,T45.0X1,T45.0X2,T45.0X3,T45.0X4,T45.0X5,T45.0X6 ,,Trimeton,0,1,91625,F,0,,117465.0,"0,91625,",
T,T37.8X1,T37.8X2,T37.8X3,T37.8X4,T37.8X5,T37.8X6 ,,Trimetoprim,0,0,91626,F,0,,117466.0,"0,91626,",
T,T45.1X1,T45.1X2,T45.1X3,T45.1X4,T45.1X5,T45.1X6 ,,Trimetrexato,0,1,91628,F,0,,117468.0,"0,91628,",
T,T43.011,T43.012,T43.013,T43.014,T43.015,T43.016 ,,Trimipramina,0,1,91629,F,0,,117469.0,"0,91629,",
T,T45.1X1,T45.1X2,T45.1X3,T45.1X4,T45.1X5,T45.1X6 ,,Trimustina,0,1,91630,F,0,,117470.0,"0,91630,",
T,T65.3X1,T65.3X2,T65.3X3,T65.3X4,-,-- ,,Trinitrobenzol,0,1,91632,F,0,,117472.0,"0,91632,",
T,T65.3X1,T65.3X2,T65.3X3,T65.3X4,-,-- ,,Trinitrofenol,0,1,91633,F,0,,117473.0,"0,91633,",
T,T65.891,T65.892,T65.893,T65.894,-,-,,Trinitrotolueno,0,0,91634,F,0,,117474.0,"0,91634,",
T,T65.3X1,T65.3X2,T65.3X3,T65.3X4,-,-,,Trinitrotolueno (gases),0,1,91636,F,0,,117476.0,"0,91636,",
T,T46.3X1,T46.3X2,T46.3X3,T46.3X4,T46.3X5,T46.3X6 ,,Trinitrín,0,1,91631,F,0,,117471.0,"0,91631,",
T,T42.6X1,T42.6X2,T42.6X3,T42.6X4,T42.6X5,T42.6X6 ,,Trional,0,1,91637,F,0,,117477.0,"0,91637,",
T,T65.891,T65.892,T65.893,T65.894,-,-- ,,Triortocresilo fosfato,0,1,91638,F,0,,117478.0,"0,91638,",
T,T49.4X1,T49.4X2,T49.4X3,T49.4X4,T49.4X5,T49.4X6 ,,Trioxisalén,0,1,91640,F,0,,117480.0,"0,91640,",
T,T50.2X1,T50.2X2,T50.2X3,T50.2X4,T50.2X5,T50.2X6 ,,Tripamide,0,1,91641,F,0,,117481.0,"0,91641,",
T,T46.6X1,T46.6X2,T46.6X3,T46.6X4,T46.6X5,T46.6X6 ,,Triparanol,0,1,91642,F,0,,117482.0,"0,91642,",
T,T37.3X1,T37.3X2,T37.3X3,T37.3X4,T37.3X5,T37.3X6 ,,Triparsamida,0,1,91643,F,0,,117483.0,"0,91643,",
T,T45.0X1,T45.0X2,T45.0X3,T45.0X4,T45.0X5,T45.0X6 ,,Tripelenamina,0,1,91644,F,0,,117484.0,"0,91644,",
T,T44.3X1,T44.3X2,T44.3X3,T44.3X4,T44.3X5,T44.3X6 ,,Triperiden,0,1,91645,F,0,,117485.0,"0,91645,",
T,T43.4X1,T43.4X2,T43.4X3,T43.4X4,T43.4X5,T43.4X6 ,,Triperidol,0,1,91646,F,0,,117486.0,"0,91646,",
T,,,,,, ,,Triple,0,0,91647,F,0,,117487.0,"0,91647,",
T,T45.0X1,T45.0X2,T45.0X3,T45.0X4,T45.0X5,T45.0X6 ,,Triprolidina,0,1,91654,F,0,,117494.0,"0,91654,",
T,T45.3X1,T45.3X2,T45.3X3,T45.3X4,T45.3X5,T45.3X6 ,,Tripsina,0,1,91655,F,0,,117495.0,"0,91655,",
T,T43.011,T43.012,T43.013,T43.014,T43.015,T43.016 ,,Triptizol,0,1,91656,F,0,,117496.0,"0,91656,",
T,T49.3X1,T49.3X2,T49.3X3,T49.3X4,T49.3X5,T49.3X6 ,,Trisoralen,0,1,91658,F,0,,117498.0,"0,91658,",
T,T37.0X1,T37.0X2,T37.0X3,T37.0X4,T37.0X5,T37.0X6 ,,Trisulfapirimidinas,0,1,91659,F,0,,117499.0,"0,91659,",
T,T50.6X1,T50.6X2,T50.6X3,T50.6X4,T50.6X5,T50.6X6 ,,"Trisódico, edetato de hidrógeno",0,1,91657,F,0,,117497.0,"0,91657,",
T,T44.3X1,T44.3X2,T44.3X3,T44.3X4,T44.3X5,T44.3X6 ,,Tritiocina,0,1,91661,F,0,,117501.0,"0,91661,",
T,T45.0X1,T45.0X2,T45.0X3,T45.0X4,T45.0X5,T45.0X6 ,,Tritocualina,0,1,91662,F,0,,117502.0,"0,91662,",
T,T38.1X1,T38.1X2,T38.1X3,T38.1X4,T38.1X5,T38.1X6 ,,Triyodotironina,0,1,91663,F,0,,117503.0,"0,91663,",
T,T57.0X1,T57.0X2,T57.0X3,T57.0X4,-,-- ,,Trióxido de arsénico,0,1,91639,F,0,,117479.0,"0,91639,",
T,T45.1X1,T45.1X2,T45.1X3,T45.1X4,T45.1X5,T45.1X6 ,,Trofosfamida,0,1,91664,F,0,,117504.0,"0,91664,",
T,T36.3X1,T36.3X2,T36.3X3,T36.3X4,T36.3X5,T36.3X6 ,,Troleandomicina,0,1,91665,F,0,,117505.0,"0,91665,",
T,T46.3X1,T46.3X2,T46.3X3,T46.3X4,T46.3X5,T46.3X6 ,,Trolnitrato (fosfato),0,1,91666,F,0,,117506.0,"0,91666,",
T,T37.5X1,T37.5X2,T37.5X3,T37.5X4,T37.5X5,T37.5X6 ,,Tromantadina,0,1,91667,F,0,,117507.0,"0,91667,",
T,T45.7X1,T45.7X2,T45.7X3,T45.7X4,T45.7X5,T45.7X6 ,,Trombina,0,1,91668,F,0,,117508.0,"0,91668,",
T,T45.611,T45.612,T45.613,T45.614,T45.615,T45.616 ,,Trombolisin,0,1,91669,F,0,,117509.0,"0,91669,",
T,T45.7X1,T45.7X2,T45.7X3,T45.7X4,T45.7X5,T45.7X6 ,,Tromboplastina,0,1,91670,F,0,,117510.0,"0,91670,",
T,T50.2X1,T50.2X2,T50.2X3,T50.2X4,T50.2X5,T50.2X6 ,,Trometamina,0,1,91671,F,0,,117511.0,"0,91671,",
T,T50.2X1,T50.2X2,T50.2X3,T50.2X4,T50.2X5,T50.2X6 ,,Trometamol,0,1,91672,F,0,,117512.0,"0,91672,",
T,T41.3X1,T41.3X2,T41.3X3,T41.3X4,T41.3X5,T41.3X6 ,,Tronotano,0,1,91673,F,0,,117513.0,"0,91673,",
T,T44.3X1,T44.3X2,T44.3X3,T44.3X4,T44.3X5,T44.3X6 ,,Tropacine,0,1,91674,F,0,,117514.0,"0,91674,",
T,T44.3X1,T44.3X2,T44.3X3,T44.3X4,T44.3X5,T44.3X6 ,,Tropatepina,0,1,91675,F,0,,117515.0,"0,91675,",
T,T44.3X1,T44.3X2,T44.3X3,T44.3X4,T44.3X5,T44.3X6 ,,Tropicamida,0,1,91676,F,0,,117516.0,"0,91676,",
T,T44.3X1,T44.3X2,T44.3X3,T44.3X4,T44.3X5,T44.3X6 ,,"Trospio, cloruro de",0,1,91677,F,0,,117517.0,"0,91677,",
T,T46.991,T46.992,T46.993,T46.994,T46.995,T46.996 ,,Troxerutina,0,1,91678,F,0,,117518.0,"0,91678,",
T,T42.2X1,T42.2X2,T42.2X3,T42.2X4,T42.2X5,T42.2X6 ,,Troxidona,0,1,91679,F,0,,117519.0,"0,91679,",
T,T48.5X1,T48.5X2,T48.5X3,T48.5X4,T48.5X5,T48.5X6 ,,Tuaminoheptano,0,1,91681,F,0,,117521.0,"0,91681,",
T,T60.2X1,T60.2X2,T60.2X3,T60.2X4,-,-- ,,"Tuba, raíz de",0,1,91682,F,0,,117522.0,"0,91682,",
T,T50.8X1,T50.8X2,T50.8X3,T50.8X4,T50.8X5,T50.8X6 ,,"Tuberculina, derivado proteico purificado (PPD)",0,1,91683,F,0,,117523.0,"0,91683,",
T,T48.1X1,T48.1X2,T48.1X3,T48.1X4,T48.1X5,T48.1X6 ,,Tubocurare,0,1,91684,F,0,,117524.0,"0,91684,",
T,T48.1X1,T48.1X2,T48.1X3,T48.1X4,T48.1X5,T48.1X6 ,,Tubocurarina (cloruro),0,1,91685,F,0,,117525.0,"0,91685,",
T,T48.6X1,T48.6X2,T48.6X3,T48.6X4,T48.6X5,T48.6X6 ,,Tulobuterol,0,1,91686,F,0,,117526.0,"0,91686,",
T,T46.7X1,T46.7X2,T46.7X3,T46.7X4,T46.7X5,T46.7X6 ,,"Turfílico, nicotinato",0,1,91687,F,0,,117527.0,"0,91687,",
T,T49.2X1,T49.2X2,T49.2X3,T49.2X4,T49.2X5,T49.2X6 ,,"Tánico, ácido ",0,0,91217,F,0,,117056.0,"0,91217,",
T,T37.8X1,T37.8X2,T37.8X3,T37.8X4,T37.8X5,T37.8X6 ,,"Tártaro, emético",0,1,91232,F,0,,117071.0,"0,91232,",
T,T50.901,T50.902,T50.903,T50.904,T50.905,T50.906 ,,Tónico NCOC,0,1,91490,F,0,,117329.0,"0,91490,",
T,T49.91,T49.92,T49.93,T49.94,T49.95,T49.96 ,,"Tópica, fármacos de acción NCOC",0,0,91493,F,0,,117332.0,"0,91493,",
U,T49.5X1,T49.5X2,T49.5X3,T49.5X4,T49.5X5,T49.5X6 ,,UDI,0,1,91688,F,0,,117528.0,"0,91688,",
U,T39.391,T39.392,T39.393,T39.394,T39.395,T39.396 ,,Ufenamato,0,1,91689,F,0,,117529.0,"0,91689,",
U,T49.0X1,T49.0X2,T49.0X3,T49.0X4,T49.0X5,T49.0X6 ,,"Undecenoico, ácido",0,1,91690,F,0,,117530.0,"0,91690,",
U,T49.0X1,T49.0X2,T49.0X3,T49.0X4,T49.0X5,T49.0X6 ,,"Undecilénico, ácido (derivados)",0,1,91691,F,0,,117531.0,"0,91691,",
U,T49.0X1,T49.0X2,T49.0X3,T49.0X4,T49.0X5,T49.0X6 ,,Undecoilio,0,1,91692,F,0,,117532.0,"0,91692,",
U,T49.3X1,T49.3X2,T49.3X3,T49.3X4,T49.3X5,T49.3X6 ,,Ungüento NCOC,0,1,91693,F,0,,117533.0,"0,91693,",
U,T49.3X1,T49.3X2,T49.3X3,T49.3X4,T49.3X5,T49.3X6 ,,"Unna, bota de pasta de",0,1,91694,F,0,,117534.0,"0,91694,",
U,T45.1X1,T45.1X2,T45.1X3,T45.1X4,T45.1X5,T45.1X6 ,,Uracilo mostaza,0,1,91695,F,0,,117535.0,"0,91695,",
U,T45.1X1,T45.1X2,T45.1X3,T45.1X4,T45.1X5,T45.1X6 ,,Uramustina,0,1,91696,F,0,,117536.0,"0,91696,",
U,T46.5X1,T46.5X2,T46.5X3,T46.5X4,T46.5X5,T46.5X6 ,,Urapidil,0,1,91697,F,0,,117537.0,"0,91697,",
U,T48.1X1,T48.1X2,T48.1X3,T48.1X4,T48.1X5,T48.1X6 ,,Urari,0,1,91698,F,0,,117538.0,"0,91698,",
U,T50.4X1,T50.4X2,T50.4X3,T50.4X4,T50.4X5,T50.4X6 ,,Urato oxidasa,0,1,91699,F,0,,117539.0,"0,91699,",
U,T47.3X1,T47.3X2,T47.3X3,T47.3X4,T47.3X5,T47.3X6 ,,Urea,0,0,91700,F,0,,117540.0,"0,91700,",
U,T45.1X1,T45.1X2,T45.1X3,T45.1X4,T45.1X5,T45.1X6 ,,Uretano,0,1,91704,F,0,,117544.0,"0,91704,",
U,,,,,, ,,Urginea (maritima) (Scilla) - véase Scilla,0,1,91705,F,0,,117545.0,"0,91705,",
U,T50.4X1,T50.4X2,T50.4X3,T50.4X4,T50.4X5,T50.4X6 ,,"Uricosúrico, agente",0,1,91707,F,0,,117547.0,"0,91707,",
U,T37.8X1,T37.8X2,T37.8X3,T37.8X4,T37.8X5,T37.8X6 ,,"Urinario, anti-infeccioso",0,1,91708,F,0,,117548.0,"0,91708,",
U,T38.811,T38.812,T38.813,T38.814,T38.815,T38.816 ,,Urofolitropina,0,1,91709,F,0,,117549.0,"0,91709,",
U,T50.8X1,T50.8X2,T50.8X3,T50.8X4,T50.8X5,T50.8X6 ,,Urokon,0,1,91710,F,0,,117550.0,"0,91710,",
U,T45.611,T45.612,T45.613,T45.614,T45.615,T45.616 ,,Uroquinasa,0,1,91711,F,0,,117551.0,"0,91711,",
U,T37.91,T37.92,T37.93,T37.94,T37.95,T37.96 ,,Urotropina,0,1,91712,F,0,,117552.0,"0,91712,",
U,T50.991,T50.992,T50.993,T50.994,T50.995,T50.996 ,,"Ursodesoxicólico, ácido",0,1,91713,F,0,,117553.0,"0,91713,",
U,T50.991,T50.992,T50.993,T50.994,T50.995,T50.996 ,,Ursodiol,0,1,91714,F,0,,117554.0,"0,91714,",
U,T62.2X1,T62.2X2,T62.2X3,T62.2X4,-,-- ,,Urtica,0,1,91715,F,0,,117555.0,"0,91715,",
U,T44.5X1,T44.5X2,T44.5X3,T44.5X4,T44.5X5,T44.5X6 ,,"Uterino, factor relajante ",0,1,91716,F,0,,117556.0,"0,91716,",
V,T50.Z11-,T50.Z12-,T50.Z13-,T50.Z14-,T50.Z15-,T50.Z16-,,"Vaccinia, inmunoglobulina de",0,1,91717,F,0,,117557.0,"0,91717,",
V,T50.Z91-,T50.Z92-,T50.Z93-,T50.Z94-,T50.Z95-,T50.Z96-,,Vacuna contra el NCOC,0,0,91718,F,0,,117558.0,"0,91718,",
V,T49.8X1,T49.8X2,T49.8X3,T49.8X4,T49.8X5,T49.8X6 ,,"Vaginales, anticonceptivos",0,1,91759,F,0,,117599.0,"0,91759,",
V,,,,,, ,,Valeriana,0,0,91760,F,0,,117600.0,"0,91760,",
V,T44.3X1,T44.3X2,T44.3X3,T44.3X4,T44.3X5,T44.3X6 ,,"Valetamato, bromuro de",0,1,91763,F,0,,117603.0,"0,91763,",
V,T49.0X1,T49.0X2,T49.0X3,T49.0X4,T49.0X5,T49.0X6 ,,Valisona,0,1,91764,F,0,,117604.0,"0,91764,",
V,T42.4X1,T42.4X2,T42.4X3,T42.4X4,T42.4X5,T42.4X6 ,,Valium,0,1,91765,F,0,,117605.0,"0,91765,",
V,T42.6X1,T42.6X2,T42.6X3,T42.6X4,T42.6X5,T42.6X6 ,,Valmid,0,1,91766,F,0,,117606.0,"0,91766,",
V,T42.6X1,T42.6X2,T42.6X3,T42.6X4,T42.6X5,T42.6X6 ,,Valnoctamida,0,1,91767,F,0,,117607.0,"0,91767,",
V,T42.6X1,T42.6X2,T42.6X3,T42.6X4,T42.6X5,T42.6X6 ,,Valproato (sodio),0,1,91768,F,0,,117608.0,"0,91768,",
V,T42.6X1,T42.6X2,T42.6X3,T42.6X4,T42.6X5,T42.6X6 ,,"Valproico, ácido",0,1,91769,F,0,,117609.0,"0,91769,",
V,T42.6X1,T42.6X2,T42.6X3,T42.6X4,T42.6X5,T42.6X6 ,,Valpromida,0,1,91770,F,0,,117610.0,"0,91770,",
V,T56.891,T56.892,T56.893,T56.894,-,-- ,,Vanadio,0,1,91771,F,0,,117611.0,"0,91771,",
V,T36.8X1,T36.8X2,T36.8X3,T36.8X4,T36.8X5,T36.8X6 ,,Vancomicina,0,1,91772,F,0,,117612.0,"0,91772,",
V,T59.91,T59.92,T59.93,T59.94,-,-- ,,Vapor - véase además Gas,0,0,91773,F,0,,117613.0,"0,91773,",
V,T59.891,T59.892,T59.893,T59.894,-,-- ,,Vapor de líquido de frenos,0,1,91777,F,0,,117618.0,"0,91777,",
V,T46.8X1,T46.8X2,T46.8X3,T46.8X4,T46.8X5,T46.8X6,,"Varices, fármaco de reducción",0,1,91778,F,0,,117619.0,"0,91778,",
V,T49.3X1,T49.3X2,T49.3X3,T49.3X4,T49.3X5,T49.3X6 ,,Vaselina,0,1,91779,F,0,,117620.0,"0,91779,",
V,T46.7X1,T46.7X2,T46.7X3,T46.7X4,T46.7X5,T46.7X6 ,,Vasodilan,0,1,91780,F,0,,117621.0,"0,91780,",
V,,,,,, ,,Vasodilatador,0,0,91781,F,0,,117622.0,"0,91781,",
V,T38.891,T38.892,T38.893,T38.894,T38.895,T38.896 ,,Vasopresina,0,1,91784,F,0,,117625.0,"0,91784,",
V,T38.891,T38.892,T38.893,T38.894,T38.895,T38.896 ,,"Vasopresor, fármaco",0,1,91785,F,0,,117626.0,"0,91785,",
V,T48.1X1,T48.1X2,T48.1X3,T48.1X4,T48.1X5,T48.1X6 ,,"Vecuronio, bromuro de ",0,1,91786,F,0,,117627.0,"0,91786,",
V,T49.7X1,T49.7X2,T49.7X3,T49.7X4,T49.7X5,T49.7X6 ,,Vendaje,0,1,91788,F,0,,117629.0,"0,91788,",
V,T65.91,T65.92,T65.93,T65.94,-,-,,Veneno NCOC,0,1,91789,F,0,,117630.0,"0,91789,",
V,T63.91,T63.92,T63.93,T63.94,-,-- ,,"Veneno, veneno (mordedura) (picadura)",0,0,91790,F,0,,117631.0,"0,91790,",
V,T43.211,T43.212,T43.213,T43.214,T43.215,T43.216 ,,Venlafaxina,0,1,91838,F,0,,117681.0,"0,91838,",
V,T46.8X1,T46.8X2,T46.8X3,T46.8X4,T46.8X5,T46.8X6 ,,"Venosa esclerosante, fármaco NCOC",0,1,91839,F,0,,117682.0,"0,91839,",
V,,,,,, ,,Ventolin - véase Albuterol,0,1,91840,F,0,,117683.0,"0,91840,",
V,T42.3X1,T42.3X2,T42.3X3,T42.3X4,T42.3X5,T42.3X6 ,,Veramon,0,1,91841,F,0,,117684.0,"0,91841,",
V,T46.1X1,T46.1X2,T46.1X3,T46.1X4,T46.1X5,T46.1X6 ,,Verapamilo,0,1,91842,F,0,,117685.0,"0,91842,",
V,T46.5X1,T46.5X2,T46.5X3,T46.5X4,T46.5X5,T46.5X6 ,,Veratrina,0,1,91843,F,0,,117686.0,"0,91843,",
V,,,,,, ,,Veratrum,0,0,91844,F,0,,117687.0,"0,91844,",
V,T60.3X1,T60.3X2,T60.3X3,T60.3X4,-,-- ,,Verdigris,0,1,91848,F,0,,117691.0,"0,91848,",
V,T42.3X1,T42.3X2,T42.3X3,T42.3X4,T42.3X5,T42.3X6 ,,Veronal,0,1,91849,F,0,,117692.0,"0,91849,",
V,T37.4X1,T37.4X2,T37.4X3,T37.4X4,T37.4X5,T37.4X6 ,,Veroxil,0,1,91850,F,0,,117693.0,"0,91850,",
V,T50.6X1,T50.6X2,T50.6X3,T50.6X4,T50.6X5,T50.6X6 ,,Versenato,0,1,91851,F,0,,117694.0,"0,91851,",
V,T39.8X1,T39.8X2,T39.8X3,T39.8X4,T39.8X5,T39.8X6 ,,Versidina,0,1,91852,F,0,,117695.0,"0,91852,",
V,T48.0X1,T48.0X2,T48.0X3,T48.0X4,T48.0X5,T48.0X6 ,,Vetrabutina,0,1,91853,F,0,,117696.0,"0,91853,",
V,T37.5X1,T37.5X2,T37.5X3,T37.5X4,T37.5X5,T37.5X6 ,,Vidarabina,0,1,91855,F,0,,117698.0,"0,91855,",
V,,,,,, ,,Viena,0,0,91856,F,0,,117699.0,"0,91856,",
V,T42.6X1,T42.6X2,T42.6X3,T42.6X4,T42.6X5,T42.6X6 ,,Vigabatrina,0,1,91861,F,0,,117704.0,"0,91861,",
V,T43.291,T43.292,T43.293,T43.294,T43.295,T43.296 ,,Viloxacina,0,1,91862,F,0,,117705.0,"0,91862,",
V,T39.8X1,T39.8X2,T39.8X3,T39.8X4,T39.8X5,T39.8X6 ,,Viminol,0,1,91863,F,0,,117706.0,"0,91863,",
V,T42.3X1,T42.3X2,T42.3X3,T42.3X4,T42.3X5,T42.3X6 ,,"Vinbarbital, Vinbarbitona",0,1,91864,F,0,,117707.0,"0,91864,",
V,T45.1X1,T45.1X2,T45.1X3,T45.1X4,T45.1X5,T45.1X6 ,,Vinblastina,0,1,91865,F,0,,117708.0,"0,91865,",
V,T46.7X1,T46.7X2,T46.7X3,T46.7X4,T46.7X5,T46.7X6 ,,Vinburnina,0,1,91866,F,0,,117709.0,"0,91866,",
V,T45.1X1,T45.1X2,T45.1X3,T45.1X4,T45.1X5,T45.1X6 ,,Vincamina,0,1,91867,F,0,,117710.0,"0,91867,",
V,T45.1X1,T45.1X2,T45.1X3,T45.1X4,T45.1X5,T45.1X6 ,,Vincristina,0,1,91868,F,0,,117711.0,"0,91868,",
V,T45.1X1,T45.1X2,T45.1X3,T45.1X4,T45.1X5,T45.1X6 ,,Vindesina,0,1,91869,F,0,,117712.0,"0,91869,",
V,T41.0X1,T41.0X2,T41.0X3,T41.0X4,T41.0X5,T41.0X6 ,,"Vinesteno, vineteno",0,1,91870,F,0,,117713.0,"0,91870,",
V,T42.3X1,T42.3X2,T42.3X3,T42.3X4,T42.3X5,T42.3X6 ,,Vinilbital,0,1,91871,F,0,,117714.0,"0,91871,",
V,T65.891,T65.892,T65.893,T65.894,-,-- ,,"Vinilideno, cloruro de ",0,1,91872,F,0,,117715.0,"0,91872,",
V,,,,,, ,,Vinilo,0,0,91873,F,0,,117716.0,"0,91873,",
V,T45.1X1,T45.1X2,T45.1X3,T45.1X4,T45.1X5,T45.1X6 ,,"Vinorelbina, tartrato de",0,1,91879,F,0,,117722.0,"0,91879,",
V,T46.7X1,T46.7X2,T46.7X3,T46.7X4,T46.7X5,T46.7X6 ,,Vinpocetina,0,1,91880,F,0,,117723.0,"0,91880,",
V,T37.8X1,T37.8X2,T37.8X3,T37.8X4,T37.8X5,T37.8X6 ,,Vioformo,0,0,91881,F,0,,117724.0,"0,91881,",
V,T36.8X1,T36.8X2,T36.8X3,T36.8X4,T36.8X5,T36.8X6 ,,Viomicina,0,1,91883,F,0,,117726.0,"0,91883,",
V,T45.2X1,T45.2X2,T45.2X3,T45.2X4,T45.2X5,T45.2X6 ,,Viosterol,0,1,91884,F,0,,117727.0,"0,91884,",
V,T37.4X1,T37.4X2,T37.4X3,T37.4X4,T37.4X5,T37.4X6 ,,Viprinio,0,1,91885,F,0,,117728.0,"0,91885,",
V,T46.7X1,T46.7X2,T46.7X3,T46.7X4,T46.7X5,T46.7X6 ,,Viquidil,0,1,91886,F,0,,117729.0,"0,91886,",
V,T50.B91,T50.B92,T50.B93,T50.B94,T50.B95,T50.B96 ,,"Viral, vacuna NCOC",0,1,91887,F,0,,117730.0,"0,91887,",
V,T36.8X1,T36.8X2,T36.8X3,T36.8X4,T36.8X5,T36.8X6 ,,Virginiamicina,0,1,91888,F,0,,117731.0,"0,91888,",
V,T50.B11,T50.B12,T50.B13,T50.B14,T50.B15,T50.B16 ,,"Viruela, vacuna contra la ",0,1,91889,F,0,,117732.0,"0,91889,",
V,T37.5X1,T37.5X2,T37.5X3,T37.5X4,T37.5X5,T37.5X6 ,,Virugón,0,1,91890,F,0,,117733.0,"0,91890,",
V,T50.901,T50.902,T50.903,T50.904,T50.905,T50.906 ,,"Viscoso, agente ",0,1,91891,F,0,,117734.0,"0,91891,",
V,T49.5X1,T49.5X2,T49.5X3,T49.5X4,T49.5X5,T49.5X6 ,,Visina,0,1,91892,F,0,,117735.0,"0,91892,",
V,T46.3X1,T46.3X2,T46.3X3,T46.3X4,T46.3X5,T46.3X6 ,,Visnadina,0,1,91893,F,0,,117736.0,"0,91893,",
V,T45.2X1,T45.2X2,T45.2X3,T45.2X4,T45.2X5,T45.2X6,,Vitamina NCOC,0,0,91894,F,0,,117737.0,"0,91894,",
V,T49.4X1,T49.4X2,T49.4X3,T49.4X4,T49.4X5,T49.4X6 ,,"Vleminckx, solución de",0,1,91915,F,0,,117760.0,"0,91915,",
V,,,,,, ,,Voltaren - véase Diclofenaco sódico,0,1,91916,F,0,,117761.0,"0,91916,",
V,T63.091,T63.092,T63.093,T63.094,-,-- ,,Víbora (veneno),0,1,91854,F,0,,117697.0,"0,91854,",
W,T45.511,T45.512,T45.513,T45.514,T45.515,T45.516 ,,Warfarina,0,0,91917,F,0,,117762.0,"0,91917,",
W,T42.6X1,T42.6X2,T42.6X3,T42.6X4,T42.6X5,T42.6X6 ,,Welldorm,0,1,91920,F,0,,117765.0,"0,91920,",
W,T49.3X1,T49.3X2,T49.3X3,T49.3X4,T49.3X5,T49.3X6 ,,Wintergreen (aceite),0,1,91921,F,0,,117766.0,"0,91921,",
W,T62.2X1,T62.2X2,T62.2X3,T62.2X4,-,-- ,,Wisterina,0,1,91922,F,0,,117767.0,"0,91922,",
W,T48.1X1,T48.1X2,T48.1X3,T48.1X4,T48.1X5,T48.1X6 ,,Woorali,0,1,91923,F,0,,117768.0,"0,91923,",
X,T44.5X1,T44.5X2,T44.5X3,T44.5X4,T44.5X5,T44.5X6 ,,Xamoterol,0,1,91924,F,0,,117769.0,"0,91924,",
X,T50.2X1,T50.2X2,T50.2X3,T50.2X4,T50.2X5,T50.2X6 ,,"Xantina, diurético de",0,1,91925,F,0,,117770.0,"0,91925,",
X,T46.7X1,T46.7X2,T46.7X3,T46.7X4,T46.7X5,T46.7X6 ,,Xantinol nicotinato,0,1,91926,F,0,,117771.0,"0,91926,",
X,T46.7X1,T46.7X2,T46.7X3,T46.7X4,T46.7X5,T46.7X6 ,,"Xantinol, nicotinato de",0,1,91927,F,0,,117772.0,"0,91927,",
X,T36.0X1,T36.0X2,T36.0X3,T36.0X4,T36.0X5,T36.0X6 ,,Xantocilina,0,1,91928,F,0,,117773.0,"0,91928,",
X,T49.3X1,T49.3X2,T49.3X3,T49.3X4,T49.3X5,T49.3X6 ,,Xantotoxin,0,1,91929,F,0,,117774.0,"0,91929,",
X,T49.4X1,T49.4X2,T49.4X3,T49.4X4,T49.4X5,T49.4X6 ,,Xenisalate,0,1,91930,F,0,,117775.0,"0,91930,",
X,T50.8X1,T50.8X2,T50.8X3,T50.8X4,T50.8X5,T50.8X6 ,,Xenon (127Xe) (133 Xe),0,1,91931,F,0,,117776.0,"0,91931,",
X,T37.8X1,T37.8X2,T37.8X3,T37.8X4,T37.8X5,T37.8X6 ,,Xibornol,0,1,91932,F,0,,117777.0,"0,91932,",
X,T45.511,T45.512,T45.513,T45.514,T45.515,T45.516 ,,Xigris,0,1,91933,F,0,,117778.0,"0,91933,",
X,T52.2X1,T52.2X2,T52.2X3,T52.2X4,-,-- ,,Xileno (emanaciones),0,1,91934,F,0,,117779.0,"0,91934,",
X,T41.3X1,T41.3X2,T41.3X3,T41.3X4,T41.3X5,T41.3X6 ,,Xilocaína (infiltración) (tópico),0,0,91935,F,0,,117780.0,"0,91935,",
X,T52.2X1,T52.2X2,T52.2X3,T52.2X4,-,-- ,,Xilol (emanaciones),0,1,91938,F,0,,117783.0,"0,91938,",
X,T48.5X1,T48.5X2,T48.5X3,T48.5X4,T48.5X5,T48.5X6 ,,Xilometazolina,0,1,91939,F,0,,117784.0,"0,91939,",
X,T50.2X1,T50.2X2,T50.2X3,T50.2X4,T50.2X5,T50.2X6 ,,Xipamida,0,1,91940,F,0,,117785.0,"0,91940,",
Y,T49.3X1,T49.3X2,T49.3X3,T49.3X4,T49.3X5,T49.3X6 ,,"Yeso, vendaje",0,1,91941,F,0,,117786.0,"0,91941,",
Y,T50.8X1,T50.8X2,T50.8X3,T50.8X4,T50.8X5,T50.8X6 ,,Yodada (semilla de amapola) de aceite,0,1,91942,F,0,,117787.0,"0,91942,",
Y,,,,,, ,,Yodado,0,0,91943,F,0,,117788.0,"0,91943,",
Y,T48.4X1,T48.4X2,T48.4X3,T48.4X4,T48.4X5,T48.4X6 ,,"Yodado, glicerol",0,1,91947,F,0,,117792.0,"0,91947,",
Y,T48.4X1,T48.4X2,T48.4X3,T48.4X4,T48.4X5,T48.4X6,,"Yodhídrico, ácido",0,1,91948,F,0,,117793.0,"0,91948,",
Y,T49.0X1,T49.0X2,T49.0X3,T49.0X4,T49.0X5,T49.0X6 ,,Yodo (antiséptico externo) (tinte) NCOC,0,0,91949,F,0,,117794.0,"0,91949,",
Y,T37.8X1,T37.8X2,T37.8X3,T37.8X4,T37.8X5,T37.8X6 ,,Yodobismitol,0,1,91958,F,0,,117803.0,"0,91958,",
Y,T37.8X1,T37.8X2,T37.8X3,T37.8X4,T37.8X5,T37.8X6 ,,Yodoclorhidroxiquina,0,0,91959,F,0,,117804.0,"0,91959,",
Y,T37.8X1,T37.8X2,T37.8X3,T37.8X4,T37.8X5,T37.8X6 ,,Yodoclorhidroxiquinolona,0,1,91961,F,0,,117806.0,"0,91961,",
Y,T49.0X1,T49.0X2,T49.0X3,T49.0X4,T49.0X5,T49.0X6 ,,Yodoformo,0,1,91962,F,0,,117807.0,"0,91962,",
Y,T50.8X1,T50.8X2,T50.8X3,T50.8X4,T50.8X5,T50.8X6 ,,Yodoftaleína (sodio),0,1,91963,F,0,,117808.0,"0,91963,",
Y,T50.8X1,T50.8X2,T50.8X3,T50.8X4,T50.8X5,T50.8X6 ,,"Yodohipúrico, ácido",0,1,91964,F,0,,117809.0,"0,91964,",
Y,T50.8X1,T50.8X2,T50.8X3,T50.8X4,T50.8X5,T50.8X6 ,,Yodoholesterol (131I),0,1,91965,F,0,,117810.0,"0,91965,",
Y,T50.8X1,T50.8X2,T50.8X3,T50.8X4,T50.8X5,T50.8X6 ,,Yodopamida,0,1,91966,F,0,,117811.0,"0,91966,",
Y,T50.8X1,T50.8X2,T50.8X3,T50.8X4,T50.8X5,T50.8X6 ,,"Yodopanoico, ácido",0,1,91967,F,0,,117812.0,"0,91967,",
Y,T37.8X1,T37.8X2,T37.8X3,T37.8X4,T37.8X5,T37.8X6 ,,Yodoquinol,0,1,91968,F,0,,117813.0,"0,91968,",
Y,T50.8X1,T50.8X2,T50.8X3,T50.8X4,T50.8X5,T50.8X6 ,,"Yodoxámico, ácido ",0,1,91969,F,0,,117814.0,"0,91969,",
Y,T49.0X1,T49.0X2,T49.0X3,T49.0X4,T49.0X5,T49.0X6 ,,Yoduro NCOC - véase además Yodo,0,0,91970,F,0,,117815.0,"0,91970,",
Y,T50.8X1,T50.8X2,T50.8X3,T50.8X4,T50.8X5,T50.8X6 ,,Yofendilato,0,1,91974,F,0,,117819.0,"0,91974,",
Y,T50.8X1,T50.8X2,T50.8X3,T50.8X4,T50.8X5,T50.8X6 ,,"Yoglicámico, ácido ",0,1,91975,F,0,,117820.0,"0,91975,",
Y,T40.991,T40.992,T40.993,T40.994,T40.995,T40.996 ,,"Yohímbico, ácido",0,1,91976,F,0,,117821.0,"0,91976,",
Z,T39.8X1,T39.8X2,T39.8X3,T39.8X4,T39.8X5,T39.8X6 ,,Zactano,0,1,91977,F,0,,117822.0,"0,91977,",
Z,T37.5X1,T37.5X2,T37.5X3,T37.5X4,T37.5X5,T37.5X6 ,,Zalcitabina,0,1,91978,F,0,,117823.0,"0,91978,",
Z,T50.2X1,T50.2X2,T50.2X3,T50.2X4,T50.2X5,T50.2X6 ,,Zaroxolín,0,1,91979,F,0,,117824.0,"0,91979,",
Z,T49.0X1,T49.0X2,T49.0X3,T49.0X4,T49.0X5,T49.0X6 ,,Zefirán (tópico),0,0,91980,F,0,,117825.0,"0,91980,",
Z,T38.7X1,T38.7X2,T38.7X3,T38.7X4,T38.7X5,T38.7X6 ,,Zeranol,0,1,91982,F,0,,117827.0,"0,91982,",
Z,T51.1X1,T51.1X2,T51.1X3,T51.1X4,-,-- ,,Zerone,0,1,91983,F,0,,117828.0,"0,91983,",
Z,T37.5X1,T37.5X2,T37.5X3,T37.5X4,T37.5X5,T37.5X6 ,,Zidovudina,0,1,91984,F,0,,117829.0,"0,91984,",
Z,T56.5X1,T56.5X2,T56.5X3,T56.5X4,-,-- ,,Zinc (compuestos) (humos) (emanaciones) NCOC,0,0,91985,F,0,,117830.0,"0,91985,",
Z,T60.0X1,T60.0X2,T60.0X3,T60.0X4,-,-- ,,Zineb,0,1,92004,F,0,,117849.0,"0,92004,",
Z,T45.1X1,T45.1X2,T45.1X3,T45.1X4,T45.1X5,T45.1X6 ,,Zinostatin,0,1,92005,F,0,,117850.0,"0,92005,",
Z,T48.3X1,T48.3X2,T48.3X3,T48.3X4,T48.3X5,T48.3X6 ,,Zipeprol,0,1,92006,F,0,,117851.0,"0,92006,",
Z,T46.4X1,T46.4X2,T46.4X3,T46.4X4,T46.4X5,T46.4X6 ,,Zofenopril,0,1,92007,F,0,,117852.0,"0,92007,",
Z,T42.6X1,T42.6X2,T42.6X3,T42.6X4,T42.6X5,T42.6X6 ,,Zolpidem,0,1,92008,F,0,,117853.0,"0,92008,",
Z,T39.391,T39.392,T39.393,T39.394,T39.395,T39.396 ,,Zomepirac,0,1,92009,F,0,,117854.0,"0,92009,",
Z,T42.6X1,T42.6X2,T42.6X3,T42.6X4,T42.6X5,T42.6X6 ,,Zopiclona,0,1,92010,F,0,,117855.0,"0,92010,",
Z,T45.1X1,T45.1X2,T45.1X3,T45.1X4,T45.1X5,T45.1X6 ,,Zorubicina,0,1,92011,F,0,,117856.0,"0,92011,",
Z,T43.591,T43.592,T43.593,T43.594,T43.595,T43.596 ,,Zotepina,0,1,92012,F,0,,117857.0,"0,92012,",
Z,T45.511,T45.512,T45.513,T45.514,T45.515,T45.516 ,,Zovant,0,1,92013,F,0,,117858.0,"0,92013,",
Z,T42.8X1,T42.8X2,T42.8X3,T42.8X4,T42.8X5,T42.8X6 ,,Zoxazolamina,0,1,92014,F,0,,117859.0,"0,92014,",
D,T40.991,T40.992,T40.993,T40.994,T40.995,T40.996 ,,"diego de día, semillas",0,1,87020,F,0,,112806.0,"0,87020,",
H,T40.2X1,T40.2X2,T40.2X3,T40.2X4,T40.2X5,T40.2X6 ,,hidromorfona,0,1,88425,F,0,,114224.0,"0,88425,",
H,T38.891,T38.892,T38.893,T38.894,T38.895,T38.896 ,,hormona placentaria,0,1,88511,F,0,,114311.0,"0,88511,",
L,T49.3X1,T49.3X2,T49.3X3,T49.3X4,T49.3X5,T49.3X6 ,,luz ultravioleta protector,0,1,88979,F,0,,114793.0,"0,88979,",
P,T49.2X1,T49.2X2,T49.2X3,T49.2X4,T49.2X5,T49.2X6 ,,pHisoHex,0,1,90083,F,0,,115905.0,"0,90083,",
